362d7eee-5d5e-4de0-a74f-67a56847fd2b,dc8a5bac-48dd-4803-90df-b54865b0485c
d6daf014-98c0-4157-9f02-4022717e2f22,82c58c63-9631-4ade-8c56-c23a4f5d6745
f06f8fcc-964b-48d2-8b6f-dbc19ac87a2d,94119a67-049f-4670-81c0-2b08be707153
1d7a3e9f-f489-4c2b-9229-1b2a7b4220d7,a3d9c6fe-8e2b-48f6-99bc-016a42b5ebdb
67b9ac45-5082-416c-a5ca-2fe0b0bfdf13,6b8dc2be-54d2-4822-a7de-42a9481ca3b1
85aaa419-3dbd-415e-b0be-c0ae55a96cd2,6c12aba7-6810-473a-8aff-6f4ff755c3f7
e8147c80-b96c-4a71-8712-c26ca18a32c2,c84dcc97-7a3f-4913-8411-9fd274428ac7
44364f51-3996-4077-898a-fe9f357ad86a,0353f489-1622-417a-af2a-39c81a75fec0
5a235efa-15f6-4cee-90c1-6f4895da0adc,d4b61fd2-6170-46f6-a8f9-cb416a97c827
40a813b9-6e1b-4a0c-abb7-86d00b10af6e,23571202-946c-4e71-b989-07cd3d8e5e5e
87324f8b-958b-4167-86b1-2e6bec22a4f3,c5105181-1ae8-48f1-92d7-40d7390e0dae
59f6534f-646b-4849-acf9-9476aaeff5b7,55f3cf74-e545-48f4-9499-54cdfdce6ba8
105527b2-a950-4776-9686-550402fecfef,151529b1-c972-48c3-840c-e8fcfb68bcbb
3828ca94-fd2a-4c30-977b-4cd10552954c,c2eb990f-ef64-47f0-850d-c97489122b49
81b092e5-10a7-4fb2-8d67-08907c7078f0,9dd3f9f6-ec83-4189-a4dd-5c708cd1722a
6cf53dc6-8866-4255-8cb0-54c6832cf7d3,c237fd95-22bb-453a-9009-e19e2d3119d2
f45c1a23-7d48-4fee-940e-f1c2e1ec9e82,fd8c3cb0-3f7b-4b5f-9300-7ca35ac4ce66
54809bbb-7456-4da7-9c63-f46dd352c23c,35b883e1-4fd1-486a-b803-4a3b33ff3751
bea5f5b0-9ddd-4e18-a695-f7825f6b1b2d,219d7ada-08d7-4ff2-9eeb-c99c771f7794
1dff7c76-3d6d-4fd9-ad19-2a761f99d842,af387d5c-210c-4263-8357-16fe0b4ac46c
989b9de7-3907-40ed-9517-2c5d58d8f01c,9ae1d96f-de8e-4e51-b3bc-4db4a5a366ef
3829d74c-7bf4-484e-b61d-3793a558ce8b,a356acb8-287f-4ce0-a04e-2280c2136864
278f09b1-ab02-4cce-9a4d-7a9e8c76dec4,62ce6d5f-2a94-4e14-a5f5-60ebfeb3ae30
b9c48df0-1734-463f-a33e-4eb0198cb421,00625314-8c65-4487-afa4-19121fce41b8
03dcb86f-a2ad-4bd6-8bf7-e1f67c65bd0e,f581f41d-df00-44b4-ac18-6cb3d63e426b
f142b15c-8a3b-4708-9c9f-884e4031cc50,a449e359-1057-4401-a20f-7c0a95aef232
ec3b75e4-474d-4a01-8420-802557808a43,9423d817-b813-41c8-8203-be9ad5be76fd
d4c8b3b0-0b37-4ff5-9890-5236f81ad57b,5bc8e931-42b2-405f-942c-f161c3903e26
903eb24c-c91b-4f35-9824-4c42e74e459d,32716d37-c37d-4ca2-aa8b-11568547f400
2a00df80-e1a1-4854-ac37-c20a51223b6a,55259b04-281b-4a05-87a1-5bdd1d4ce8c0
8eec929c-2e90-42ea-b421-d57016db7690,597fee4d-3664-4615-ad51-a08d9b03f018
1e0d0d75-c1b3-452a-8e83-c31394ada048,a06383a2-050a-4f86-bef2-e4b81229920d
2f89bc2a-c2ce-43a0-b0fb-0d431e225985,6766c1ff-5e93-4791-93fe-4c586367ff6d
a7ebb5b2-ebec-44fa-b1af-c9f4f799cd8d,7011e2d0-b7d8-4e97-9dad-8fc3fe940be4
9f7ffd6f-2c09-4f02-9732-7da86138c366,0688cffb-2cfc-4232-8658-7fd39c49ec88
c5ead615-95d3-41a6-957c-3b3549d94b4c,62e708c8-982d-4483-a0dc-bf4a88a4dd52
7d739fa9-da24-463f-94f7-4319e6af23e5,800fc74b-2823-48ef-86fd-316957b69c90
014cce56-a7bb-4636-b28e-f66c6756fead,75693368-2d24-431b-8157-8134da436eea
fba98d5d-420f-4ef7-8b98-99a0277c9c30,9edca9fe-2d82-49e1-88de-e93642145419
f7d45a72-25d6-43d6-9c70-c54a93babe5d,58571cad-3644-4d7c-b0d9-bd04aabac71e
d81bc6a2-cf59-4f95-b53d-90ac15e96626,38e75887-ba2d-490b-b91f-990d08a30fe5
64bacb89-4114-4145-ab45-5020fbd2f73a,827e8d1d-d26f-469d-a430-386608594ac2
e8584de4-6d95-45d6-ac3e-03e1f7330004,1867cd6a-ebcf-4e40-bb6d-c0c4def636ad
59a6ac49-fc1c-4d54-88f1-83960a084e05,3b2b3cf6-5299-444a-933e-80d975b1e9bf
a91aadd9-6bb1-459d-ae3c-e76136b81a29,7c532e76-ff59-4557-97a2-b6c15921ee2c
82d76bef-5472-48ee-81b3-51b78751ef3c,ec465c6e-b69d-44a4-a2f5-6e1fea8e6a71
002c2cff-f6b1-4a62-bfbc-c830ce57a055,05437df9-ad29-4137-ae2c-afe1f969955d
5877bfea-adfb-446f-9400-dbf25257d762,88545bcf-9d60-4298-8c6a-cb6e83cd88c1
3d834d9f-3659-4a2b-9d12-65305777a003,93da8e26-03d9-4297-bb91-67a4f7e35939
b3c52b29-facf-421f-bb76-038c7df32dd6,1ed21a14-ee4c-4cb4-9735-c8a7387fb2ef
075fdc02-0748-4749-828a-c1420c8e5c51,9612dffc-120b-4d24-84b3-661def635ae9
32f24212-d057-4d78-ab3d-4d60b2ec46aa,7dc0ad40-a755-42f5-9ca1-9f05aed2418e
b6566dd8-1ce2-4003-9cd8-9a66a5be11f2,b49c823b-6dd5-4427-91e0-d426884bf88a
3746fd4b-cc6e-421f-99af-e665cc4002d2,8dcd99be-914b-4688-b05a-3374bec79820
f274ddae-296e-47e3-8c8f-1740f3d0bfce,9ca0265e-99ae-4958-ac0e-1a553d14ec64
cb5dbbcc-a747-49b7-9a9a-423ffc76aadd,273745c4-61c9-4274-899a-a7590323af9a
e942a50b-dffc-40a2-a6d6-18892ca5961a,4f33ccfa-9011-49db-84f4-fbeeb550c9b6
ee7a53ca-50db-4258-86fd-25f1b967bc1a,a2b3e160-e233-4394-a637-449306fbe137
49e70258-ddef-41f9-b95d-815bc2426292,9ac5227b-a97f-4360-956e-8d8d0514879f
900008f2-e426-41eb-8a42-67906199614f,e7aa247b-7f24-4a75-8505-5ce89853c01a
7fea830b-8675-4b24-ad07-b19bec03cf39,58031c77-edca-406c-aacc-5a46be6b933e
1320d642-3a87-45f4-82a5-e1e29050ab12,3d4ea96c-c298-4e64-82cf-3af8a043a563
c63db6ad-cec7-4732-87d1-eac53c236799,6e500ce1-016a-4782-a750-7eaa969be69d
675023be-4ff6-43f0-b47e-7b24f15843c4,ea7367e4-9c78-4a2c-bed5-2c0953ef6a6e
f92f5cb0-d230-4da6-a1b7-b8ed9e5f8f03,21073bb7-fa7b-4eb4-8647-7c63f5b23e99
7a73b03b-f557-4835-a134-5d4e2a34cf9d,8cd3f36c-51d7-4b59-b5aa-f624f994e6bd
b4428490-a046-4949-9eeb-18c12bf57d79,5fc07d0e-52c4-489a-9110-da2ec8858fc4
97e7bc2d-087a-4e9a-9b12-2fdb282a5ecb,e11bb1fa-c3a4-4907-8663-6a3b703afede
57659c88-ae20-4bbc-8a6c-5d86588cd2ac,8fe01f55-44b6-4c4e-ac32-7bef2d63bcbe
49837827-5696-4790-9c7b-380a85ed8cc8,23ade08c-4382-4e5d-9158-15a413e9956b
8a0e9ed5-680c-45fa-ba16-d0227c1b868a,328e51c0-21e6-4825-be94-33f83d7037b6
15f7ee7e-ae14-4d3f-a6e3-d3c81042ea15,339b9482-6696-4251-9034-507a220c8946
91fa61c6-53cb-45ff-8ff2-65a3161fd70c,d4fe72ba-cdf5-4c89-821f-239b6d4de5de
84c2d026-1bab-4279-b425-17d0fd5d0b9e,a3be315b-4528-43d5-9d9d-7f3d68f821da
084e63fe-42ed-45f7-b6c0-1f3ad782d293,c5c40775-20ec-4edf-b68c-ac19bc31d4bd
17d47a4a-015e-4cb9-b643-4bdf734cc5dc,368a2458-6007-426f-ab03-322c36371297
f4690ab8-9bd4-4e1f-8440-05add7a0e778,dbb8a1a7-87d2-4963-a17a-a4c520922735
aef32945-d330-4a08-9d02-25d4cecebd9e,38fb51e6-31f4-4fae-871c-b07becfcf37c
c84c3f8b-de9f-414c-af00-ff7cec299015,5cc8e2b2-8c24-4a45-b9e6-0219dd693b0d
940f9c73-3c2c-429e-8a46-740d2c236688,8880bf51-fa26-48e7-a447-074aeb6ba247
97ed4b29-f19e-419b-9520-ea04bc5f8577,49d6d9e1-4d6a-4f81-a142-d6b2ebe2150e
357525cd-0141-4d50-91f5-6940cd851a7a,66510bb1-7f1e-41cc-b5a4-db564fec9b0d
c1912e8e-c20e-4559-bfad-69cc3ffdb67d,385c2496-bbc9-4daa-8d68-4e6e57660604
69632dba-1f9b-49da-85f9-cfb4ff5f86e2,f0663074-c191-4485-8c00-945170f76cdc
5e0a1a8d-3d58-44bf-bd7c-3464b197894c,7e90c94b-8c68-4e9b-aa25-ee44ace0418c
7f7d6574-b5e3-41c8-82c9-1c64fb4d2844,abdd7332-ff65-4946-99ad-675921aa3318
ea16b8ed-b7b9-4e8a-8bb9-bbc365108a6c,d8f727e1-5d80-4db1-8357-48fc681ad658
1141dead-10e5-4963-9be0-d83951c50b70,3a3bbd08-4b65-45c3-b380-74de65890859
2133327d-0cc3-490d-bd37-4128684ab814,0fd4836e-c394-4fff-b90d-6bf03b877208
ef09ba2d-2c4c-4d96-b7ac-c8532601a403,65c42a4d-9272-41ab-a29c-6d4bde96e2e7
547201d5-5f74-484a-ad1f-2015466066fe,34aedd8e-cf92-402a-9894-cc67346851a8
5e4d18a9-2e21-4333-bbfc-7ef84874b9d1,1459fe2a-95d4-415f-ab97-d4f4279b6e9a
5c0eeeb5-77c7-4f7e-a813-244426c13eea,4d8146f5-82d1-4164-998a-902a87f71297
7b17692f-c8f9-48d8-a1e8-616acb049639,d3ae9201-cf0b-4a00-af9e-812a74db5dca
d388b7e2-ec06-4263-8269-290ffa417908,6d221ff9-be98-4901-a3a5-6e4e35e2a04d
1887ba97-5081-4cca-b178-3e6a61a5da50,8e3f3a80-3d08-4db6-9bb1-6608833efafd
beb51f43-c09b-4693-ba57-3a3d750c2ff5,3fcad01d-de97-4179-977a-b4edd45c07d7
7a6590e2-daf2-418c-a7db-58745f4e8942,00fdb816-749d-4da0-8027-fa46bd4ea95d
804a6451-939f-4313-8729-26e2567b2ee4,5a4a8902-4c40-4872-b35e-c48f9af926c0
b0477cb1-70f7-4b07-a854-e320a263e596,a36baea7-3bff-4ce1-a230-93d7d611bea4
45ddb621-ac66-47bc-8778-a0de1ffe728b,84a81dbf-513d-4203-9e99-05c59328f8fe
dbca6500-6ca0-42bf-8e36-646fcf93e383,e417e818-2b54-4c45-9dbb-803e97a298d2
88e096d9-9620-480c-a59d-7b14abb327da,f49637ac-0915-462c-8b5d-51c1128a84fd
a558bc1f-d965-4c36-afb2-c8c392cf154e,037c396a-5024-4ef9-a795-d60d18eeb496
b0936f3d-cf11-452b-b0a1-20511eeb1158,f7a99e38-bbe4-449d-883a-9dd5a709517d
6e3bcde4-a2f3-4b12-b882-ea6501743cfa,07680487-7b64-4355-9a0e-cae28eb06802
bda9b41e-7393-43d6-a898-bd6ea08fceeb,974d3ab6-d6df-481f-931b-31bd253c9784
f50e0fa7-0b47-4ee0-a93f-3153f36c1de3,d0f173ae-b762-46a6-902f-a3975b322261
4754b0f4-8008-42a2-921b-6a1545610df3,b9700530-9df8-442e-a4a4-b3ad9dd9ba52
86d8aa1f-07b1-4d6f-9de9-f67dba4290ee,8efaaf06-b5ca-4ed8-9e5c-18b79042ac83
2d6f637e-5b98-4680-bd65-3ec6460afa29,d9f02d93-d5f1-48d1-8a01-66489dae052d
42870f7b-d896-4219-aa36-d2cf2c84ae05,44133451-72c8-4799-b2b6-77a34619e4e4
cb0501f1-b8d7-42da-bb9c-728dc54a5cdd,39df17c9-fbbb-486c-9d39-655a805ed333
36015711-67d9-4d25-a9e4-ab4c52d5dd86,0dae4d6c-4d9b-4ff4-836e-936bde293ca2
63794c78-5355-4fd9-a6cd-ca35af8f2711,fecbe6b4-5224-4f95-ba98-247e1f89bcae
ea5dbad8-883b-40ff-a136-3cca41d57c73,01a7d08d-4366-45fd-ac01-6ec3b16209f5
1ae1e9cb-45e1-45f8-8d65-ef12ae004a41,def23370-8780-4521-8c55-91cda6083fda
ce0d77df-cef9-4520-933e-4a55f548192e,58a4e136-fcfb-4503-949c-a20e87d06d2b
5c8b6faf-8dc5-4197-96bf-90b28f6ebec2,0ae87355-bc2f-4992-a365-1e919e18a0ce
d5c84787-bac0-49f6-be2a-9fbcc9b3af0f,2f9d8d9d-8fb4-4a79-a6b7-206200f63cee
e24b6a0d-95b4-4d62-8fb5-62dc8948ebc2,6fe3223a-c38b-498d-a2eb-4d00a2b3a9a7
da7c6039-bc21-4aed-bef8-6795b9d89fad,d0e83aae-2ed7-4534-a866-600d0438c0ac
abe47cd4-a614-458a-9485-3ef3ee4eb14e,2376b559-2784-459b-8668-d92179a8dc24
4a3d4c9a-fbf3-4a3b-985c-f2758933061e,7ab875ab-f5ed-4fa1-a77c-fbf7cd14be1d
0e598f5c-b335-4ee0-8d23-bcf3715603e4,a25450ac-a111-4f87-b6e7-27118839287b
8ab7c5f1-f52a-4d40-887d-aa9d9e6ae9e1,3f0eae63-8a9f-4233-b404-802a35161815
1a994401-7b90-43da-9c74-43f9fc77f55c,821e2054-3cb9-4ce3-8897-2aad6940ce0d
ccb6a6aa-bb27-452e-8546-1c29b6cc3e9f,551bd70f-b5e2-406b-897a-ed415d1b7233
ff0d27a2-98cb-4499-b057-76f5a3f1ea4a,66b51ab2-ab2a-4f7b-8ad1-cac5c238a52b
09ae1699-1994-466c-89d7-4666190eb406,4c94d6b4-754d-4d0b-a83f-4f461bccc718
e880d5e9-7791-44dc-8191-4afca2706d33,54d98a63-0e27-4010-84c7-c305b421d6b6
64c64e93-648f-47d6-afca-4982f04441d5,f5526674-dc3e-4915-a060-ed457a3be75d
8b85932a-c01d-431f-a910-f531ee81177c,76d95af8-d743-432a-bbe0-69ff3b329227
93d6daec-5ddd-4ff3-b01e-c40d65c4f605,9304e48f-6edf-4a65-a39c-29f66ab72838
6ce46d35-cc15-412f-b20b-0d2c0e6d530e,2fd6464d-59ef-4ed5-8564-df025dafd3e8
f68c4146-c7f5-424e-86a8-52651dcb90b8,8195b34c-15ac-49e8-bccb-e91afcb77960
bf50b90d-074e-4e3f-a7d4-8735df578ba7,0dda500b-bbe3-4995-9678-5513e146b5eb
19f6616c-25e4-4c50-aabb-a3b4825ee36c,68d137cd-0191-4b37-8cd5-bdd6bedaa5e4
572dcc1c-7ad4-475f-9726-c6f72ebf1dd5,7892425a-458a-4099-91a2-252fc831c548
d357574b-b5ab-414d-80a5-b02bd26080cd,4f689c78-b661-4b4a-b1cf-e5c060ac045a
9ea8b7ce-5594-4da2-a223-e149b540544f,bb79110a-04ea-4bc2-becf-d3cb3e899bb0
73dc3fc9-2a72-4bd0-801d-97c2ecaffecc,d77b2504-cf81-4bfb-ad5d-93716043ce04
df003b16-7dff-4ba9-9b2b-a066080fb97d,a38a75e4-005a-4b57-bb00-7d78f083673c
0dbc3224-841b-48f2-a003-5361f2e2ca95,c4643ff9-bbd4-4443-9bbf-e770524964db
e3d93015-8a59-4855-8828-65e2a048b99d,fb3169a8-cf9f-47d4-8d05-b6755febd6a1
ef66ffed-3028-468a-bf6f-8728773881be,bcd31842-6ef0-48f2-b229-3f3fc818d223
830bafd7-da5b-4fa6-aeaf-d6709ef0d286,6fd95752-546e-4486-aaaf-da37a36ea9aa
3d6217dd-333f-4312-82a6-763bbc0984b2,faa53fbf-1fb5-44de-b993-dfac426fcdd7
32fe1044-00df-4cf6-9a5c-c8420462786a,bb1feb3c-ced2-49bd-948d-379283a9e87d
d9d674fe-447d-4384-935f-89ee22c75850,e8300c98-2f95-4bd4-8d46-06218c021ad0
4b69bf3a-cb45-49c3-a753-79fedaae8676,978691f0-a815-43d8-8437-f009bf6f6953
673b320a-9190-4856-b208-1e303f707b99,3b6e6f73-dd1b-4f4e-abd8-5aa19fe1015a
fe2a6667-2e8e-44ea-8b4b-85aa5763798e,69a989c9-2eec-44db-9d3f-e7d25553f734
c20a8e94-bc3f-408f-9df9-5f12bdc973f7,114798fc-9e45-4377-a487-def4d867e749
f74a05c4-7298-4e5c-b8aa-ac3cfa219c13,b3f787ba-f026-4069-82c3-05325c1f6654
548d2c3f-aead-40e4-9787-95192aa9ece4,0c1beb04-0d42-495d-ac6c-7b7c94ffbe72
98775b0d-06a3-41f8-8a8b-3911769cf805,a39143aa-4229-4f7d-a5c2-e504582dd4d1
bc4f92d9-5611-4bff-bc98-ae07f6add728,872cd6b9-abb4-4e19-8d0d-9664c0691443
866335c4-d5d1-4092-8b88-357bdded41bf,e18e0fc9-0f1b-4d68-b4a2-e4fea72ed3be
6ca9be21-03b6-4556-a6bc-0a4593b61e4e,820bd1bb-e25e-41d0-b763-b96a9189e7b0
8b55d6fa-e14c-4e68-9770-b65c81b69517,c4de4fd4-9ac8-4154-b50a-d5049e97d947
1bb2fe37-635c-4b88-85a2-cd3f478e0e0b,f6d0e89d-98a2-4264-952e-a21d02892932
53dc52de-f884-4ad6-9c6d-8950155a561d,b8c94447-7608-4189-b829-f85eb6b351b0
50600e6a-fc13-479b-906e-a2a8c55318f2,2817b648-90ec-450b-b253-7f61c14ad71a
86155b75-98fb-4a25-b28c-3c3b99f133a0,1cd5d444-e8ae-426a-b6fe-6655780a2fa7
ed45b969-4180-4697-8e51-c1a3ee1c735c,14c4a591-7ec2-4381-887b-fa440d468359
3755caf0-94c1-4657-a15e-d18ec6adc0c7,ad0f4b7f-dbef-472b-af5b-e401e972594b
8e3fa0e0-2f6c-477f-8a63-dccd3b96af20,3ae08fab-17fc-4526-86b0-16fb322a9270
148eebed-e496-412e-b73e-c1643488fbb0,e9c9eebb-30e8-4d33-a081-3ebcdb39f95e
04991703-60f3-4994-9913-3791d380412c,13c1b56b-3260-4bcd-9063-a47e816780e1
ac602e45-4451-4e3a-862a-10e77ed18fea,78fd29a0-cd90-4340-9e5f-c07ecf9390d4
db7c13a0-285c-4b17-9de4-3d8f569f1511,c3db2167-b3d0-4fe8-b45f-f8efb0d44c70
0839eee5-fa8b-48c8-b1a4-4ab4ebb0cdc5,307f1692-7e9c-4387-aea3-b15533814561
822464c6-e554-4055-83e4-950e6a5529f7,43ca3b5f-caa5-4bf9-b37f-909cb19f1897
ec8c9de7-b45b-45e6-bcbc-8b7ec0ea7fa7,ce1aa5d1-778f-479f-9b75-475fa61eb360
198e9520-79f8-44d3-8ea4-7852a8d64005,892a6279-19f6-49a6-8cd1-b2301c6e6ab0
6c4cf2a1-c9b3-4a84-a6f1-e72e61435f6d,d6e398dd-48e7-4d15-9d77-c63bf6a4109f
928e3cf5-1f44-4378-aa70-78cc21387417,09c9d09c-3e08-404b-8516-3f09f532a901
4fb33b91-eb13-4a63-8a58-ee7183e90262,5f09c944-b131-4173-8588-0668b37fe5d6
60c03e70-4142-4478-b87e-4ca6a10306db,fac9d715-1a32-4c8f-afc8-d099ac7141de
bc3d23b3-2f02-4aa6-b53b-0382dc5ac03d,2ffe91af-d97f-496d-bfc9-dba54ab95c14
5ba6ed50-447a-4523-b432-d1bda31c571e,3e9d1139-1044-4a29-b791-ba61466a6843
2a31fa3c-685e-4516-a188-6045e7fb4b7f,0b7a959d-0e26-42ed-aecd-da6303492a94
baa61bf5-bdd6-4597-8123-b7e68a0734a8,d258f4de-d496-4b00-9bdc-32542c4f8b70
4c3912c4-6094-44d5-9188-37094e78f266,3c08ad1c-edc3-4b38-96e0-66cfa0a3ba09
2c0ef91f-695c-4775-9c7c-e718af24054a,07908960-fad5-4c30-9858-94590d87437b
a74b6547-0448-45c6-9cc4-356436d5a90e,bdf5dd1c-5b95-470c-a5f1-32d3b4ad3ec2
0f823437-d33b-43ca-b70a-ed4935e4e519,50a73f67-7820-47ee-8d8a-ab2fdb267ac2
6987a66d-6d34-477c-b07c-3120abff089e,77f8f8c7-4968-415b-9f4a-7694d2791e04
3d0da5ce-0373-44ab-a6ac-5a86fcfa0598,0794540c-1760-44fd-83fd-1edf00900db0
ebfc4a8b-9059-458c-a898-50d6851edb31,8f488792-3d23-4035-916f-0c22ebaf9dca
0be0007d-2cf4-4de5-b5ba-92f84f1461a1,17702414-6162-4622-aba2-1c4045463a1c
d740596e-1fce-481c-85da-6ea80d3ffb7d,8d7a182f-857f-4c78-a7d9-426415c3c7ba
5dc818bd-383c-4a82-8c73-f9896bd98dbd,45a803bf-dd3e-4a9d-8a08-9c0035833f40
ac2e42e6-0e0a-4e63-9bd9-92b4b37eb4a2,2cb554cc-e0e3-47a9-b35a-95fbc50c6ad6
b332cf9f-1158-43f2-b304-c0e459db4346,7d5280aa-d503-4595-b660-0e8603280e07
3c32a380-ed0b-4465-8783-51882c189e08,ba45cd9f-b798-4e1e-ab9a-82ff3c5b0ffc
281604f6-f006-44eb-a2ab-035165e28358,9cd0018b-399c-488f-8135-0260ce2a2b9c
10498960-dab9-4568-a1ad-6e82c7ce0ee6,2ad1ab97-9429-41f2-8cca-a617c9359bba
10a59913-aad9-4276-8db8-a66b68b6843b,00dcade5-a9d1-461c-9fd2-e1e2def4f660
