"00470700-8f67-4b7e-a5c4-eed3385f9bc4",
"00739d44-2194-4a44-af71-301b86dc17da",
"0109baca-711f-418e-b214-ed8da10e661d",
"0138f9e8-0a93-4e9c-9099-c607048ed78d",
"014cd6fa-a0ce-454f-8b6d-b5761184c1fa",
"015ac1b3-7eef-41f8-a5b4-03fb94c6de94",
"019809a4-0c34-4d9c-8e24-1ce7324af72d",
"01ef7ddd-97f7-45bb-92e8-d1a2818bcf7e",
"01f020e4-ada0-4338-9a41-28503a9cb34d",
"0251413f-d85b-4b23-aa8b-67f96a5c9948",
"02af169a-95c4-4eff-9f99-827ef206b731",
"02c1d520-bef8-4b50-8d5b-c2efc8fbbe2c",
"02f60c1b-c20d-441e-8e0c-d4305accd326",
"03157e20-ac31-4c84-8e34-c4fa2757353b",
"031ccc33-e2d1-4cdc-979f-b6e21f78a0ed",
"03387ee9-36fa-477e-a37b-6720abaef1b6",
"039c1042-f787-4b91-a735-d4e9f14e9bb3",
"04087348-e2cf-4dbb-820c-9386bc96dd09",
"044be803-e695-4392-a570-1ed3128f1b8b",
"049cd557-cea6-47c0-afd6-c96443755632",
"04c5e2d8-07dc-4702-9d55-ad6723fb518e",
"04c8fad4-bc2c-4b33-be41-af7e224fa40a",
"04fe71a7-fd8a-4ce4-8eca-350c704ad2ca",
"052b2d15-1c86-430f-b3b5-0fe561d53a17",
"053aeac2-21ab-4fd0-ac36-0cacfc207e43",
"0683cd07-d0c9-417c-a56a-42d870a783cd",
"069a0861-40ef-499b-b9ab-91068ae8534e",
"06f1df75-329c-437b-94a0-cd2ff67ada74",
"070944a4-d22e-48ea-8324-cc05ecb5a34c",
"07284e7f-8ba1-4fc8-8a99-f02f121287a2"