"00009a0b-e973-443b-9796-c3373a352f86",
"00013259-9863-4259-910f-0d7ce90ff338",
"00017996-3315-4c35-a190-9ba05d845295",
"00020880-4d98-4875-94ef-bf2004ab67d8",
"0002288a-59aa-4204-866e-7ffdd00fb96a",
"0002dc81-b156-4735-b0b3-c1fb0b2da982",
"000314cc-85a0-466b-83bc-e87abd73886a",
"00042c9f-1019-4d65-9a75-d3a894507386",
"000516be-39ce-4fd8-8ac6-a45a4c3f702e",
"00052ca9-14f5-40bd-9a30-bb867a3436c2",
"0005e0e3-5ecd-480b-96db-bab8ab8acff3",
"00062383-9abf-49c1-8b91-d6b989687ac4",
"0006ab16-271e-4058-ae0d-377daed5a4c9",
"00071f3c-87a6-49f8-9c48-aa9a5b29ddf1",
"00086940-3792-4de5-b51e-b6f64aeb8b84",
"0008716b-941b-4316-8371-7655b24ecb11",
"00087d3f-ba4c-4203-8927-5b3e7c079b32",
"0009c765-917d-468e-91ef-0ec3c0db2f92",
"000a30e5-ab2c-415c-b32d-28f3fabb2729",
"000b0abd-c4d9-4aa4-a218-d9724562b347",
"000b35bf-9844-4c2e-bf27-e5aa62a911a4",
"000c9495-612c-4b53-9a0a-3afd12688a3e",
"000cc5e0-e323-4a34-b78c-13fecee509d2",
"000ceff3-1ee3-4ee3-bc2d-562071ed7331",
"000de983-983f-4b10-b7f4-93412d3beb90",
"000ed95e-c7b8-4b77-a075-3c7871493998",
"000f5bbf-697b-4df8-ae8c-10e974d1070d",
"00108a16-da80-498d-b65e-c0a6ed539ae5",
"0010c364-fed3-467b-8145-19b48562dc68",
"00117971-99d7-42d4-bc7c-6a6e6421c966",
"001184f6-651d-4265-af5d-690194c31e45",
"0011a8f1-efe4-44f0-9974-f94f2d6d204d",
"0011cc71-4128-4538-8186-c8e15aee7268",
"001280d5-c4af-4025-93ee-e0b72a67782c",
"0012a59f-a16b-4a91-8c9c-a3d6b9fce816",
"0012f062-e943-4637-9f78-eda7faf2daca",
"00140933-de82-4be8-b1e8-0e9cac82e490",
"0014bb14-4d0f-492f-b43d-2700d9c16309",
"0015a8a1-77ff-480b-a898-59a973bf154e",
"0015fdae-66b1-4d7c-b896-1717b4339132",
"00173bd3-d7dd-42d7-b289-e6aa4ba3d636",
"00176d37-4ca3-47f4-a49b-836836037e8f",
"00180593-ac56-4440-9d0e-e2cff40410eb",
"00198819-687d-4379-9e03-696fa2b5cb69",
"0019d6b7-7922-4ec7-b8b7-b2b314081354",
"001ac7b2-a57f-413d-bc30-64de99bac69c",
"001b4ecd-2340-43ef-9bad-07982a85cdfc",
"001fa02f-2e9b-4734-9f37-219693515547",
"0020c571-e6e6-4dbc-a42f-fb8ba8728828",
"0020ff34-3f9d-4a83-8adb-85a942bda5dd"