00063480-5b40-574b-ae77-60b7444282ec,2942270
001a9359-7fcd-50c3-adb5-a3ecc9d96ca4,1419748
00525597-227b-564e-9145-de0e453fcaca,2940790
00698361-255a-53fa-997a-d8b642c6908e,2941574
01816e9d-c8cb-58ea-8b9c-cb8c4bbc6f5b,1417970
0185f65f-0349-5459-86f2-24f12b6b9393,1417898
01e3f41f-3486-5552-9519-3abb342739e3,1418265
01e5d852-bae8-5514-a073-deaaf9ddb386,1417082
02d1b326-defe-5bf3-8597-ed58ad258569,1416820
03590b55-de7c-5814-b92f-79155bc229bb,296641
03681bbc-f724-524f-bc8b-efce7e95dafe,1417206
03d54394-43e3-59e4-8ee7-d63c462ac03c,1416517
03f9ccbf-a74d-5e4c-8113-643d20c341ee,2939484
048885a8-88bc-5e5e-9c74-4ab05cc69554,2940989
049bac5c-f494-5738-b510-a9868a4fec5e,2940463
04af23c5-7327-52f3-8ca2-5e8a7a088fc1,2942910
05043531-5820-501f-be13-3136649bc75f,2941857
05f9b6ea-ad4c-5f11-99fa-91e48425cb1e,2941366
064b2fd2-951d-52a6-a2e4-29606c31ec26,296779
066a126e-ce04-5286-9cb0-4932dab9f136,2939317
06a7ee52-8152-5378-8c18-6da18d8b606a,296912
06b5d11e-3ea4-51f9-b885-3bf7f81806e4,2940863
06f6a46e-ec03-54c6-bac2-b559ff322e33,1419532
074f48d7-7ab7-5e1a-bf50-df691a375d5a,1418416
0761c678-5b82-5761-ad10-774568b68fef,595846
079947a9-3f72-599f-a1fe-465a01b67b29,2939928
07cd5666-9b4b-50cd-b660-ef6e6210dd3a,2941115
07d09bef-ae66-58ae-8628-f5130e5e8e49,1418790
084de0e3-57be-5b53-a865-4dab98c33886,2941808
08ad5ab7-0c23-537d-8702-7c13efcf5c32,2941790
08aead63-b9fb-5234-ba2b-256d61e05a29,1418306
08b79426-4d73-5324-baca-74108fee7263,296959
0922afc3-2bd4-58c7-b36f-f503598d430b,1419023
09730d3c-bf61-5ca3-bdc0-6a99a0901c84,1419309
09af2b4b-e34d-5998-8d22-18749bcf4c59,1418455
09d8daa3-e4a3-5819-bbf0-3e9fa8c50202,1418049
0a355f12-97a4-55c2-aace-47059614909f,2940234
0a585068-025d-5c87-9845-cb3a448336d9,2942533
0a796de3-ee4f-5c55-b2fa-624ee9ba3842,3258452
0acdc196-f39a-5047-b3f2-48b59a7bb2e5,1418001
0adc3d7b-2ac0-55dd-b461-c2fcc1db2f69,1819362
0b7808ab-a688-5bc7-8012-5c6bbd2e6306,1417664
0b876d30-92e3-5ae9-9196-bc0ba5e42253,1418612
0c2ddb4a-034e-555e-94b6-5a89deee7a93,1417214
0c403ba2-257b-5037-8e1d-e6110c05b1d2,1749579
0c52433e-0741-54d2-9fdc-3938ea6f4215,1418705
0c539473-3f6e-5799-b69f-b2696e695525,2941107
0c974069-8625-5e62-9d04-ddb515381e87,1419663
0ccb1cb1-729f-54de-b110-063e7923b126,1416703
0d6b6fef-204e-524a-85a9-60c299a7e1b3,1416418
0d8d2087-9dc5-5f15-84ea-88a354e60e79,2939460
0dcb8ca3-4e48-5b2c-afe6-f2b58ae0c356,2940586
0e1a5bfa-a91d-5d40-9dd2-4b6c2607d3f9,2942488
0e4f8f87-f0b7-553a-8674-4a2a56e64ac8,1418562
0e57c488-641a-57a0-b8d6-658d5a6c1dcb,1419790
0ef6eadd-93ae-5873-a98e-54d8a0a7f621,1418088
0f63f078-f0c7-57d3-91fb-1f0cc8f04453,1416666
0fd539db-7048-5482-8349-3bae25efd4a4,2939223
0fead44b-aadc-5460-95dc-480ed3dea0bf,2939452
0ff170a8-5b9c-59c4-ab7e-645f2f71fadf,1417930
10006325-a1a3-5760-8d2b-6417aba41819,1416566
104a3cf2-e6fa-5927-bf4d-673e4560f1ee,2939788
10b6e47e-1f23-5abe-8433-0cbb8a25304a,1417058
115cc2f1-850d-5f71-87b8-b03c8c30b9a7,2942165
115e75e9-7c26-59e4-ab61-22425df917d9,1416710
11db23d9-21fe-5543-9eed-e4a37a591291,2939944
12093134-91a8-5110-abe5-9fcb15256e28,2938689
13b6a47d-c7a8-585a-8ac5-974ffef830a8,1418361
15082900-30ff-5043-9a7a-1e8e2a7671ca,1419669
151c7a88-b1d2-5299-9e9c-221ee9bddabc,2942513
158630b8-66a4-59d2-bc97-9e03a2ac79b3,296897
1596927b-5696-5658-a203-60c2e5ccaa59,1418237
15ec7808-9c8b-5982-b837-1a57aaa38bca,2940999
15f5d212-8177-5e78-83cf-e8423f49306e,1418229
16308adb-207e-5fe5-ae82-94837fc7baba,2445334
16351750-f2e4-58a6-9751-24c2efa21217,1417692
16bfd23e-2484-5ab9-b46d-d55e6cf2689b,1819161
1706579b-9852-53e8-950f-f6b13849407a,1509233
173091ac-d9ff-5709-b189-551eb1d85f82,2940423
176bc8cc-8d59-57d4-a91a-4fa3e2a7a571,1418062
17d45d5d-f2e9-5c68-8a70-eecd5a4b79b6,2939576
17e4c898-ce6c-566b-8857-fd6308c9b678,1418997
18243c34-0d96-569d-8cb4-25e903d6479b,1419473
189b88c5-8877-5cd2-b395-b08efc9981fb,1417402
18f9020d-3281-517b-ba99-9d8c4467feb7,1819368
18f9bf66-4c1e-5849-b29d-ad938879cfd0,1418328
18feeb68-4efe-5fcd-9c3e-5e5a001a2b94,2938718
190810df-ebd0-57f6-903d-32939b702608,1416526
190e5f43-44bf-5b0d-83e6-7609da57039f,2940116
199d0828-8706-548a-ad3a-d7315eeb65db,2941945
19cde077-03b5-5d5e-b363-5bc3c34d456d,1419937
19db8fd0-a0a1-5639-83fe-7448d398e51e,1819133
19f38c64-42cf-5370-a889-9ca58bb3fdf3,2939339
1a1d92e6-5fc5-598f-8bee-55deccb2bf53,2941983
1a9091a5-f75f-56c8-8f2e-b9db97406ff6,1417511
1ad89e3c-e1e4-5102-8679-86b3fcc1ba83,383599
1aedea7f-d4a7-5af7-bb5e-388c8256935c,1418986
1afd2c6b-f0f0-55fc-be92-dab32ea96022,296867
1b0e6ec8-e413-5303-96b2-712dd4c83a68,296807
1b29e66e-fc39-517a-b8e0-39b4a9025cbd,296941
1b2fbe44-34aa-5107-947c-9f478f977074,2940144
1b781d4b-a0c9-5770-afc3-0d019a605852,1419011
1bcec0b8-c9f6-5c47-b061-08ede3fa44e9,175435
1c49d326-e021-5708-9cf8-aebcfbdfe7c8,2806522
1d1ec3eb-e195-5ec1-8920-feaf7ea8edfe,2940837
1d5d5667-07c5-5a27-988e-3929e665d564,1417923
1d85c12e-8fa5-50db-9f68-65fe98f957f3,1416543
1d89edc1-596c-5459-8d7a-4656b105700c,2939269
1dbbbdee-09ed-529c-9a3e-125d83b6f357,1419979
1de773e9-d397-5095-9e74-2519a80ad02d,2941768
1e22d970-598a-5c8d-a925-7172361c1222,1419965
1e378901-e9d9-571d-bbeb-3562da498ac0,1819176
1e5f5f77-0f7e-5a9a-a63d-9a3793a35864,1417745
1e7d2618-2b20-5ec7-bc95-fd3128f268d6,2939406
1eab688e-de57-5ecf-a526-e1b7bfbd20ac,1420014
1eb5d5ce-43e9-53c6-82ff-df257f3fd247,1819471
1ec47166-78ee-56bb-9e30-f786ccc5cf27,1819344
1ed0f6a1-44e7-59b8-8833-50521d7b6357,2939058
1edafaf5-0678-51ba-9609-a61745dd0f96,1418813
1ef56151-d946-5b13-838f-e8fb503a622f,1417655
1f1bdd51-4dc3-5307-86a8-17bb1b39b9eb,1417355
1f2030cc-afc7-528e-82e5-89d306f8d15e,1419972
1f22bbbe-5941-5461-9ee1-5489b5ce8d16,1418142
1f82d0d1-2918-581a-aa6b-778ab4417f8f,1419902
1ff39117-797f-59b3-a192-a92fd7fa05b5,2939384
20506752-57d1-56e1-9f22-5cee3a399f40,2940982
205ec850-0ec6-52bb-8b2b-0b20fd3b5345,2939653
2084de4f-00b2-5677-9e23-2df8427adee8,2942626
20c6caf5-2240-54e1-99f9-5c0006d175ac,669723
20f55ecf-90b8-54c2-8724-44840f6ac672,2939536
2167a25f-b7c5-5e92-913f-186009fed9e4,1331766
22000607-6fb9-5fe0-b3b3-452d4adaff3f,1419799
2227f896-737a-5ccd-9e12-afaad6e96639,1416384
2236182c-ab14-5fae-ac56-47414b1699d9,1417720
22c277e4-d7fa-5510-8714-9fcb5c6d2513,1417874
23314bb2-3f4e-5a59-928e-bc06a9a3a038,2940004
233f9394-f345-5b00-8b90-874eecd06537,2940543
2350bf99-e3d8-5582-adae-9aa8149c68c8,1419860
2387bed3-649e-574d-9064-8005e7e258f3,2940496
23a11ca8-2261-5335-8514-ff694549b29e,2939770
23f0d7f3-551b-5f7f-ac41-c5069ffbd8de,2939246
24327a62-f534-5867-b224-0eecabb5b610,2938817
243f48f8-5426-548c-b43b-adb4a1696e72,1819126
245f485a-3617-5df1-8875-94a25bd4248b,1418919
248bf9d5-82f2-5d8f-8339-28973acd9d50,2939231
24b9ee2c-ee51-59a0-8fa4-33e48170231a,2940605
24f0fe9f-2993-59a0-9959-68994c21e1ab,1819258
2598c052-a0e9-5a61-a79c-e1d6bc7962da,1417947
261b27a7-faf6-5c74-93b8-6d177b85b362,1819277
269fa78e-8a21-50b1-af79-5b3e8e6c4935,2939040
26a71644-5a0f-5c21-a98b-ca3259ec11d6,2940509
26decfb1-99af-5ec6-aea5-bdc966533d22,1437213
270d97ba-7b1d-5ce9-8847-033cca7e8069,1417421
27604ae0-401c-54b5-b3c0-6f52d3671d42,2942221
27870a4b-3254-5e54-a4fd-6afb59484a5f,2939504
279de536-1ad0-5781-94c3-7da0c57be5c9,2939255
27bb18d4-85b8-5ae7-a94b-998e54e97b86,2940285
2807fefa-6620-53f7-a132-e8d3ef315c19,1819429
28af4254-4ccc-5522-8d35-3a2b5feae690,1819378
28b9f937-2a7a-50ea-9394-c7bab7565d36,2942113
2939f4b8-4c07-5b5d-9aa7-a5f8df6e3daf,2939107
293d0899-e35d-5d84-adab-12c9907c4574,2939160
29674ca2-5738-5348-9f83-cf9a895ed8ed,1417841
29a68291-0f07-5407-b519-60601adc6d19,2939416
2a1268eb-f64d-51be-91f8-1c539f235280,1418154
2a75e4f5-c193-5a75-b2c7-8165b3912ec5,2940668
2a808e37-26a3-56e6-b561-8739813a0217,2942401
2aa85919-f3ce-5164-a143-0db0abf02a1c,1418014
2ab6af1d-062b-50ee-8464-4d5cf244140b,1416484
2ab9ff5c-cc7a-5316-860e-70189423af92,1419319
2b06f74f-66a1-5ac7-83b0-914264139ece,2942383
2b769410-45dd-53de-b0bc-c26dac2d8cc8,1819167
2bfab5a2-c2e7-558e-aae6-351b931528da,2941207
2c2428de-cacb-523f-bd73-3ff281b4976e,1419805
2d367f89-741b-5491-b820-6f1b485cd868,1416445
2d45c300-216e-57c6-9789-4923a145cf26,1419424
2dff3aaa-94b2-5eee-8db5-6f2febe01ecf,1418628
2e3fe144-5eb8-51c8-83fb-c749ea49f36d,2941359
2e4af8d1-46bc-5a46-a0d5-54df79f2c32a,1417089
2e5abb6b-f362-5856-9e58-22296deccd18,1417823
2e960904-2482-5c4c-8d78-24fc70ad5e93,2942370
2f3ca859-a984-5959-8c29-7547bc63670a,1417754
2fba87b3-f954-52b9-8287-ef830dc10a8d,1419384
2fc98459-9866-591e-8bd0-634fcb692f23,2940019
30186151-291a-565e-90ae-c8dbb61e4728,1419853
3054a0dc-a99d-5279-aab5-0de7195ac5fd,1417954
305ff15a-2bae-5d77-8463-c17119f4a535,2941863
31513087-d1af-5f62-baca-9eef4e8a3979,1419070
315a90a4-1d0c-5a46-862a-b01f93e3a46a,2939909
315f1cd9-2d23-5d92-a83f-eaaabc0ffcfe,1417684
31a387cc-4e18-5e96-88f1-f7409db83f8b,2942203
324f1026-eb80-5de2-a5bc-96bfce64a44b,2938904
3262f6aa-e1f7-529e-a039-40f04ae13e7c,1418747
32a535c9-7d58-503e-8c43-b3c413511855,2941314
333605dd-d868-532b-b484-7b04bf5323e2,1417479
34033e14-0ad3-5432-acbe-6014a410c566,3031833
34afc866-57e7-532c-8306-4abaac474fe8,2940259
34be74d2-c862-5847-8ea7-22172e13646f,1416600
34c6e68c-fefd-5bb5-9faa-f6d4427c4c8d,297064
35a541f5-617d-5637-aa4d-8b7fc24aca70,1418032
3603e14d-0505-57db-ab90-f8e36eab9047,2940481
367bc1b8-7d7b-50b6-8d48-8645e287ac68,1419584
3684c36a-1db0-5c87-b25b-7a38831d46b4,1416509
36e3f29f-60aa-5017-b244-3711abac5d8a,297014
371ce729-37a1-5fc6-9c07-8ae12c233f2d,1417328
371e90b9-7677-5fa2-b389-77728930c250,1819336
3732a3fd-a8a8-502a-b898-31cc552304ff,1819100
377c23a4-c236-5934-94c9-af9268907487,1419544
377c664a-56f7-5ebd-9577-539b12298d9f,2941193
37dca841-4ff7-52e8-971e-e0cc629be548,2939853
37e1d5a3-09e3-57b9-ba63-36ef0ffda870,2939583
37eca1cb-45a6-5e73-86e3-0254dfe869cf,1819489
37f89225-cb24-517b-b850-bc19576c3cbb,67041
38305251-b740-5ef6-8c59-feeea8430e04,2940051
383776d8-1c24-548c-96a0-d0a68f954372,1418025
388f0a34-a406-52f0-b9eb-190185f73824,2941515
38a27ea4-4c1b-50fb-a039-e7d3f1afc1a2,2940128
38b99fff-57e2-517a-90b1-c42666b2312d,2940350
38e40408-066b-5ca5-b5dc-cb6c9a01bccb,1417224
3a090e80-e259-540c-a037-55f70b800b58,1419894
3a395914-1ca0-5427-ad95-eb232a241ea4,2337677
3a5497bb-68d5-5dad-9fb9-45b34835ec5d,1419347
3abca625-bd6f-5228-9893-bf9b947c410d,2944961
3add7957-a815-5993-b098-fed163a01599,1416682
3aeb82a2-6706-576c-ad4f-374a95d00551,1419177
3af040dc-dc3e-5b55-871b-944d9530b6bd,1417702
3af56852-4158-58ef-a988-92e62588a7dc,2939871
3b5f6f82-a57c-54c6-b8a2-8d77076a69cb,1416264
3b96fc9f-c5f6-5038-bb20-3ac4338c1151,2941504
3c4566f1-be03-56b9-b9a9-6f494341f4fc,296987
3c4a4737-56b6-5c99-88a4-2bf41a26d5a0,2939097
3c82b057-165e-52a0-88e7-561ba6a1b75d,1418213
3caeb63c-e51c-5258-8e88-66c19fb91d4a,1419200
3d7f4aad-9f8f-5830-918c-be0d1a49147d,1416795
3dd5b5a2-6eb0-551a-98c3-e72d512b4421,2940889
3ef4f3e1-66c3-5a95-bb6b-b02fbdc7927e,2940627
3eff7394-7fc4-5f01-b45d-e2c158d065c1,1420007
3f674f0c-48e7-550b-84dc-426178c09379,1418439
3f6abe3d-ce9d-5cb3-ad0b-dd540ddce4c4,2938894
3f804d52-2de0-513f-a652-80647769f696,1416866
3fc4b4a4-252d-50a6-80f7-acf615b47cf7,2942415
400e2bb8-e455-553b-8e85-f18c8c68c9cf,1419537
408f1f44-3b33-52c9-80f4-406e850cdc3c,2940795
416836c8-e3c0-5994-b46d-a19511344034,1417452
417651f9-cb2b-5f39-972e-f185ec8db30d,2940358
41da084d-d5c3-5ae0-8ea7-c82fd2bdfce6,2942480
41f602e1-6386-5895-845d-d1fe474f834e,2939754
43191d62-bc13-50f7-8d14-d4b43e401edb,1418099
44bb3a2c-2af0-5546-8359-7dc19667c9ef,2941200
452a6634-2ce8-59fc-9c3a-5eb13a30974b,1418081
45ddd8cb-fdc1-59a3-a4c9-4ea5ac0b9a75,1416643
45eea4e8-d661-5c29-bc6d-f23861223139,2941101
45f2e2eb-1fc3-55fa-b644-386337bacb52,2940416
47719edb-5f21-5b5d-9e64-bab032e5d3bb,2939566
4793a961-556b-51e2-9b7f-ae537b1a6436,1416607
481dbec8-7f02-5483-b335-f1d03c669a61,1417544
48219074-824e-5dbd-a434-de380fea1669,1419685
48891931-08fc-582d-b035-08b668437cce,1419367
489e230d-e944-55a8-8357-aa3be85fee61,2940709
49467ecd-b950-535e-af08-f554a198e48e,2940070
49ed7cc0-6405-5213-af7f-55388d6b201c,815266
4a2fd8f8-2daf-5b2f-9689-814b1418e52f,2941154
4a9c5a85-4d1d-5aa8-9aef-969e58c33833,296842
4aa8ca9c-27a3-5e42-af16-501d1926da4d,1419927
4b0d8f50-aa1f-53cb-b7d6-ca95b6a8162f,1418337
4b2efa67-91f5-5fd5-996f-5e36c4fc6339,838298
4b312ee5-0ecc-53b4-a389-679649343814,1418885
4b3f1d43-0df5-5abe-8f65-75534bfbe100,1418960
4b4b5826-f774-5c35-982d-092c86ce0545,2942394
4b52af8b-9aa8-5c39-9a45-a76b91ddec40,2939987
4bb05ca6-637b-50a8-a40a-77fd2954708d,296932
4bf12f04-b51d-520c-ab1d-79cf1dba8d16,2942364
4c241d79-b52d-5dfd-98db-b1fa5bfb58f8,1419416
4c5d6b7c-e8b7-52dc-b43b-ed5071dfbe10,2940086
4cdbd9fa-b3e8-57ba-98f5-a5d657f789b2,2941908
4d162072-ec98-55a2-ae80-2497f6047c11,1418461
4d6ab61e-4250-5f1a-9193-a82e9716e91b,2942144
4e09813d-36f5-5488-82d3-9dec72e66a18,297137
4e148104-34c0-54e8-9e6c-6011a0735817,1416688
4fc6168f-32f8-52cf-854a-6efbe796b15b,1819320
4fe26d3a-bf42-5582-8912-52427b065d44,1417529
5050000a-567f-5805-8291-9fceabc15de8,1416764
50ab1381-76a6-5055-b3c8-34b5dbf52b87,2942326
50dfe8e3-dbef-5a26-89d2-7c38015dca2c,1419078
5103399d-343c-56a9-9bef-b2e2043805a1,2940694
51373f1e-1de3-5442-8a8d-45bce1094265,2942060
51d9e6b8-d49f-5ac5-87ed-dae7333d540b,2940012
51f4c01f-49f6-58e3-811c-740ea842e3ca,2941544
522cc184-fbe2-52eb-8c56-4fdfb8e90297,1416398
532baf63-4b25-5050-933b-e0730d7f20cc,2940914
534b56e0-9b2a-5537-b5c0-4d1b29115730,2940248
5373fc8b-96c3-5946-8867-51fae7aad5ac,1819196
539c5180-1e71-5586-86ce-a0a1ac54fda4,2941538
53b90c49-92a4-5ab4-bf46-11eaa1271905,1418056
53d78e1d-95d2-5656-9226-08b92075dc79,2940636
53db900f-e121-52d4-9ec9-23a395965dfc,2718330
545a826c-2290-598b-8797-f3c3af7f6c3d,2938964
546ff416-859d-5f05-a09d-0b3b9f19d94b,1418537
54b0b78c-1255-52a6-b259-b72062019640,2939520
550d0322-afee-5ebf-b24a-7dee1f97d5b8,2939886
551b9f08-e333-527c-8c08-3fb422cccf31,2939806
5535a7c9-7f21-5576-9c8b-f63ff06e2378,1416375
5589697d-16e2-5d74-95cb-46a131361317,2940225
55d40771-9bfe-5b7d-9d0e-cc45a6387685,2070454
5617a2af-d172-5bfb-964d-1d4cae5cee2d,2939730
5634c64f-8116-5a65-ae63-b93795e7cb9d,2940702
56cee051-d74d-57b3-801d-326bd9026201,2938939
57587c8a-15aa-5ec0-a4d2-f0e77322b4b1,2939820
579fb40e-c0d2-509b-9f6e-d4831bf5bc8c,1416437
583e2a95-c9a6-549e-a130-3f5c9bba2919,3257076
5914f589-fef0-55ed-befe-de160a716853,1418870
5917773e-c9c6-519f-a32b-7f6aa921cb82,2942133
593abe6e-70d3-561f-983c-38b2176d5e22,297057
5953af7e-340b-5aa3-8466-d4c843ba702b,2940277
5972b631-a375-5af7-882e-46d482feae41,296701
597e22f4-1420-5292-933f-06642b76d088,1418200
5986cf45-b817-5c91-bbb0-7eaea020ae06,1636050
59926d3f-16d7-52c9-98d6-9a34b479b7b7,1419149
59bb63ee-d85c-5d11-ab59-be9cb8933b65,2940455
5a0a512e-9fb7-5d62-81e8-7b4aa1df0826,1416625
5a49bd7c-800b-56e9-8b0a-ab6749db62a4,815287
5b5df7b9-a217-5128-b413-a8ee86716bd4,2941923
5b7568df-f9b1-5e6b-80f7-64c0f23561df,1418251
5ba3aa83-93a2-578c-adfb-8b0888695dba,2940191
5bd66e9b-be65-54c1-855c-ab669605af85,2337637
5be37264-cfdd-5e3d-873f-5e7af9269103,1417832
5c09b87e-22d6-52fc-828d-d31e8d5158fc,2942290
5c5f72fc-d163-5098-adfe-706e0b92b56d,2941129
5cc9f850-0079-529d-a17a-f1330a51f74d,2941014
5cea43dc-a0b0-5037-8ebd-eaea21686033,2939961
5d6eef79-a68f-53c9-94f3-8d0a4876c185,1418169
5dde855a-4dc0-5110-ad97-bf12067490a6,1505612
5e07d00b-29da-554e-a511-c272b26adc05,2941293
5e55a3f0-1752-52d7-a351-33bfe11747fe,2938838
5e6e0227-4946-5dec-bd7a-f5675554840a,2942099
5e9043cc-e376-51e3-adc6-0e264001a922,2940153
5ef5dc75-6aaf-5e5f-aaa6-170e48bce19c,1819421
5f05169c-7378-57e2-adb1-28671cd73b6a,2941596
5f2c38e1-056a-5f87-b09d-8da67899340b,1416469
5f49871d-c7ee-5bcb-b2e1-b85c3f7fdd0c,2939950
5f5fb952-e0d0-5b42-b1fb-31b954903152,2940473
5f807f8a-37a8-533e-a235-8a1bf75ccb25,2941145
5f9e78d9-cd4e-530e-9cdf-d9277fd522bc,838033
5fa22021-e62a-56a5-aa2b-0956cb7b0a19,1819091
5fb1c101-acc1-5df4-816d-38262c0f11b0,1419035
606c5b40-0a8e-5175-b261-51408a4f4e82,1419042
6172bb49-81ca-57ce-81eb-3f22f9555c1c,2938863
6213197d-d92b-5a87-a37b-31bf52f08fce,2942342
6271bdc7-2f32-5aca-ab8b-19769f451cf0,1418770
62a16978-f963-5960-ad64-7992b822f366,1416350
62c72fe9-1951-5d55-9dd4-f5a5b05a601c,2939016
62e6a635-694c-5527-81f7-6dd9da8bd84d,296832
62f81c8c-6aa1-584b-b242-05f0ea4a2e68,2940613
6300229b-e809-5d3b-b115-60d2abe4df0d,1419622
63945248-af0e-5d7a-aa64-8053e7bd9e28,1419658
63afb342-5ff5-564a-a06a-d670bdc1c673,1418401
64087b57-9b35-5194-80e0-ad945ac94105,1418111
6420044c-e40c-5e20-89cc-c0f6852f0fbe,2941995
642967c9-5abb-5b03-98ef-0f8eea6701e7,1419279
644fec3e-c1b1-5faa-b041-bd0a770d3e2a,2940651
649f8b73-31a4-5a8b-8f22-e91f37d41854,1509207
64cce764-9641-5975-a6cf-a7baab0a86ec,1420039
64e484b9-000b-5244-9821-9cdca58b710c,2942461
64ff781a-7bc4-5051-93cf-37d562a49293,1418890
65100134-f2ce-5acf-8cb8-28d77b617546,2940784
65356475-1273-58b7-b335-b82f315eaeed,2941897
6567db1d-047c-5581-973a-d6c82e7dad39,86647
65752d6a-4538-5554-9a01-aeb62b0f37c1,1419193
65a95561-fea2-5e78-bd93-931ae626eab6,2940975
65fac4b6-b3d2-54f7-a1eb-e9c39d7f5a7f,2939115
6626057b-de83-5c3e-a325-d8ee70abc170,2939795
665eb2fe-02fa-57ab-a386-260aeb323c4c,1416979
67b9e35a-d897-5281-9ac1-3fe0c147e44f,1419228
680f94d3-6d61-51bb-98c0-f195d6980ad2,296890
68bcd974-ce1d-5eb7-b494-d3052d4a6cad,2939902
68dd1bea-a53d-5211-b5e2-60cd2b504de2,815274
68e63eae-9dbf-5ef6-ba68-6c444485e949,1417518
68ffdea3-9789-5a92-ae39-f212c796ded8,1419614
690482e5-970a-5d40-8a04-b1d406255624,2941602
69085a9e-4f1e-5f58-82a9-d4a18da7ad8e,1418862
69f4d4a1-f068-5d8d-8b64-ed55ed3db7ea,1819312
69fa1abe-2a53-5c27-9734-29f09ebd8136,1418469
6a3b4618-081d-55bc-abbe-7dbb70ae9fbf,2939265
6abd6553-5f2e-58f4-9f95-4685e00efd88,2941005
6b6fea29-d07a-5aed-9687-296af3b553bb,2940968
6bf34879-df9f-555f-a934-cee1ec211127,2940688
6bfa3dd9-0128-580e-95ad-d26d6b440e27,1419827
6c18c597-5db4-5ae1-a9a4-17af4c87a2c5,2940951
6cab5eb3-62ca-5d8d-8db2-4054dcff6e02,3257035
6cf62718-6742-58f1-a1b7-edc98be42092,1417503
6d3ed096-d1fc-552b-9cd8-e07278ca383b,1417906
6d7f7ab1-718f-5b32-a30a-245b6b15feec,2940937
6d827f74-a9e4-584a-aa28-a0b57c64cada,1416534
6ef8c137-03a6-5695-adb3-fdab33a63a83,2939494
6f6bfa08-94d0-54ec-b12a-4471029df4b9,1418511
6f799599-3a63-5e71-9dda-a4f1348718c5,1416771
7027fa49-26fa-56d8-8dcb-44494a7f4f45,2938884
703a9b69-ef3a-5489-89f3-35b1781cc9b9,2940176
70568feb-219c-5008-b94a-478b5e7a2915,2940327
70778903-9b87-53cc-add6-4e8d9ba7f4ad,1819205
70e6e0a2-9fe6-51d6-8b3c-3d66054b1e68,2939423
710b98d4-4dc4-5c17-8b65-2774a8e32c88,1509275
71518772-cd67-5fc4-9ace-06a207f5e685,3031919
71684845-eac8-5c4a-82e5-09195cbefdd8,296752
717e203a-1ecb-5b35-a73e-aab50a9a3408,1417914
71af8017-ee76-59d7-8c06-1d5f700321b3,1417616
729c40cd-3432-5265-991e-1c080a7ea8bc,1419712
73017220-4773-59a6-be01-94dc8e9aa95e,296690
730bd41b-0ef8-5c8f-b3dc-5c796db18053,1509249
7316c8b0-3ffc-530c-a1e6-58d1bdfec186,1420021
7358b865-4d1c-5913-b29a-428d2e67d619,1419294
735c95ad-ccc3-530d-a96f-2daa3f29a8d5,1419444
737ff9e0-8bfc-5c0c-b173-35d768113fd9,1418272
73bbfb25-895c-5faf-b799-776da2786c91,1419120
73c9786c-ad82-5759-bf54-55566d20956f,2940593
746e72f3-788b-5ad5-ac62-b85cafec6f5b,2939006
75039c62-1a44-5aba-b6cc-4f90d6fb62df,1819385
7512ffb2-b390-592e-94b0-3a2bf6c58459,1419719
75937bef-2c36-5d89-9be6-07a1e708963a,2941970
75d201a4-0c0d-59b8-9cde-6df220603319,2939631
75f96f0c-e27b-5af4-918d-0e9b282fa3f6,1418385
760ca9aa-b3cb-5c53-903a-3a84b1099e57,2940319
765bfc55-a42a-5ed3-a8e9-928c445c975e,2942468
766c6b3b-aea4-5bad-bbc8-ed8766e692b3,1418486
76d869d0-6b13-5826-899b-b5818867f7b6,1418424
76e89b69-87ad-5411-9f39-29ea2bf44b53,2941185
770bc662-fa4d-5cf2-9b9c-9031fa841623,1418543
77e55d13-5271-5d96-b7da-b4fbb084c1ff,2942120
77fb3da4-65f5-51b2-817e-9a7e5306a99c,2941032
78233bcc-652b-5004-8db2-a11a76ab2484,1819354
7856fb52-d363-599b-a09e-bdf94559d7eb,1196089
786f82e8-3042-591c-87a8-4526d947efc5,2941620
789d9268-c219-582d-a9fc-50cdad612586,1417296
79244041-34f2-50d9-a2d7-c22058afbabe,1418752
79327099-7fab-54bc-9952-79d28676c0db,1417939
7980eb6c-525f-5065-998d-d05f670abff5,2938760
79901c9c-b85d-5058-888b-2a01a846c769,2939745
79a5fd43-7d85-57d3-a6c2-4ecff25510ce,1819502
7a144e80-352d-5f85-ad04-94a339a8014f,2942433
7b883e12-44aa-5678-b66f-55bfc644dae8,1420115
7b8c4f96-4136-5fd1-a111-af2681e3538c,1418735
7ba55138-f38f-5855-9d1b-31147b07d7d6,2939184
7c84e2e8-f089-548e-acc1-9bf23a164de9,2940930
7d3e330f-c385-515f-a8b0-ca4e4a80d5de,2940267
7d71a125-ec41-55ff-b6c9-f695b565f031,2939667
7dc4dafb-035f-58f3-93dc-d7da4e6e8bd0,1419693
7dc91094-252b-540d-a623-be21e01f19d8,1419409
7e29e358-7ecc-56df-a87a-3b84928d6aaa,1819268
7ea0d880-4d09-58ac-8dd6-d5440c5b1e27,2337648
7ef29a47-72e3-5714-84cf-4449b388b482,1419516
7fa19add-8d4a-531a-8a08-9e0678f2ded8,2939086
8050969d-fb17-50b9-9dde-49454a4ce6a5,1419056
8051f993-6a91-5975-a37d-a81fe626e5be,1417462
8066a8da-df63-5f56-915e-f81863263f45,2941477
809e05d5-7a19-53c7-8cdb-b33478792197,2939391
814d2f49-e8d4-5269-a099-95b75761b1df,1819481
818c1a3e-2c36-504e-ba6c-ea89af14099a,2941265
81a369fb-c694-5550-bd9b-053205e31b10,1418606
81ee6103-0c58-5a4d-97be-5657eef386c8,296771
82315ae9-caed-5c29-a531-b94c56dadcb1,1419157
833ca9b9-20e5-53c5-85c7-1199bea09e15,1417194
83421d1b-3910-53ac-a5ee-c9c54b2ac418,2941915
83727d54-64c8-58bb-af75-2731780cca25,1416963
83ec75bb-6aa2-5ac6-9f1c-66d141cce61c,815295
8406ece8-e693-5515-ac84-36d185a5b23c,1419220
8421f628-a47f-5546-9fd1-0fc252df5970,2940619
84285dc9-e25c-5e72-be81-d87c46c3e7c1,1419390
84893a5f-c6b9-502b-82bf-e7f1e825bf0a,1418978
850860df-39ac-5f55-8795-9408ab186ff0,1418656
8544bdfe-81ad-5445-bcb8-feb765212402,1417807
85b71e3e-3b2f-5ef4-994d-7599b0d4e081,2941724
85b7e655-149f-5654-8f5f-a4471525ae41,1418257
85dfcd40-3b3f-507f-a3f3-68452ee1adae,2939638
86a72a94-a860-5dec-886c-1b30bcc0b657,1819297
86f681e5-6f5f-54e7-8087-6495b9051935,296744
8732d6f8-9d21-5bb4-b6fa-aee7f5125b93,1416844
8735ab18-d87b-5265-b0a7-ac9a35514672,1418432
89126906-4916-5b18-bd13-3c8158dc74e1,2940378
894ed4f1-ea4c-59a2-97fe-42b841bcf12f,2337658
8961dcac-a69e-50fd-abe1-92c68bbaf174,1417591
8a61dddb-1867-5c77-8dc7-476a7d769816,2939123
8a7fecdb-c443-521d-a58e-633905f6d34e,1417976
8ab75364-51e1-575a-bc0c-5caf9c1bc918,296708
8ac14a66-c0a4-5c47-8503-65858d36cdf8,2940960
8b4e63fb-4ad3-5a72-89d8-3fa63e2bf972,1419634
8bcbf99a-3b1b-5887-b272-912d4f04515f,2942501
8bcc4e8d-46e2-5a72-afa2-03e62fd136f5,2941649
8bfc7f59-39c8-5f69-854e-e4f61bd762ab,1418222
8c00a6c5-ef08-5874-977f-af80fa619baa,2839320
8c041534-4c4f-5f94-838e-fabc00ddf960,2942262
8c1c7f75-965e-5f07-a0c9-53583806ab36,1416739
8c3f7e84-cebf-5bf2-806e-0f9e811a4164,2941249
8c917fad-9a96-56bc-b392-9c0d8cf81bf7,1416226
8cb77244-d13d-5d09-bc2e-e2a5f9e5f4f4,1416829
8cfb6ab2-dae1-58a0-8092-1c5a42829225,1419778
8d196f06-7db9-563b-a436-5e16116b9154,2939446
8d73dbd7-65c6-5c77-b2e0-5f088b668882,2939835
8df9b6d8-8490-5c92-a079-19fecd828e69,2938734
8e12ffb0-1248-5f31-9c61-23a3a2b0cc50,3086169
8ea9ee3c-b548-519d-b61b-877a720abdbf,1417737
8eb45a70-1029-5ec6-bce5-78b16551110e,2941287
8ecc49b1-aa99-5020-9dfd-b6a0b73acd09,1417552
8ecd5748-1498-5309-951e-f089f0ca7d23,1819119
8f72ec73-f365-562b-b200-0206b633ca05,2940295
8fe50282-7db3-5f27-a5bd-86b1fe5e3907,1419492
8ffc8c11-52a3-5ecc-a4ef-3eb71a4d346e,2939721
903a42da-3c91-5ef2-8d73-07b47ca0ea9e,2939145
903bd2fe-4247-581f-a2ac-1d48b0020618,2938748
90f93a5e-c6dc-5428-bf81-de04ca02186a,2941959
91224f06-e77d-5695-9229-72dcee762655,1819448
913d5617-ff9f-5a43-bed5-cb8e9b482615,1419029
919a5baa-0ec2-5175-a84c-d36b25818d3a,1417123
91a152d3-f828-5f76-8877-72d9c4274102,1819289
91b5c8e1-52f5-57fd-ab62-e2d6e6a13e74,1417646
924d92a3-4bec-5741-99c0-56de8435b97f,2939353
926e513c-01aa-55bd-84d7-50e5ee261913,1419646
9282e455-18b1-588f-a5c0-1d9cdf11b72c,1416986
92d34952-b6fd-598b-8a06-44c54883a527,2939296
92f53664-5791-5fb1-abfb-3294d8639cb8,1417486
9372b530-2d32-59a3-9d29-693c4bba7099,1419099
93f6bebf-e18e-593a-a091-7d30abb73612,2938918
940aa4a7-94fe-5b61-b679-7dafc47adae3,2940536
94392ae2-7f77-510f-96a0-95d8c1006e6f,1819328
9490b071-54f3-5c4c-a79f-e1222e767d5a,1418072
94b44b0a-4503-51fd-bb88-d8f2432102eb,296918
94d4e8ea-4ff6-5c48-a5dd-e7a661e3bbb7,1416293
94feb5a1-9411-57c9-aecc-09848f3cf114,2938947
9518d3ad-7b96-5794-a9e1-2ace38949f7b,2940682
95e46caa-8a7d-5bda-a05a-9b3ad4377924,1417711
95fd80d8-5aa0-5582-b2b0-2884b5508bb5,2942390
960b7d47-7fe9-560b-a6df-9ffbd2d22094,1417236
96207936-856f-5185-85a2-49d7087f0e97,1419005
9626f0f3-d8ad-509a-bfd3-198e9d2f57e1,815308
962efbf6-f443-5bc7-9e80-4ada8cd20d39,1418314
9632a342-e12f-5fe6-8535-6136dd199dbb,1418184
967cbf94-fee5-54a5-a7e2-20179bafbe97,2939131
967f7530-f3ac-5eb7-8956-6fc68ceaaf14,1416461
96829cd5-b40b-54bd-90ff-baceabe7897b,1419571
969c605f-cd15-5eed-98cf-d11d4bef5925,2939844
973f6b5d-d9d1-5f88-b560-f2992f20a26d,2942310
97546d15-9bfb-5f8d-84aa-7f7b3109260a,296727
9760382a-5523-5569-8aae-57b853742596,1419206
976734c1-d4b1-5a8a-a4a2-62bd42fb0d3a,2939205
97af2988-df60-5bb7-b1ac-cd1e3345d8f1,2941171
97ce402e-659d-5d82-873d-8a8fd01bc7f5,2939138
97f3a04f-dc78-5850-92eb-3a8bdfa5bde6,1417018
982e8caf-2354-5110-859f-8fda69879f0b,2940370
98332073-5156-5eed-a989-6e41ff9a0bbf,1418778
9919cbcb-224f-5f82-83d5-24a45de5b5cf,1420198
9923d5d7-a292-5fe8-8b75-18ba0b88e625,1416853
9989e0cb-36cb-515d-a50e-e38bcf11ab16,2940502
999a95df-cd0e-5e0a-86fd-44fe4694e604,1419784
99cdd6f8-16ad-5959-a31f-1edc1583c217,2938741
9a50d754-e323-5c14-b7ec-ac271c24f619,2942282
9a8d29ed-a93f-57e6-9490-524dc06c9ddc,1418160
9adbcfb3-3928-5d3e-86b0-009755407d29,1419910
9b003642-4096-5e12-ba08-01f096e59ebe,2941340
9b0044c7-6698-58a5-af62-72ce8c49edc7,1417167
9b111c41-91a7-5114-bdcd-66c8dda2e0c9,2940766
9bccf967-e9e4-57ba-b0fd-4032bda78000,2939288
9c22b6dd-bc37-5e35-a5cd-8844c5175c36,2940241
9c4641cf-30cd-5892-a780-f164bb954314,2942019
9d113a46-2a5a-5b59-a8c5-4c559c41369f,2940644
9d44af6e-4a26-5976-8b9b-45d0a3147c4c,1417042
9de44bae-313b-54e7-a604-d8a6a352b533,2941951
9e5c1602-0d38-53c9-a2b1-773e911d3f40,1416812
9e65681b-7f2f-508c-b5b1-c88d2c79ff6d,2939860
9e67c086-13c0-5832-a4dd-5ae414b0b2bb,296824
9ead1a44-62ef-5396-ac04-9adaf090614c,1418906
9ebbfacf-ad09-525f-b8fd-3807869915c3,1509256
9ee9c370-4e35-59d4-adba-ebd00029bdc7,1420047
9f78d7ac-71a4-574f-9c38-a40f8da0d93a,2942247
a011f885-c5cf-53a1-baec-206126e91e3d,2337666
a03b4f29-bf00-567e-b30b-cd26cd559eec,1416550
a075697a-bd66-577c-aa79-4a02209c14cd,2938709
a0f3d9fb-303c-50b0-b0bc-cc498710af2f,1417770
a0fb0830-eeef-543e-a7af-3b0369a0f02f,2941054
a1999e9f-f382-5367-9cf2-cbd333dc89a8,1419769
a19a301d-0e49-53d3-bbce-826d361add66,2942838
a259abf3-e31f-5f16-87db-7fdc3a5a218a,2940078
a268ed28-a240-5fe2-a403-2808cdff9215,1420068
a2803cb0-da32-5944-a4ae-4392e2e42221,2941989
a2884512-a9b7-5425-ae57-7d3702883836,1819215
a2c58197-bcb7-5938-b1cb-4c0d3a3475d4,1418245
a2e282a9-c6b1-5ea0-83c5-9d7b731c98fb,296676
a3597598-265d-5e91-95ea-2a47b46dac05,1418569
a3ab032d-9051-5322-b91b-2b4fedba88a4,1416583
a416dad1-dbd9-5efa-8571-3f8bee1a6a11,3031934
a4192f16-35c0-58c1-8390-b8e506c1c550,1417780
a4274f6d-049c-528b-9fb3-62084b5b2824,2940137
a454b2e7-c9ea-562d-9cf0-ab7e66d4804d,1417395
a4ac04b3-64e6-5891-8467-77fae071e820,1417026
a5ca153e-6532-5a37-9612-ab2a91811194,2941380
a5dd386b-34e6-57e7-87f3-ec869925ff42,1419451
a61bc237-c992-536f-932c-0eb3eae10582,2942216
a621cdb7-d81e-5c25-af55-380f02964567,1418006
a64f3e72-ab52-5b98-8dcb-0926611cd130,1417115
a6a3b3bd-97c0-545e-b213-ca0665f343f5,1819411
a6a71f78-9db8-5c63-832e-c0ca469f4bd7,2939591
a6b814d3-2281-50b4-aabe-5ef423e2e773,2941559
a6c77488-70c7-5a01-bec0-9dec252cb675,2941828
a7afb135-ee53-5867-aff0-7d1521e76a6f,2941278
a7e43af5-4996-5b0a-b1ac-19dbe6ede287,2940160
a7fb9854-a571-56b2-8949-e936e5bb6577,296790
a87b8c57-48f0-51ad-a1c5-1483e6aace64,2941843
a89ae787-f3aa-5c27-a6ad-2c46c231f2c1,1417857
a89e64cf-e07d-5d2f-b7e8-249b04c34630,2940516
a8d47246-de10-57f4-8fce-c89b51ee46ce,1417379
a9809e70-85c7-5613-8ef4-a6dd17c5ef47,2941552
aa624124-67ef-5fe4-a625-d2acda016637,1419128
aa8b9950-3a66-5db2-a85d-c5d41681ab01,2941633
aaca243e-100a-525e-985a-30d487ef44bc,1418554
aaedef50-024a-5177-aaa5-492fe848d9bd,1418596
aaefeff4-4c72-5e2e-a66c-bf062e219835,297000
ab246cdf-1bb4-5c16-8ad0-c704df55d032,2939331
ab4b2781-cc83-5b41-8e18-2d9b6109bffb,296881
ab9bf52d-8021-5904-8919-c65205a42a9a,2940433
ab9c85c8-09a3-5d59-b85f-b251a3847232,1419651
abfdc6db-850f-563f-8d71-1230ad6fbcda,2942440
ac3e6eab-a36e-5aa3-a515-3434781c3fcf,2939359
ac5403a5-6f17-5a56-9911-8e41deda20f6,1416898
ac7b2fc3-f2fd-50f2-90ed-1d9f06316413,2940439
acaa2ad2-9475-51e8-8a75-77ca58eb2a98,1419063
ad015546-cd33-5604-a1ab-268730c8adc6,2941229
ad951c01-39f3-50c6-a127-0f48dd49b870,2939646
af17909e-db9e-56cc-8d28-f98067e7e400,1417312
af976886-8a23-5235-9608-d28445c381ed,2942073
afb30883-ea86-5887-a115-9ba96e577711,2941429
b08d6a10-118e-5ef2-9497-946f0252d5ee,2940760
b098b335-f19e-5f32-b7fd-ba029a305f70,297004
b10b2d41-24e0-53da-8daa-20d88e697660,2940733
b12974d4-2212-5b3b-bd28-df104164e9e1,1787498
b132751d-d6d0-5ca2-b4fa-c88a41817580,2939978
b1d91d4c-57ac-5c50-9724-8602cd3ec964,2942139
b2b0889b-1dc9-54db-8cb4-7a673d4bf927,1419919
b2ba9135-2d6f-560e-a0d1-efbc8f10ce68,2940385
b302e389-f202-5978-aa60-c721a5514d82,2939370
b37f42d6-81ce-5ca0-be15-858854e6eda0,1416315
b3e4e6b4-8656-5298-87f6-9bc87fb4abea,1416996
b4647c09-ad55-578c-beee-cc8587763de1,2940750
b478c471-f3d4-5710-9a4f-a09a4c978bbb,2941387
b49f1143-27f1-5849-89fd-be3009e52046,1417584
b52c8a93-26ce-54dd-afb3-4dc64805d301,2940216
b5510d8f-006b-57c9-b652-de1267bf2d40,2940819
b5786469-2b5d-5db2-bfab-86fa2babe90d,2939895
b60a6681-bfff-51a1-9c8e-85d880784d4f,2938765
b645609e-657a-51c5-8842-bb634456dc20,1419958
b662de26-2161-5e7a-9aba-ae2579b50de9,2942333
b695a5fa-d77a-5762-9772-49b40f2e98e4,296717
b69f65db-badf-5d00-940c-6253ae97835f,2942004
b71e5d9d-3de4-54ab-8f02-d11e9b12e21e,2939032
b72d2826-cb2f-5f2d-b17f-f40bc42cccb4,2942376
b899488c-1dbc-5c43-be6a-232620d77eb8,1419264
b98d2963-e7d8-57a1-9bef-dba94841d736,1418666
ba17ed73-ba89-5c33-bb8f-533fe575255a,2940199
ba1a08c8-67b9-53b9-bfa4-290a5e4fca6e,1418519
ba3f0675-5421-5aba-852f-11fd2107e025,2940110
baa28c72-8cfa-5759-b3cb-5e6bc5e8708a,2941021
bab66c26-1502-5caa-9a3d-1259cefacdcf,2939078
bb58c522-9691-59cd-990f-55c3f0aed24b,2941299
bbab47fa-8bc6-5830-a70f-1c62a530a8a3,2939345
bbcc01a2-0b2d-5c8b-a169-6f1dcb4078fa,1417640
bbcea056-a391-5c2f-ada9-1b832a7a343e,1419403
bc1dd2c9-6dad-50b7-8395-bf48375d0682,2941333
bc4f2326-bdff-5e44-9c3a-2f646d216494,1819185
bc7c1251-e6fa-5be5-8ff9-520c8450f661,1417468
bc95e492-2cee-59ee-b9f4-4ee467a4f3a1,2941406
bc9dff28-ea48-5417-bab1-21aa949a873f,2938825
bcf0bbcc-680f-5d0a-9559-63ecb9bdd506,1418806
bd2b4318-a106-51c5-9357-e3f336b42815,2939214
bd4d94d2-549d-594c-9bc6-0a265dba08b6,2578802
bd8a3fa9-514c-569c-a8e7-7e41d1d39814,2940393
bdf83dbc-d206-5459-a8d6-443a713d818d,2938872
be515ceb-18d7-5263-9e0a-e80f8b9bdf97,1416716
be729eeb-542f-557e-a7fb-79cb6cae9409,2940044
c046719c-6da4-5152-bf51-fb037c3d8576,1419049
c0bc1183-0275-53a7-8bb1-75da55615547,2941850
c0ced660-7d86-542b-bb2d-2870995691a9,1419303
c0e08ccb-7f1d-5090-9903-a8b79fd45cf9,1416427
c0fbea52-f74e-54a7-b7e4-2ff14b0e5051,1417993
c11cf648-6a35-5ad2-b065-0d0922fd444a,2941045
c12dc5a7-70f2-5185-beae-5bc41d1874d3,1418577
c154981c-467d-5dd4-9224-d45e68bbe9e7,1819065
c16a2175-1cef-555a-8f03-ccb2df71ac22,2941715
c19d7b3d-41a1-5e84-8906-0cf45cfdb532,1417347
c1e0503f-8ea4-5171-8cc5-df251360e499,1416971
c21d5fc0-8415-58bd-ae28-3dd524e29420,2941672
c29961ae-5057-5057-8308-dcdad98f5ce7,2941221
c2ea875d-6d7e-582b-a07c-ea9f008f0c7a,2938726
c3e0fce7-74f2-5ff4-9404-a70c60eee6e2,1419887
c4481c70-26b8-5801-96a5-a4340279e9ea,2939048
c47d27e6-d16d-501b-8579-f555696062a3,1819233
c4df3eee-211a-5d04-8aba-aed3f864873e,2940334
c4f0d522-ecc4-5a3c-abe8-8d87b7a1fea6,1418500
c5216c0e-139f-5f9e-a7c0-bbc687237be8,1420060
c539337c-2a8c-5550-b078-6853b110ab4b,3031795
c5c48223-1d26-5b31-9fa3-56752bedcaec,1819107
c68bd988-91ac-5c52-b764-9beda532f15c,2939153
c6ac1534-7608-59b4-93b7-6f63d86568b3,2939920
c6ea6dc5-1594-5973-a231-85615291d284,296681
c6ede8af-33a8-5f88-98a6-5019ee553860,1416904
c71bd823-7ccd-59fd-9a0e-9b82b2be4ef9,1417883
c759dd38-ffcf-5974-842a-6b8069164356,296796
c7c84af1-93ca-5c82-9ce0-d6e3dcab89b9,1418972
c7d3718e-fad4-5bd7-8a7b-947035659a7e,2938932
c7ef1230-72bb-5147-9d8f-7ceda8f86cd5,1418760
c82a8e7e-c2ac-5304-8c73-611ce8c51ce2,2941354
c82f1a45-5e2c-5926-a078-30089a8eef72,1418721
c83971a8-69f6-56de-b439-34fad7a71f13,1418128
c8563f2f-4e65-5622-b667-638778e05cfa,1419106
c891130f-3024-5e13-b2b1-122c6e8e7bbe,1416874
c8b0c1fc-b571-5d2a-8031-3edcd6eaae13,1419879
c8d9e809-89eb-5dd9-8245-1dd35efa2dd7,296851
c9a23c8a-026d-5bae-af73-fff724ee807b,2940812
ca62f2a8-90d3-536c-a1af-c003526fbef4,2941747
cacbaefa-6a3e-5aad-ae35-5949684c78d9,296668
cb59e9a2-4a4e-54a8-bb33-91d0299639a4,1419578
cc2baa35-4d23-556a-abbf-dd124f034e0f,1417815
cc52290c-7fbc-5636-90b5-cc9887a65e37,2940531
cc630496-e654-5574-a1cb-bebd4697268d,1418134
cc8282df-d0c5-5b44-80ab-d27c66dfcae8,2940569
cce7b56e-b0a1-5fa1-aa34-70080644da10,297040
cd147de5-aaa2-5933-bc9f-a967ae2c7299,1819250
cd9d5b83-1e52-5d73-a4c5-b2609372be2d,1962491
cdadcb67-a769-54f8-98b1-3b44b78430b4,1417362
ce4fb433-93f1-58b0-ab3c-1949b497ede7,2940409
ce52113c-4414-5920-88b9-c0bb85ecf657,1418954
ceaa239e-6a45-52ef-8bad-550f2da97988,1419992
cebfd84e-6182-5bbd-b4df-c70c78515359,1344994
ced431c5-f5d4-5a2e-accc-a385a16d9753,1417960
cf15dddc-0ca2-5b2c-bdff-f7730d8feac2,2938954
cf68896e-8bd8-5617-9826-572f4f9f9bfd,2939551
cf8c7281-1933-5e80-8faf-353fd064fccc,2938801
cf900455-8ba0-51ae-be63-32f4fcdf2cf3,2941876
cfa52705-62d6-50c7-b9f5-087405921680,2939967
d01eef04-209e-5e91-8a6c-1638f1378cd8,2941440
d064e308-effc-5e82-8133-0d7bb2e2221d,2941890
d10da281-b0e1-57c3-adcd-2da2fe97448c,1819240
d19b90ae-423a-56cf-a8e2-a50a4b8a58e1,1417605
d1c8540b-2d7b-5fcf-addd-4de5262b4695,1417072
d1e6c0af-c132-52f2-a64e-e279fd654448,2940659
d216f62e-bfd7-542d-8a7b-81444ef62dfa,2941882
d244352b-39f5-5092-aa23-595da32be98b,1767324
d252447a-2d46-569f-b71c-cfba7f0e36de,1419562
d305b725-4a19-53b8-90e0-7e06365fddfe,2940579
d353f926-dd2f-5bc3-8458-ab482dd5a96b,296859
d4008e9c-acfe-5b59-924c-cbaf25e73928,2940062
d4056e97-0871-5011-b74b-31d9e263e176,2942054
d433b913-f7d5-55ea-937e-71b81a74fc07,1419945
d4496d9f-54a0-5701-8824-53e6887ff195,1819396
d4c60b2c-a5c9-544f-afcc-a23eb570baed,2940341
d4e86e05-2aaa-5564-b6bd-cfbd80915a80,1418105
d5abdd25-d136-5adf-99a0-d75c1a1c9ffa,2940304
d62d1f34-1b68-5fef-a1f5-11983b3ea6ae,1417444
d6e75d1b-8881-51c6-83a0-1ac0a4506f0d,1819081
d7306c98-6a73-5385-b917-72a4a2b6348a,2941415
d73a7cdd-4789-54f1-b605-e91dae077ba0,1420082
d74d75e7-45e7-590a-9b05-e1d5f9990159,1419486
d7573c01-e253-5cc4-ac77-36db261476f8,2941484
d7623030-c068-5e2b-8c68-507595ebbd85,2939764
d778be5e-d7ce-5722-9ee5-a963aa3b630d,1433007
d7e80e73-5461-52e0-a6d6-a6986ce1341f,1417302
d80e868b-38c4-5d2f-887a-fa36dd4d5ffe,296873
d894b946-aa72-546e-a783-b7d429d2646f,1416835
d8c6a544-0def-5074-9a6e-071d5814609e,3031857
d8d0c2be-ed9d-58b7-b345-e4d8e287982e,1419986
d995eb2f-2120-5654-81cf-f42c62e6423b,2941870
da465921-a367-55f3-a270-b950818e33d0,2939199
da6d1e13-a5d9-5059-ab0b-dc96fc730615,2939996
da7a0e23-dbcf-5413-b6de-eb9f50d13213,2159423
dab13c22-bed2-588c-9c80-ceb851401650,1417729
dab1bf69-3fff-5657-92b0-975eb603671a,1418376
db1ccaa2-2793-5228-bee1-b64f995fbbb5,2940896
db4e55af-096e-50b7-859f-fc56c2e8b315,296735
db57cf2d-e60d-5527-9c38-147236abee8b,1418941
db8a0f22-5b09-574d-9e75-8e553a830895,1416725
db8fc712-cafa-5a9d-be90-c5bd1131a039,1819463
dbf3e873-95a0-59c3-b751-45919d360c4b,2939711
dc5bfe8f-90a2-5b1e-9561-389bf2c86be4,1417568
dc6cfc14-ff1a-5f92-96d1-22c38156649f,1819404
dcee7166-f8d4-51d4-b3b0-d034fa50511b,1417984
dcf67963-37f2-5ae6-a1b0-339618f323a1,2941490
de00827d-caf8-5a5e-9906-dc81dfbf0020,2942447
de30d225-7409-537f-bec3-218a55cb0a79,1418742
dee578d3-98ad-5b43-a7e7-a500130e15a0,1416270
defe269c-3a6f-54af-9bd5-cbc54224c7af,1819439
df4bb40e-d97e-5162-81be-77990a6aaa28,296760
e00aa358-84fb-59b4-a1d3-696f35558e92,2940313
e01fd9f2-8777-50b9-a0fd-aabde634159d,2938695
e02c19f7-0b8d-5f17-9eae-16383d173f13,1417675
e04b699b-fdad-5fc0-91e8-3e62ea469bdc,1819073
e05855ef-0155-5706-b438-0e946aa7028c,1417011
e07852cc-125d-5027-8a03-657a2014d1a7,2941836
e084e100-c1da-5f31-aa76-25ee2458e8b1,1417287
e1139483-33b2-54f1-b75e-96df0739faf0,1416230
e18f184f-c981-5413-a2cc-bf7c2708db80,2940401
e1b49241-e323-5fb8-a300-ae01a03cbc2b,1417797
e210d34e-3d9e-5767-a834-629f1b2e1a7c,2940922
e23722fe-e299-56b8-a8ab-d9b0fe66878d,297049
e23ac1f0-2275-5319-a3b6-79f824e36bbd,1418040
e24486c4-4cd2-59d9-ae2f-5d7d3b826796,1605911
e2748bd2-c7a4-5f8d-844a-06642e77cae2,1419867
e285eb56-82ac-5a8b-b064-ccfb81361d39,2942427
e2e1ca58-9b69-5ae1-a3c0-f36b4655e84a,1417002
e323019e-e269-5f13-b9bc-92366477eb8b,1419845
e3492a99-f03c-5084-8207-ea76352bf476,1419287
e3a1b832-c2da-55ea-a4a0-40ed8a747a89,1419607
e3b92acc-ff12-544c-b5c8-07e4759f10c2,2941453
e3e01e16-b945-5b45-8e81-b3c889c6df9c,2942067
e40b6f8d-0776-54bd-a147-31c8fa595e5a,1417338
e40f3bab-f754-5eba-a1e1-33cc8295cda4,1416575
e415e8c1-c10c-53a7-af2d-773fe4980124,1819305
e428e84e-24fb-551f-98c5-7d4dd66ad8bd,2940168
e45d5324-b4e6-545a-94fc-1664db22cf12,2942208
e5003276-1b25-50c5-baea-1c32e4e2ca7e,2940448
e50216a7-3477-5df8-8d88-47cea6382454,1419325
e65e84ec-cde2-561b-b61a-0d888d96ee16,2942012
e6652c16-bfc9-5c8b-969c-40bfd4600d9b,296924
e67d24dd-648f-59e5-911a-ee702b78e210,296816
e6bc4f80-4460-5b17-befe-5a3537f07f9f,1416407
e6be7f57-42ba-562c-9b20-dafae6d544c1,1417576
e6dcd792-f022-549a-abcb-c5625acdc9ab,2941422
e6ea329c-02fe-5da8-a069-aa5a93322f54,2941242
e6f9e0b5-28ae-53c9-8197-c25264e5e744,1416284
e733abd2-3071-5c96-bb8e-2e11e0868a01,2942033
e75862da-86a4-5395-9f82-7fa2245880e2,1416477
e7d28323-9c97-5482-a23f-f43ff539e28d,1819142
e80c1451-3c66-560d-9337-9a1c30a99c69,297025
e881307f-6461-583c-a072-07952220f794,1417788
e8b9eeb9-9444-5ef6-8426-45b1efa50406,2939678
e909f394-f45a-5de0-b7c4-22812c472537,2969612
e9478e35-c215-591e-81d0-c2bc836c18cc,1416332
e96c8651-5cbb-5b40-844b-ac604db7c31d,2941655
e9b557f6-806d-5129-926d-17c9fc791212,2940100
ea234e4b-a9d0-56c3-8f22-e325897e5ac1,3031902
ea3dfdf7-646c-5253-9100-247980912d56,2940729
eae204e4-add9-5edd-8378-a9b8580fa729,1819224
eaf62798-d91c-58f0-baf4-0634748e68f3,2941610
eb2b3554-0330-53de-8273-4d49ee96eb27,1419591
eb312031-e3c1-5d70-8178-6b7c8dfe5460,1418784
eb60c1a5-e49d-5ed3-b906-90d4cfc537ae,2941458
ebd762d0-b6a6-5af1-9a85-6a91f2e3c414,1416696
ec1e6e71-65f5-5520-a6f0-402d284f3481,296976
ec407d9d-72f6-51ad-82b9-fb8f81b19f45,296949
ed5a7641-a67a-5fb4-b78f-ed105bf928e0,2941582
ee318c01-ec38-51dd-8379-4573a1f60300,2939467
ee3f29da-5424-53df-a5ae-197662721a1c,2942304
ee56d155-9ffc-5312-a40c-ca6054167547,1419270
ee6ab64e-67f7-5e1d-a1e0-39cdf4c18350,2938999
eed66088-9e2e-50bc-a0bb-b6f64133c5b1,2939437
eee3480e-3dbd-5b7e-9cd1-2d5106660e2d,1819505
ef127f9c-d610-5f96-aadc-224099cc6cc0,1417095
ef7905f5-c5a4-507f-ac32-da6f0f350a83,1417180
ef8abd48-eb22-5834-b736-08bd16e65f1d,1419091
efdb2156-dcfc-56a1-8245-6b4bb99a5c9a,2942045
efde7847-1c2a-5d1b-b9eb-3d828f610624,2938680
f0ec3ebd-5526-5934-be9e-67b507e579d6,2939878
f1483b34-6808-5a72-849e-f2a5b84b6940,1418347
f18898ef-523d-5e12-a5c8-f14e9f14244e,2940207
f234d8c9-7114-5e84-a6ed-f27deb1841b8,296968
f23e8e39-61a9-508d-b10c-81428add421d,1418528
f2710f06-3843-5050-b74c-31d9bfdccef6,1420033
f2801022-f16e-50f9-a960-ac5592936886,2940036
f2837e55-4bf9-5757-89d2-65639c99616e,1417625
f2a700e1-9ae9-5ea1-bc01-3e9830a082a2,2982757
f2d12810-f522-5249-ad67-69164945ec42,296903
f2ec5878-7145-5865-a534-9cebd780866f,1417492
f33a81da-da25-5346-b6c8-7966e04532d3,1418837
f34cfe55-0ab8-5f10-a506-6c32bf78c92b,1418912
f3b6e52d-c6e5-5b68-9004-28235482185d,2941179
f4708f5b-bdc3-5fd8-97a7-b0e51a66bbdb,2940183
f4df9af9-6d2f-5d9c-9672-b39d335f8bf3,306986
f539c1b5-c3ad-5b90-ae81-ec4fd1a3d501,1418178
f5722371-eece-5853-9a87-0e869505f4b9,1416451
f5a6daae-f648-51c5-81a8-411e255f43ed,296648
f5cbe182-60db-5b19-846f-d2a759e7e9d8,1417759
f6291441-9d49-570b-aea2-52519339d03c,1418208
f6368eaa-0f81-5d03-9f90-ab367b535d14,2938854
f6c0a199-7315-5845-b2fe-8b40bf207cb0,2941137
f6c56862-9b6f-55a9-8ab4-20deccd51357,296660
f72893e8-ae10-5cc9-b23e-dec79f8ffb98,2941966
f72bab7a-b30b-548b-9091-4ea9ed18af51,2942229
f778bab4-2ec9-5274-9f54-c2efeadbaf22,1417848
f779a3de-bbb9-55a1-8b50-b547e71b53ab,1417559
f782f37d-d809-5c75-aa6e-01ea0e0d0c14,1416786
f7bdd6f2-02bf-561b-a894-1968297eaef3,2940554
f7c7c06a-a4fa-52cc-89d6-527721f96912,2939277
f7d522dc-eb40-53aa-b8a6-27baeb00e9c2,2940675
f7dd3c97-20db-5c30-a9bb-21053c4b532f,2941392
f81cca04-c23e-5841-8ecb-59457f5fe544,2939304
f88ab824-28c3-5051-9a09-19a3f7c7a1c7,1418845
f8cb5a91-1e70-524c-98aa-24085b42c4d8,1419255
f909fe6b-8033-5b54-aca4-1a3f2097e3c8,1419465
f9172510-b3cf-5cc0-b6f3-3cd0674aafde,2942092
f99943bf-86d4-593d-abad-2e73eaf5cf51,1417387
fa1317a8-0dd5-560c-9892-cbb6370a1ffc,1819457
fa3b9b29-2f42-546d-a80e-2200e68c55cd,2939828
fa4a51df-d080-5a42-8c6c-cabc3aaaa9a6,1419142
fa84d9fc-988f-5436-a47f-ee9d8759183a,2941939
faa3f787-7f20-5b0f-96a9-37456cd5afb8,1416954
fafdbd11-346e-5f2e-a7ba-b8c30cacb468,2940563
fc50c8c5-ff0b-5ecc-aaaf-279b6f8192dc,2940524
fc767c11-9cf8-554b-b905-222bd4d42925,1418323
fceb198f-e7c6-5f5e-90ea-0fe4da3b1fba,1416247
fd02d96e-6baa-5203-ade1-dcfafd48c2c5,1418693
fd1ae129-90e4-5621-a804-731e3ba228ec,2941707
fd24f89e-4d4d-5f3a-a801-ad510779f6e4,1419360
fd7fbeca-c53f-5cf2-9d84-8e897e70b95f,2938783
fe5b0a7c-e17e-5762-95e8-fb3d05e0ca88,1418117
fe7ba154-f82a-56f0-92cc-b55c7c0bdfd3,2941782
fee82647-5f71-51d9-8637-e4b6b059edfb,1416308
ff241ba5-5323-5530-9f02-88e0e087aeba,2940489
ffa1e73a-7dad-55be-be42-22ee35d5745e,2549071
ffddbe34-c0f3-54fd-b594-75dc6dce741a,1419740
fff0578f-e909-5b00-8cca-ce2e35970ce5,1418933