ho0001,4
ho1,1
ho10,1
ho1000,4
ho1001,4
ho1002,4
ho1003,4
ho1004,4
ho1005,4
ho1006,4
ho1007,4
ho1008,4
ho1009,4
ho101,1
ho1010,4
ho1011,4
ho1012,4
ho1013,4
ho1014,4
ho1015,4
ho1016,4
ho1017,4
ho1018,4
ho1019,4
ho102,1
ho1020,4
ho1021,4
ho1022,4
ho1023,4
ho1024,4
ho1025,4
ho1026,4
ho1027,4
ho1028,4
ho1029,4
ho103,1
ho1030,4
ho1031,4
ho1032,4
ho1033,4
ho1034,4
ho1035,4
ho1036,4
ho1037,4
ho1038,4
ho1039,4
ho1040,4
ho1041,4
ho1042,4
ho1043,4
ho1044,4
ho1045,4
ho1046,4
ho1047,4
ho1048,4
ho1049,4
ho105,1
ho1050,4
ho1051,4
ho1052,4
ho1053,4
ho1054,4
ho1055,4
ho1056,4
ho1057,4
ho1058,4
ho1059,4
ho1060,4
ho1061,4
ho1062,4
ho1063,4
ho1064,4
ho1065,4
ho1066,4
ho1067,4
ho1068,4
ho1069,4
ho107,1
ho1070,4
ho1071,4
ho1072,4
ho1073,4
ho1074,4
ho1075,4
ho1076,4
ho1077,4
ho1078,4
ho1079,4
ho1080,4
ho1081,4
ho1082,4
ho1083,4
ho1084,4
ho1085,4
ho1086,4
ho1087,4
ho1088,4
ho1089,4
ho1090,4
ho1091,4
ho1092,4
ho1093,4
ho1094,4
ho1095,4
ho1096,4
ho1097,4
ho1098,4
ho1099,4
ho110,1
ho1100,4
ho1101,4
ho1102,4
ho1103,4
ho1104,4
ho1105,4
ho1106,4
ho1107,4
ho1108,4
ho1109,4
ho111,1
ho1110,4
ho1111,4
ho1112,4
ho1113,4
ho1114,4
ho1115,4
ho1116,4
ho1117,4
ho1118,4
ho1119,4
ho112,1
ho1120,4
ho1121,4
ho1122,4
ho1123,4
ho1124,4
ho1125,4
ho1126,4
ho1127,4
ho1128,4
ho1129,4
ho113,1
ho1130,4
ho1131,4
ho1132,4
ho1133,4
ho1134,4
ho1135,4
ho1136,4
ho1137,4
ho1138,4
ho1139,4
ho114,1
ho1140,4
ho1141,4
ho1142,4
ho1143,4
ho1144,4
ho1145,4
ho1146,4
ho1147,4
ho1148,4
ho1149,4
ho115,1
ho1150,4
ho1151,4
ho1152,4
ho1153,4
ho1154,4
ho1155,4
ho1156,4
ho1157,4
ho1158,4
ho1159,4
ho116,1
ho1160,4
ho1161,4
ho1162,4
ho1163,4
ho1164,4
ho1165,4
ho1166,4
ho1167,4
ho1168,4
ho1169,4
ho117,1
ho1170,4
ho1171,4
ho1172,4
ho1173,4
ho1174,4
ho1175,4
ho1176,4
ho1177,4
ho1178,4
ho1179,4
ho118,1
ho1180,4
ho1181,4
ho1182,4
ho1183,4
ho1184,4
ho1185,4
ho1186,4
ho1187,4
ho1188,4
ho1189,4
ho119,1
ho1190,4
ho1191,4
ho1192,4
ho1193,4
ho1194,4
ho1195,4
ho1196,4
ho1197,4
ho1198,4
ho1199,4
ho12,1
ho120,1
ho1200,4
ho1201,4
ho1202,4
ho1203,4
ho1204,4
ho1205,4
ho1206,4
ho1207,4
ho1208,4
ho1209,4
ho121,1
ho1210,4
ho1211,4
ho1212,4
ho1213,4
ho1214,4
ho1215,4
ho1216,4
ho1217,4
ho1218,4
ho1219,4
ho122,1
ho1220,4
ho1221,4
ho1222,4
ho1223,4
ho1224,4
ho1225,4
ho1226,4
ho1227,4
ho1228,4
ho1229,4
ho123,1
ho1230,4
ho1231,4
ho1232,4
ho1233,4
ho1234,4
ho1235,4
ho1236,4
ho1237,4
ho1238,4
ho1239,4
ho124,1
ho1240,4
ho1241,4
ho1242,4
ho1243,4
ho1244,4
ho1245,4
ho1246,4
ho1247,4
ho1248,4
ho1249,4
ho125,1
ho1250,4
ho1251,4
ho1252,4
ho1253,4
ho1254,4
ho1255,4
ho1256,4
ho1257,4
ho1258,4
ho1259,4
ho126,1
ho1260,4
ho1261,4
ho1262,4
ho1263,4
ho1264,4
ho1265,4
ho1266,4
ho1267,4
ho1268,4
ho1269,4
ho1270,4
ho1271,4
ho1272,4
ho1273,4
ho1274,4
ho1275,4
ho1276,4
ho1277,4
ho1278,4
ho1279,4
ho1280,4
ho1281,4
ho1282,4
ho1283,4
ho1284,4
ho1285,4
ho1286,4
ho1287,4
ho1288,4
ho1289,4
ho129,1
ho1290,4
ho1291,4
ho1292,4
ho1293,4
ho1294,4
ho1295,4
ho1296,4
ho1297,4
ho1298,4
ho1299,4
ho13,1
ho130,1
ho1300,4
ho1301,4
ho1302,4
ho1303,4
ho1304,4
ho1305,4
ho1306,4
ho1307,4
ho1308,4
ho1309,4
ho131,1
ho1310,4
ho1311,4
ho1312,4
ho1313,4
ho1314,4
ho1315,4
ho1316,4
ho1317,4
ho1318,4
ho1319,4
ho132,1
ho1320,4
ho1321,4
ho1322,4
ho1323,4
ho1324,4
ho1325,4
ho1326,4
ho1327,4
ho1328,4
ho1329,4
ho133,1
ho1330,4
ho1331,4
ho1332,4
ho1333,4
ho1334,4
ho1335,4
ho1336,4
ho1337,4
ho1338,4
ho1339,4
ho134,1
ho1340,4
ho1341,4
ho1342,4
ho1343,4
ho1344,4
ho1345,4
ho1346,4
ho1347,4
ho1348,4
ho1349,4
ho135,1
ho1350,4
ho1351,4
ho1352,4
ho1353,4
ho1354,4
ho1355,4
ho1356,4
ho1357,4
ho1358,4
ho1359,4
ho136,1
ho1360,4
ho1361,4
ho1362,4
ho1363,4
ho1364,4
ho1365,4
ho1366,4
ho1367,4
ho1368,4
ho1369,4
ho137,1
ho1370,4
ho1371,4
ho1372,4
ho1373,4
ho1374,4
ho1375,4
ho1376,4
ho1377,4
ho1378,4
ho1379,4
ho138,1
ho1380,4
ho1381,4
ho1382,4
ho1383,4
ho1384,4
ho1385,4
ho1386,4
ho1387,4
ho1388,4
ho1389,4
ho139,1
ho1390,4
ho1391,4
ho1392,4
ho1393,4
ho1394,4
ho1395,4
ho1396,4
ho1397,4
ho1398,4
ho1399,4
ho14,1
ho140,1
ho1400,4
ho1401,4
ho1402,4
ho1403,4
ho1404,4
ho1405,4
ho1406,4
ho1407,4
ho1408,4
ho1409,4
ho141,1
ho1410,4
ho1411,4
ho1412,4
ho1413,4
ho1414,4
ho1415,4
ho1416,4
ho1417,4
ho1418,4
ho1419,4
ho142,1
ho1420,4
ho1421,4
ho1422,4
ho1423,4
ho1424,4
ho1425,4
ho1426,4
ho1427,4
ho1428,4
ho1429,4
ho143,1
ho1430,4
ho1431,4
ho1432,4
ho1433,4
ho1434,4
ho1435,4
ho1436,4
ho1437,4
ho1438,4
ho1439,4
ho144,1
ho1440,4
ho1441,4
ho1442,4
ho1443,4
ho1444,4
ho1445,4
ho1446,4
ho1447,4
ho1448,4
ho1449,4
ho145,1
ho1450,4
ho1451,4
ho1452,4
ho1453,4
ho1454,4
ho1455,4
ho1456,4
ho1457,4
ho1458,4
ho1459,4
ho146,1
ho1460,4
ho1461,4
ho1462,4
ho1463,4
ho1464,4
ho1465,4
ho1466,4
ho1467,4
ho1468,4
ho1469,4
ho147,1
ho1470,4
ho1471,4
ho1472,4
ho1473,4
ho1474,4
ho1475,4
ho1476,4
ho1477,4
ho1478,4
ho1479,4
ho1480,4
ho1481,4
ho1482,4
ho1483,4
ho1484,4
ho1485,4
ho1486,4
ho1487,4
ho1488,4
ho1489,4
ho149,1
ho1490,4
ho1491,4
ho1492,4
ho1493,4
ho1494,4
ho1495,4
ho1496,4
ho1497,4
ho1498,4
ho1499,4
ho15,1
ho150,1
ho1500,4
ho1501,4
ho1502,4
ho1503,4
ho1504,4
ho1505,4
ho1506,4
ho1507,4
ho1508,4
ho1509,4
ho151,1
ho1510,4
ho1511,4
ho1512,4
ho1513,4
ho1514,4
ho1515,4
ho1516,4
ho1517,4
ho1518,4
ho1519,4
ho152,1
ho1520,4
ho1521,4
ho1522,4
ho1523,4
ho1524,4
ho1525,4
ho1526,4
ho1527,4
ho1528,4
ho1529,4
ho1530,4
ho1531,4
ho1532,4
ho1533,4
ho1534,4
ho1535,4
ho1536,4
ho1537,4
ho1538,4
ho1539,4
ho154,1
ho1540,4
ho1541,4
ho1542,4
ho1543,4
ho1544,4
ho1545,4
ho1546,4
ho1547,4
ho1548,4
ho1549,4
ho155,1
ho1550,4
ho1551,4
ho1552,4
ho1553,4
ho1554,4
ho1555,4
ho1556,4
ho1557,4
ho1558,4
ho1559,4
ho156,1
ho1560,4
ho1561,4
ho1562,4
ho1563,4
ho1564,4
ho1565,4
ho1566,4
ho1567,4
ho1568,4
ho1569,4
ho157,1
ho1570,4
ho1571,4
ho1572,4
ho1573,4
ho1574,4
ho1575,4
ho1576,4
ho1577,4
ho1578,4
ho1579,4
ho158,1
ho1580,4
ho1581,4
ho1582,4
ho1583,4
ho1584,4
ho1585,4
ho1586,4
ho1587,4
ho1588,4
ho1589,4
ho159,1
ho1590,4
ho1591,4
ho1592,4
ho1593,4
ho1594,4
ho1595,4
ho1596,4
ho1597,4
ho1598,4
ho1599,4
ho16,1
ho1600,4
ho1601,4
ho1602,4
ho1603,4
ho1604,4
ho1605,4
ho1606,4
ho1607,4
ho1608,4
ho1609,4
ho1610,4
ho1611,4
ho1612,4
ho1613,4
ho1614,4
ho1615,4
ho1616,4
ho1617,4
ho1618,4
ho1619,4
ho162,1
ho1620,4
ho1621,4
ho1622,4
ho1623,4
ho1624,4
ho1625,4
ho1626,4
ho1627,4
ho1628,4
ho1629,4
ho163,1
ho1630,4
ho1631,4
ho1632,4
ho1633,4
ho1634,4
ho1635,4
ho1636,4
ho1637,4
ho1638,4
ho1639,4
ho164,1
ho1640,4
ho1641,4
ho1642,4
ho1643,4
ho1644,4
ho1645,4
ho1646,4
ho1647,4
ho1648,4
ho1649,4
ho165,1
ho1650,4
ho1651,4
ho1652,4
ho1653,4
ho1654,4
ho1655,4
ho1656,4
ho1657,4
ho1658,4
ho1659,4
ho166,1
ho1660,4
ho1661,4
ho1662,4
ho1663,4
ho1664,4
ho1665,4
ho1666,4
ho1667,4
ho1668,4
ho1669,4
ho167,1
ho1670,4
ho1671,4
ho1672,4
ho1673,4
ho1674,4
ho1675,4
ho1676,4
ho1677,4
ho1678,4
ho1679,4
ho168,1
ho1680,4
ho1681,4
ho1682,4
ho1683,4
ho1684,4
ho1685,4
ho1686,4
ho1687,4
ho1688,4
ho1689,4
ho1690,4
ho1691,4
ho1692,4
ho1693,4
ho1694,4
ho1695,4
ho1696,4
ho1697,4
ho1698,4
ho1699,4
ho17,1
ho1700,4
ho1701,4
ho1702,4
ho1703,4
ho1704,4
ho1705,4
ho1706,4
ho1707,4
ho1708,4
ho1709,4
ho171,1
ho1710,4
ho1711,4
ho1712,4
ho1713,4
ho1714,4
ho1715,4
ho1716,4
ho1717,4
ho1718,4
ho1719,4
ho1720,4
ho1721,4
ho1722,4
ho1723,4
ho1724,4
ho1725,4
ho1726,4
ho1727,4
ho1728,4
ho1729,4
ho173,1
ho1730,4
ho1731,4
ho1732,4
ho1733,4
ho1734,4
ho1735,4
ho1736,4
ho1737,4
ho1738,4
ho1739,4
ho1740,4
ho1741,4
ho1742,4
ho1743,4
ho1744,4
ho1745,4
ho1746,4
ho1747,4
ho1748,4
ho1749,4
ho175,1
ho1750,4
ho1751,4
ho1752,4
ho1753,4
ho1754,4
ho1755,4
ho1756,4
ho1757,4
ho1758,4
ho1759,4
ho1760,4
ho1761,4
ho1762,4
ho1763,4
ho1764,4
ho1765,4
ho1766,4
ho1767,4
ho1768,4
ho1769,4
ho177,1
ho1770,4
ho1771,4
ho1772,4
ho1773,4
ho1774,4
ho1775,4
ho1776,4
ho1777,4
ho1778,4
ho1779,4
ho178,1
ho1780,4
ho1781,4
ho1782,4
ho1783,4
ho1784,4
ho1785,4
ho1786,4
ho1787,4
ho1788,4
ho1789,4
ho179,1
ho1790,4
ho1791,4
ho1792,4
ho1793,4
ho1794,4
ho1795,4
ho1796,4
ho1797,4
ho1798,4
ho1799,4
ho18,1
ho180,1
ho1800,4
ho1801,4
ho1802,4
ho1803,4
ho1804,4
ho1805,4
ho1806,4
ho1807,4
ho1808,4
ho1809,4
ho181,1
ho1810,4
ho1811,4
ho1812,4
ho1813,4
ho1814,4
ho1815,4
ho1816,4
ho1817,4
ho1818,4
ho1819,4
ho182,1
ho1820,4
ho1821,4
ho1822,4
ho1823,4
ho1824,4
ho1825,4
ho1826,4
ho1827,4
ho1828,4
ho1829,4
ho183,1
ho1830,4
ho1831,4
ho1832,4
ho1833,4
ho1834,4
ho1835,4
ho1836,4
ho1837,4
ho1838,4
ho1839,4
ho184,1
ho1840,4
ho1841,4
ho1842,4
ho1843,4
ho1844,4
ho1845,4
ho1846,4
ho1847,4
ho1848,4
ho1849,4
ho185,1
ho1850,4
ho1851,4
ho1852,4
ho1853,4
ho1854,4
ho1855,4
ho1856,4
ho1857,4
ho1858,4
ho1859,4
ho186,1
ho1860,4
ho1861,4
ho1862,4
ho1863,4
ho1864,4
ho1865,4
ho1866,4
ho1867,4
ho1868,4
ho1869,4
ho187,1
ho1870,4
ho1871,4
ho1872,4
ho1873,4
ho1874,4
ho1875,4
ho1876,4
ho1877,4
ho1878,4
ho1879,4
ho188,1
ho1880,4
ho1881,4
ho1882,4
ho1883,4
ho1884,4
ho1885,4
ho1886,4
ho1887,4
ho1888,4
ho1889,4
ho189,1
ho1890,4
ho1891,4
ho1892,4
ho1893,4
ho1894,4
ho1895,4
ho1896,4
ho1897,4
ho1898,4
ho1899,4
ho190,1
ho1900,4
ho1901,4
ho1902,4
ho1903,4
ho1904,4
ho1905,4
ho1906,4
ho1907,4
ho1908,4
ho1909,4
ho191,1
ho1910,4
ho1911,4
ho1912,4
ho1913,4
ho1914,4
ho1915,4
ho1916,4
ho1917,4
ho1918,4
ho1919,4
ho192,1
ho1920,4
ho1921,4
ho1922,4
ho1923,4
ho1924,4
ho1925,4
ho1926,4
ho1927,4
ho1928,4
ho1929,4
ho193,1
ho1930,4
ho1931,4
ho1932,4
ho1933,4
ho1934,4
ho1935,4
ho1936,4
ho1937,4
ho1938,4
ho1939,4
ho194,1
ho1940,4
ho1941,4
ho1942,4
ho1943,4
ho1944,4
ho1945,4
ho1946,4
ho1947,4
ho1948,4
ho1949,4
ho1950,4
ho1951,4
ho1952,4
ho1953,4
ho1954,4
ho1955,4
ho1956,4
ho1957,4
ho1958,4
ho1959,4
ho1960,4
ho1961,4
ho1962,4
ho1963,4
ho1964,4
ho1965,4
ho1966,4
ho1967,4
ho1968,4
ho1969,4
ho197,1
ho1970,4
ho1971,4
ho1972,4
ho1973,4
ho1974,4
ho1975,4
ho1976,4
ho1977,4
ho1978,4
ho1979,4
ho1980,4
ho1981,4
ho1982,4
ho1983,4
ho1984,4
ho1985,4
ho1986,4
ho1987,4
ho1988,4
ho1989,4
ho199,1
ho1990,4
ho1991,4
ho1992,4
ho1993,4
ho1994,4
ho1995,4
ho1996,4
ho1997,4
ho1998,4
ho1999,4
ho2,1
ho20,1
ho200,1
ho2000,4
ho2001,4
ho2002,4
ho2003,4
ho2004,4
ho2005,4
ho2006,4
ho2007,4
ho2008,4
ho2009,4
ho201,1
ho2010,4
ho2011,4
ho2012,4
ho2013,4
ho2014,4
ho2015,4
ho2016,4
ho2017,4
ho2018,4
ho2019,4
ho202,1
ho2020,4
ho2021,4
ho2022,4
ho2023,4
ho2024,4
ho2025,4
ho2026,4
ho2027,4
ho2028,4
ho2029,4
ho203,1
ho2030,4
ho2031,4
ho2032,4
ho2033,4
ho2034,4
ho2035,4
ho2036,4
ho2037,4
ho2038,4
ho2039,4
ho204,1
ho2040,4
ho2041,4
ho2042,4
ho2043,4
ho2044,4
ho2045,4
ho2046,4
ho2047,4
ho2048,4
ho2049,4
ho205,1
ho2050,4
ho2051,4
ho2052,4
ho2053,4
ho2054,4
ho2055,4
ho2056,4
ho2057,4
ho2058,4
ho2059,4
ho206,1
ho2060,4
ho2061,4
ho2062,4
ho2063,4
ho2064,4
ho2065,4
ho2066,4
ho2067,4
ho2068,4
ho2069,4
ho207,1
ho2070,4
ho2071,4
ho2072,4
ho2073,4
ho2074,4
ho2075,4
ho2076,4
ho2077,4
ho2078,4
ho2079,4
ho208,1
ho2080,4
ho2081,4
ho2082,4
ho2083,4
ho2084,4
ho2085,4
ho2086,4
ho2087,4
ho2088,4
ho2089,4
ho209,1
ho2090,4
ho2091,4
ho2092,4
ho2093,4
ho2094,4
ho2095,4
ho2096,4
ho2097,4
ho2098,4
ho2099,4
ho21,1
ho210,1
ho2100,4
ho2101,4
ho2102,4
ho2103,4
ho2104,4
ho2105,4
ho2106,4
ho2107,4
ho2108,4
ho2109,4
ho211,1
ho2110,4
ho2111,4
ho2112,4
ho2113,4
ho2114,4
ho2115,4
ho2116,4
ho2117,4
ho2118,4
ho2119,4
ho212,1
ho2120,4
ho2121,4
ho2122,4
ho2123,4
ho2124,4
ho2125,4
ho2126,4
ho2127,4
ho2128,4
ho2129,4
ho213,1
ho2130,4
ho2131,4
ho2132,4
ho2133,4
ho2134,4
ho2135,4
ho2136,4
ho2137,4
ho2138,4
ho2139,4
ho214,1
ho2140,4
ho2141,4
ho2142,4
ho2143,4
ho2144,4
ho2145,4
ho2146,4
ho2147,4
ho2148,4
ho2149,4
ho215,1
ho2150,4
ho2151,4
ho2152,4
ho2153,4
ho2154,4
ho2155,4
ho2156,4
ho2157,4
ho2158,4
ho2159,4
ho216,1
ho2160,4
ho2161,4
ho2162,4
ho2163,4
ho2164,4
ho2165,4
ho2166,4
ho2167,4
ho2168,4
ho2169,4
ho217,1
ho2170,4
ho2171,4
ho2172,4
ho2173,4
ho2174,4
ho2175,4
ho2176,4
ho2177,4
ho2178,4
ho2179,4
ho218,1
ho2180,4
ho2181,4
ho2182,4
ho2183,4
ho2184,4
ho2185,4
ho2186,4
ho2187,4
ho2188,4
ho2189,4
ho219,1
ho2190,4
ho2191,4
ho2192,4
ho2193,4
ho2194,4
ho2195,4
ho2196,4
ho2197,4
ho2198,4
ho2199,4
ho22,1
ho2200,4
ho2201,4
ho2202,4
ho2203,4
ho2204,4
ho2205,4
ho2206,4
ho2207,4
ho2208,4
ho2209,4
ho221,1
ho2210,4
ho2211,4
ho2212,4
ho2213,4
ho2214,4
ho2215,4
ho2216,4
ho2217,4
ho2218,4
ho2219,4
ho222,1
ho2220,4
ho2221,4
ho2222,4
ho2223,4
ho2224,4
ho2225,4
ho2226,4
ho2227,4
ho2228,4
ho2229,4
ho223,1
ho2230,4
ho2231,4
ho2232,4
ho2233,4
ho2234,4
ho2235,4
ho2236,4
ho2237,4
ho2238,4
ho2239,4
ho224,1
ho2240,4
ho2241,4
ho2242,4
ho2243,4
ho2244,4
ho2245,4
ho2246,4
ho2247,4
ho2248,4
ho2249,4
ho225,1
ho2250,4
ho2251,4
ho2252,4
ho2253,4
ho2254,4
ho2255,4
ho2256,4
ho2257,4
ho2258,4
ho2259,4
ho226,1
ho2260,4
ho2261,4
ho2262,4
ho2263,4
ho2264,4
ho2265,4
ho2266,4
ho2267,4
ho2268,4
ho2269,4
ho2270,4
ho2271,4
ho2272,4
ho2273,4
ho2274,4
ho2275,4
ho2276,4
ho2277,4
ho2278,4
ho2279,4
ho228,1
ho2280,4
ho2281,4
ho2282,4
ho2283,4
ho2284,4
ho2285,4
ho2286,4
ho2287,4
ho2288,4
ho2289,4
ho229,1
ho2290,4
ho2291,4
ho2292,4
ho2293,4
ho2294,4
ho2295,4
ho2296,4
ho2297,4
ho2298,4
ho2299,4
ho23,1
ho230,1
ho2300,4
ho2301,4
ho2302,4
ho2303,4
ho2304,4
ho2305,4
ho2306,4
ho2307,4
ho2308,4
ho2309,4
ho231,1
ho2310,4
ho2311,4
ho2312,4
ho2313,4
ho2314,4
ho2315,4
ho2316,4
ho2317,4
ho2318,4
ho2319,4
ho232,1
ho2320,4
ho2321,4
ho2322,4
ho2323,4
ho2324,4
ho2325,4
ho2326,4
ho2327,4
ho2328,4
ho2329,4
ho233,1
ho2330,4
ho2331,4
ho2332,4
ho2333,4
ho2334,4
ho2335,4
ho2336,4
ho2337,4
ho2338,4
ho2339,4
ho2340,4
ho2341,4
ho2342,4
ho2343,4
ho2344,4
ho2345,4
ho2346,4
ho2347,4
ho2348,4
ho2349,4
ho235,1
ho2350,4
ho2351,4
ho2352,4
ho2353,4
ho2354,4
ho2355,4
ho2356,4
ho2357,4
ho2358,4
ho2359,4
ho236,1
ho2360,4
ho2361,4
ho2362,4
ho2363,4
ho2364,4
ho2365,4
ho2366,4
ho2367,4
ho2368,4
ho2369,4
ho237,1
ho2370,4
ho2371,4
ho2372,4
ho2373,4
ho2374,4
ho2375,4
ho2376,4
ho2377,4
ho2378,4
ho2379,4
ho238,1
ho2380,4
ho2381,4
ho2382,4
ho2383,4
ho2384,4
ho2385,4
ho2386,4
ho2387,4
ho2388,4
ho2389,4
ho239,1
ho2390,4
ho2391,4
ho2392,4
ho2393,4
ho2394,4
ho2395,4
ho2396,4
ho2397,4
ho2398,4
ho2399,4
ho24,1
ho240,1
ho2400,4
ho2401,4
ho2402,4
ho2403,4
ho2404,4
ho2405,4
ho2406,4
ho2407,4
ho2408,4
ho2409,4
ho241,1
ho2410,4
ho2411,4
ho2412,4
ho2413,4
ho2414,4
ho2415,4
ho2416,4
ho2417,4
ho2418,4
ho2419,4
ho242,1
ho2420,4
ho2421,4
ho2422,4
ho2423,4
ho2424,4
ho2425,4
ho2426,4
ho2427,4
ho2428,4
ho2429,4
ho243,1
ho2430,4
ho2431,4
ho2432,4
ho2433,4
ho2434,4
ho2435,4
ho2436,4
ho2437,4
ho2438,4
ho2439,4
ho244,1
ho2440,4
ho2441,4
ho2442,4
ho2443,4
ho2444,4
ho2445,4
ho2446,4
ho2447,4
ho2448,4
ho2449,4
ho245,1
ho2450,4
ho2451,4
ho2452,4
ho2453,4
ho2454,4
ho2455,4
ho2456,4
ho2457,4
ho2458,4
ho2459,4
ho2460,4
ho2461,4
ho2462,4
ho2463,4
ho2464,4
ho2465,4
ho2466,4
ho2467,4
ho2468,4
ho2469,4
ho247,1
ho2470,4
ho2471,4
ho2472,4
ho2473,4
ho2474,4
ho2475,4
ho2476,4
ho2477,4
ho2478,4
ho2479,4
ho248,1
ho2480,4
ho2481,4
ho2482,4
ho2483,4
ho2484,4
ho2485,4
ho2486,4
ho2487,4
ho2488,4
ho2489,4
ho249,1
ho2490,4
ho2491,4
ho2492,4
ho2493,4
ho2494,4
ho2495,4
ho2496,4
ho2497,4
ho2498,4
ho2499,4
ho25,1
ho250,1
ho2500,4
ho2501,4
ho2502,4
ho2503,4
ho2504,4
ho2505,4
ho2506,4
ho2507,4
ho2508,4
ho2509,4
ho2510,4
ho2511,4
ho2512,4
ho2513,4
ho2514,4
ho2515,4
ho2516,4
ho2517,4
ho2518,4
ho2519,4
ho2520,4
ho2521,4
ho2522,4
ho2523,4
ho2524,4
ho2525,4
ho2526,4
ho2527,4
ho2528,4
ho2529,4
ho2530,4
ho2531,4
ho2532,4
ho2533,4
ho2534,4
ho2535,4
ho2536,4
ho2537,4
ho2538,4
ho2539,4
ho254,1
ho2540,4
ho2541,4
ho2542,4
ho2543,4
ho2544,4
ho2545,4
ho2546,4
ho2547,4
ho2548,4
ho2549,4
ho2550,4
ho2551,4
ho2552,4
ho2553,4
ho2554,4
ho2555,4
ho2556,4
ho2557,4
ho2558,4
ho2559,4
ho2560,4
ho2561,4
ho2562,4
ho2563,4
ho2564,4
ho2565,4
ho2566,4
ho2567,4
ho2568,4
ho2569,4
ho257,1
ho2570,4
ho2571,4
ho2572,4
ho2573,4
ho2574,4
ho2575,4
ho2576,4
ho2577,4
ho2578,4
ho2579,4
ho258,1
ho2580,4
ho2581,4
ho2582,4
ho2583,4
ho2584,4
ho2585,4
ho2586,4
ho2587,4
ho2588,4
ho2589,4
ho259,1
ho2590,4
ho2591,4
ho2592,4
ho2593,4
ho2594,4
ho2595,4
ho2596,4
ho2597,4
ho2598,4
ho2599,4
ho26,1
ho260,1
ho2600,4
ho2601,4
ho2602,4
ho2603,4
ho2604,4
ho2605,4
ho2606,4
ho2607,4
ho2608,4
ho2609,4
ho2610,4
ho2611,4
ho2612,4
ho2613,4
ho2614,4
ho2615,4
ho2616,4
ho2617,4
ho2618,4
ho2619,4
ho262,1
ho2620,4
ho2621,4
ho2622,4
ho2623,4
ho2624,4
ho2625,4
ho2626,4
ho2627,4
ho2628,4
ho2629,4
ho2630,4
ho2631,4
ho2632,4
ho2633,4
ho2634,4
ho2635,4
ho2636,4
ho2637,4
ho2638,4
ho2639,4
ho2640,4
ho2641,4
ho2642,4
ho2643,4
ho2644,4
ho2645,4
ho2646,4
ho2647,4
ho2648,4
ho2649,4
ho265,1
ho2650,4
ho2651,4
ho2652,4
ho2653,4
ho2654,4
ho2655,4
ho2656,4
ho2657,4
ho2658,4
ho2659,4
ho266,1
ho2660,4
ho2661,4
ho2662,4
ho2663,4
ho2664,4
ho2665,4
ho2666,4
ho2667,4
ho2668,4
ho2669,4
ho2670,4
ho2671,4
ho2672,4
ho2673,4
ho2674,4
ho2675,4
ho2676,4
ho2677,4
ho2678,4
ho2679,4
ho268,1
ho2680,4
ho2681,4
ho2682,4
ho2683,4
ho2684,4
ho2685,4
ho2686,4
ho2687,4
ho2688,4
ho2689,4
ho2690,4
ho2691,4
ho2692,4
ho2693,4
ho2694,4
ho2695,4
ho2696,4
ho2697,4
ho2698,4
ho2699,4
ho27,1
ho2700,4
ho2701,4
ho2702,4
ho2703,4
ho2704,4
ho2705,4
ho2706,4
ho2707,4
ho2708,4
ho2709,4
ho271,1
ho2710,4
ho2711,4
ho2712,4
ho2713,4
ho2714,4
ho2715,4
ho2716,4
ho2717,4
ho2718,4
ho2719,4
ho2720,4
ho2721,4
ho2722,4
ho2723,4
ho2724,4
ho2725,4
ho2726,4
ho2727,4
ho2728,4
ho2729,4
ho273,1
ho2730,4
ho2731,4
ho2732,4
ho2733,4
ho2734,4
ho2735,4
ho2736,4
ho2737,4
ho2738,4
ho2739,4
ho274,1
ho2740,4
ho2741,4
ho2742,4
ho2743,4
ho2744,4
ho2745,4
ho2746,4
ho2747,4
ho2748,4
ho2749,4
ho275,1
ho2750,4
ho2751,4
ho2752,4
ho2753,4
ho2754,4
ho2755,4
ho2756,4
ho2757,4
ho2758,4
ho2759,4
ho276,1
ho2760,4
ho2761,4
ho2762,4
ho2763,4
ho2764,4
ho2765,4
ho2766,4
ho2767,4
ho2768,4
ho2769,4
ho277,1
ho2770,4
ho2771,4
ho2772,4
ho2773,4
ho2774,4
ho2775,4
ho2776,4
ho2777,4
ho2778,4
ho2779,4
ho278,1
ho2780,4
ho2781,4
ho2782,4
ho2783,4
ho2784,4
ho2785,4
ho2786,4
ho2787,4
ho2788,4
ho2789,4
ho2790,4
ho2791,4
ho2792,4
ho2793,4
ho2794,4
ho2795,4
ho2796,4
ho2797,4
ho2798,4
ho2799,4
ho280,1
ho2800,4
ho2801,4
ho2802,4
ho2803,4
ho2804,4
ho2805,4
ho2806,4
ho2807,4
ho2808,4
ho2809,4
ho281,1
ho2810,4
ho2811,4
ho2812,4
ho2813,4
ho2814,4
ho2815,4
ho2816,4
ho2817,4
ho2818,4
ho2819,4
ho282,1
ho2820,4
ho2821,4
ho2822,4
ho2823,4
ho2824,4
ho2825,4
ho2826,4
ho2827,4
ho2828,4
ho2829,4
ho2830,4
ho2831,4
ho2832,4
ho2833,4
ho2834,4
ho2835,4
ho2836,4
ho2837,4
ho2838,4
ho2839,4
ho2840,4
ho2841,4
ho2842,4
ho2843,4
ho2844,4
ho2845,4
ho2846,4
ho2847,4
ho2848,4
ho2849,4
ho2850,4
ho2851,4
ho2852,4
ho2853,4
ho2854,4
ho2855,4
ho2856,4
ho2857,4
ho2858,4
ho2859,4
ho2860,4
ho2861,4
ho2862,4
ho2863,4
ho2864,4
ho2865,4
ho2866,4
ho2867,4
ho2868,4
ho2869,4
ho2870,4
ho2871,4
ho2872,4
ho2873,4
ho2874,4
ho2875,4
ho2876,4
ho2877,4
ho2878,4
ho2879,4
ho2880,4
ho2881,4
ho2882,4
ho2883,4
ho2884,4
ho2885,4
ho2886,4
ho2887,4
ho2888,4
ho2889,4
ho289,1
ho2890,4
ho2891,4
ho2892,4
ho2893,4
ho2894,4
ho2895,4
ho2896,4
ho2897,4
ho2898,4
ho2899,4
ho29,1
ho290,1
ho2900,4
ho2901,4
ho2902,4
ho2903,4
ho2904,4
ho2905,4
ho2906,4
ho2907,4
ho2908,4
ho2909,4
ho2910,4
ho2911,4
ho2912,4
ho2913,4
ho2914,4
ho2915,4
ho2916,4
ho2917,4
ho2918,4
ho2919,4
ho292,1
ho2920,4
ho2921,4
ho2922,4
ho2923,4
ho2924,4
ho2925,4
ho2926,4
ho2927,4
ho2928,4
ho2929,4
ho293,1
ho2930,4
ho2931,4
ho2932,4
ho2933,4
ho2934,4
ho2935,4
ho2936,4
ho2937,4
ho2938,4
ho2939,4
ho294,1
ho2940,4
ho2941,4
ho2942,4
ho2943,4
ho2944,4
ho2945,4
ho2946,4
ho2947,4
ho2948,4
ho2949,4
ho295,1
ho2950,4
ho2951,4
ho2952,4
ho2953,4
ho2954,4
ho2955,4
ho2956,4
ho2957,4
ho2958,4
ho2959,4
ho296,1
ho2960,4
ho2961,4
ho2962,4
ho2963,4
ho2964,4
ho2965,4
ho2966,4
ho2967,4
ho2968,4
ho2969,4
ho297,1
ho2970,4
ho2971,4
ho2972,4
ho2973,4
ho2974,4
ho2975,4
ho2976,4
ho2977,4
ho2978,4
ho2979,4
ho298,1
ho2980,4
ho2981,4
ho2982,4
ho2983,4
ho2984,4
ho2985,4
ho2986,4
ho2987,4
ho2988,4
ho2989,4
ho2990,4
ho2991,4
ho2992,4
ho2993,4
ho2994,4
ho2995,4
ho2996,4
ho2997,4
ho2998,4
ho2999,4
ho30,1
ho3000,4
ho3001,4
ho3002,4
ho3003,4
ho3004,4
ho3005,4
ho3006,4
ho3007,4
ho3008,4
ho3009,4
ho3010,4
ho3011,4
ho3012,4
ho3013,4
ho3014,4
ho3015,4
ho3016,4
ho3017,4
ho3018,4
ho3019,4
ho302,1
ho3020,4
ho3021,4
ho3022,4
ho3023,4
ho3024,4
ho3025,4
ho3026,4
ho3027,4
ho3028,4
ho3029,4
ho3030,4
ho3031,4
ho3032,4
ho3033,4
ho3034,4
ho3035,4
ho3036,4
ho3037,4
ho3038,4
ho3039,4
ho304,1
ho3040,4
ho3041,4
ho3042,4
ho3043,4
ho3044,4
ho3045,4
ho3046,4
ho3047,4
ho3048,4
ho3049,4
ho305,1
ho3050,4
ho3051,4
ho3052,4
ho3053,4
ho3054,4
ho3055,4
ho3056,4
ho3057,4
ho3058,4
ho3059,4
ho306,1
ho3060,4
ho3061,4
ho3062,4
ho3063,4
ho3064,4
ho3065,4
ho3066,4
ho3067,4
ho3068,4
ho3069,4
ho307,1
ho3070,4
ho3071,4
ho3072,4
ho3073,4
ho3074,4
ho3075,4
ho3076,4
ho3077,4
ho3078,4
ho3079,4
ho308,1
ho3080,4
ho3081,4
ho3082,4
ho3083,4
ho3084,4
ho3085,4
ho3086,4
ho3087,4
ho3088,4
ho3089,4
ho309,1
ho3090,4
ho3091,4
ho3092,4
ho3093,4
ho3094,4
ho3095,4
ho3096,4
ho3097,4
ho3098,4
ho3099,4
ho31,1
ho3100,4
ho3101,4
ho3102,4
ho3103,4
ho3104,4
ho3105,4
ho3106,4
ho3107,4
ho3108,4
ho3109,4
ho311,1
ho3110,4
ho3111,4
ho3112,4
ho3113,4
ho3114,4
ho3115,4
ho3116,4
ho3117,4
ho3118,4
ho3119,4
ho312,1
ho3120,4
ho3121,4
ho3122,4
ho3123,4
ho3124,4
ho3125,4
ho3126,4
ho3127,4
ho3128,4
ho3129,4
ho313,1
ho3130,4
ho3131,4
ho3132,4
ho3133,4
ho3134,4
ho3135,4
ho3136,4
ho3137,4
ho3138,4
ho3139,4
ho314,1
ho3140,4
ho3141,4
ho3142,4
ho3143,4
ho3144,4
ho3145,4
ho3146,4
ho3147,4
ho3148,4
ho3149,4
ho3150,4
ho3151,4
ho3152,4
ho3153,4
ho3154,4
ho3155,4
ho3156,4
ho3157,4
ho3158,4
ho3159,4
ho3160,4
ho3161,4
ho3162,4
ho3163,4
ho3164,4
ho3165,4
ho3166,4
ho3167,4
ho3168,4
ho3169,4
ho3170,4
ho3171,4
ho3172,4
ho3173,4
ho3174,4
ho3175,4
ho3176,4
ho3177,4
ho3178,4
ho3179,4
ho318,1
ho3180,4
ho3181,4
ho3182,4
ho3183,4
ho3184,4
ho3185,4
ho3186,4
ho3187,4
ho3188,4
ho3189,4
ho319,1
ho3190,4
ho3191,4
ho3192,4
ho3193,4
ho3194,4
ho3195,4
ho3196,4
ho3197,4
ho3198,4
ho3199,4
ho32,1
ho320,1
ho3200,4
ho3201,4
ho3202,4
ho3203,4
ho3204,4
ho3205,4
ho3206,4
ho3207,4
ho3208,4
ho3209,4
ho321,1
ho3210,4
ho3211,4
ho3212,4
ho3213,4
ho3214,4
ho3215,4
ho3216,4
ho3217,4
ho3218,4
ho3219,4
ho322,1
ho3220,4
ho3221,4
ho3222,4
ho3223,4
ho3224,4
ho3225,4
ho3226,4
ho3227,4
ho3228,4
ho3229,4
ho323,1
ho3230,4
ho3231,4
ho3232,4
ho3233,4
ho3234,4
ho3235,4
ho3236,4
ho3237,4
ho3238,4
ho3239,4
ho324,1
ho3240,4
ho3241,4
ho3242,4
ho3243,4
ho3244,4
ho3245,4
ho3246,4
ho3247,4
ho3248,4
ho3249,4
ho325,1
ho3250,4
ho3251,4
ho3252,4
ho3253,4
ho3254,4
ho3255,4
ho3256,4
ho3257,4
ho3258,4
ho3259,4
ho3260,4
ho3261,4
ho3262,4
ho3263,4
ho3264,4
ho3265,4
ho3266,4
ho3267,4
ho3268,4
ho3269,4
ho3270,4
ho3271,4
ho3272,4
ho3273,4
ho3274,4
ho3275,4
ho3276,4
ho3277,4
ho3278,4
ho3279,4
ho328,1
ho3280,4
ho3281,4
ho3282,4
ho3283,4
ho3284,4
ho3285,4
ho3286,4
ho3287,4
ho3288,4
ho3289,4
ho329,1
ho3290,4
ho3291,4
ho3292,4
ho3293,4
ho3294,4
ho3295,4
ho3296,4
ho3297,4
ho3298,4
ho3299,4
ho330,1
ho3300,4
ho3301,4
ho3302,4
ho3303,4
ho3304,4
ho3305,4
ho3306,4
ho3307,4
ho3308,4
ho3309,4
ho331,1
ho3310,4
ho3311,4
ho3312,4
ho3313,4
ho3314,4
ho3315,4
ho3316,4
ho3317,4
ho3318,4
ho3319,4
ho332,1
ho3320,4
ho3321,4
ho3322,4
ho3323,4
ho3324,4
ho3325,4
ho3326,4
ho3327,4
ho3328,4
ho3329,4
ho3330,4
ho3331,4
ho3332,4
ho3333,4
ho3334,4
ho3335,4
ho3336,4
ho3337,4
ho3338,4
ho3339,4
ho334,1
ho3340,4
ho3341,4
ho3342,4
ho3343,4
ho3344,4
ho3345,4
ho3346,4
ho3347,4
ho3348,4
ho3349,4
ho335,1
ho3350,4
ho3351,4
ho3352,4
ho3353,4
ho3354,4
ho3355,4
ho3356,4
ho3357,4
ho3358,4
ho3359,4
ho336,1
ho3360,4
ho3361,4
ho3362,4
ho3363,4
ho3364,4
ho3365,4
ho3366,4
ho3367,4
ho3368,4
ho3369,4
ho3370,4
ho3371,4
ho3372,4
ho3373,4
ho3374,4
ho3375,4
ho3376,4
ho3377,4
ho3378,4
ho3379,4
ho3380,4
ho3381,4
ho3382,4
ho3383,4
ho3384,4
ho3385,4
ho3386,4
ho3387,4
ho3388,4
ho3389,4
ho339,1
ho3390,4
ho3391,4
ho3392,4
ho3393,4
ho3394,4
ho3395,4
ho3396,4
ho3397,4
ho3398,4
ho3399,4
ho3400,4
ho3401,4
ho3402,4
ho3403,4
ho3404,4
ho3405,4
ho3406,4
ho3407,4
ho3408,4
ho3409,4
ho3410,4
ho3411,4
ho3412,4
ho3413,4
ho3414,4
ho3415,4
ho3416,4
ho3417,4
ho3418,4
ho3419,4
ho3420,4
ho3421,4
ho3422,4
ho3423,4
ho3424,4
ho3425,4
ho3426,4
ho3427,4
ho3428,4
ho3429,4
ho3430,4
ho3431,4
ho3432,4
ho3433,4
ho3434,4
ho3435,4
ho3436,4
ho3437,4
ho3438,4
ho3439,4
ho344,1
ho3440,4
ho3441,4
ho3442,4
ho3443,4
ho3444,4
ho3445,4
ho3446,4
ho3447,4
ho3448,4
ho3449,4
ho3450,4
ho3451,4
ho3452,4
ho3453,4
ho3454,4
ho3455,4
ho3456,4
ho3457,4
ho3458,4
ho3459,4
ho346,1
ho3460,4
ho3461,4
ho3462,4
ho3463,4
ho3464,4
ho3465,4
ho3466,4
ho3467,4
ho3468,4
ho3469,4
ho347,1
ho3470,4
ho3471,4
ho3472,4
ho3473,4
ho3474,4
ho3475,4
ho3476,4
ho3477,4
ho3478,4
ho3479,4
ho348,1
ho3480,4
ho3481,4
ho3482,4
ho3483,4
ho3484,4
ho3485,4
ho3486,4
ho3487,4
ho3488,4
ho3489,4
ho349,1
ho3490,4
ho3491,4
ho3492,4
ho3493,4
ho3494,4
ho3495,4
ho3496,4
ho3497,4
ho3498,4
ho3499,4
ho35,1
ho350,1
ho3500,4
ho3501,4
ho3502,4
ho3503,4
ho3504,4
ho3505,4
ho3506,4
ho3507,4
ho3508,4
ho3509,4
ho3510,4
ho3511,4
ho3512,4
ho3513,4
ho3514,4
ho3515,4
ho3516,4
ho3517,4
ho3518,4
ho3519,4
ho352,1
ho3520,4
ho3521,4
ho3522,4
ho3523,4
ho3524,4
ho3525,4
ho3526,4
ho3527,4
ho3528,4
ho3529,4
ho353,1
ho3530,4
ho3531,4
ho3532,4
ho3533,4
ho3534,4
ho3535,4
ho3536,4
ho3537,4
ho3538,4
ho3539,4
ho354,1
ho3540,4
ho3541,4
ho3542,4
ho3543,4
ho3544,4
ho3545,4
ho3546,4
ho3547,4
ho3548,4
ho3549,4
ho355,1
ho3550,4
ho3551,4
ho3552,4
ho3553,4
ho3554,4
ho3555,4
ho3556,4
ho3557,4
ho3558,4
ho3559,4
ho356,1
ho3560,4
ho3561,4
ho3562,4
ho3563,4
ho3564,4
ho3565,4
ho3566,4
ho3567,4
ho3568,4
ho3569,4
ho357,1
ho3570,4
ho3571,4
ho3572,4
ho3573,4
ho3574,4
ho3575,4
ho3576,4
ho3577,4
ho3578,4
ho3579,4
ho358,1
ho3580,4
ho3581,4
ho3582,4
ho3583,4
ho3584,4
ho3585,4
ho3586,4
ho3587,4
ho3588,4
ho3589,4
ho3590,4
ho3591,4
ho3592,4
ho3593,4
ho3594,4
ho3595,4
ho3596,4
ho3597,4
ho3598,4
ho3599,4
ho36,1
ho3600,4
ho3601,4
ho3602,4
ho3603,4
ho3604,4
ho3605,4
ho3606,4
ho3607,4
ho3608,4
ho3609,4
ho361,1
ho3610,4
ho3611,4
ho3612,4
ho3613,4
ho3614,4
ho3615,4
ho3616,4
ho3617,4
ho3618,4
ho3619,4
ho362,1
ho3620,4
ho3621,4
ho3622,4
ho3623,4
ho3624,4
ho3625,4
ho3626,4
ho3627,4
ho3628,4
ho3629,4
ho363,1
ho3630,4
ho3631,4
ho3632,4
ho3633,4
ho3634,4
ho3635,4
ho3636,4
ho3637,4
ho3638,4
ho3639,4
ho364,1
ho3640,4
ho3641,4
ho3642,4
ho3643,4
ho3644,4
ho3645,4
ho3646,4
ho3647,4
ho3648,4
ho3649,4
ho3650,4
ho3651,4
ho3652,4
ho3653,4
ho3654,4
ho3655,4
ho3656,4
ho3657,4
ho3658,4
ho3659,4
ho366,1
ho3660,4
ho3661,4
ho3662,4
ho3663,4
ho3664,4
ho3665,4
ho3666,4
ho3667,4
ho3668,4
ho3669,4
ho367,1
ho3670,4
ho3671,4
ho3672,4
ho3673,4
ho3674,4
ho3675,4
ho3676,4
ho3677,4
ho3678,4
ho3679,4
ho368,1
ho3680,4
ho3681,4
ho3682,4
ho3683,4
ho3684,4
ho3685,4
ho3686,4
ho3687,4
ho3688,4
ho3689,4
ho369,1
ho3690,4
ho3691,4
ho3692,4
ho3693,4
ho3694,4
ho3695,4
ho3696,4
ho3697,4
ho3698,4
ho3699,4
ho370,1
ho3700,4
ho3701,4
ho3702,4
ho3703,4
ho3704,4
ho3705,4
ho3706,4
ho3707,4
ho3708,4
ho3709,4
ho3710,4
ho3711,4
ho3712,4
ho3713,4
ho3714,4
ho3715,4
ho3716,4
ho3717,4
ho3718,4
ho3719,4
ho372,1
ho3720,4
ho3721,4
ho3722,4
ho3723,4
ho3724,4
ho3725,4
ho3726,4
ho3727,4
ho3728,4
ho3729,4
ho373,1
ho3730,4
ho3731,4
ho3732,4
ho3733,4
ho3734,4
ho3735,4
ho3736,4
ho3737,4
ho3738,4
ho3739,4
ho374,1
ho3740,4
ho3741,4
ho3742,4
ho3743,4
ho3744,4
ho3745,4
ho3746,4
ho3747,4
ho3748,4
ho3749,4
ho375,1
ho3750,4
ho3751,4
ho3752,4
ho3753,4
ho3754,4
ho3755,4
ho3756,4
ho3757,4
ho3758,4
ho3759,4
ho376,1
ho3760,4
ho3761,4
ho3762,4
ho3763,4
ho3764,4
ho3765,4
ho3766,4
ho3767,4
ho3768,4
ho3769,4
ho377,1
ho3770,4
ho3771,4
ho3772,4
ho3773,4
ho3774,4
ho3775,4
ho3776,4
ho3777,4
ho3778,4
ho3779,4
ho378,1
ho3780,4
ho3781,4
ho3782,4
ho3783,4
ho3784,4
ho3785,4
ho3786,4
ho3787,4
ho3788,4
ho3789,4
ho379,1
ho3790,4
ho3791,4
ho3792,4
ho3793,4
ho3794,4
ho3795,4
ho3796,4
ho3797,4
ho3798,4
ho3799,4
ho38,1
ho380,1
ho3800,4
ho3801,4
ho3802,4
ho3803,4
ho3804,4
ho3805,4
ho3806,4
ho3807,4
ho3808,4
ho3809,4
ho3810,4
ho3811,4
ho3812,4
ho3813,4
ho3814,4
ho3815,4
ho3816,4
ho3817,4
ho3818,4
ho3819,4
ho3820,4
ho3821,4
ho3822,4
ho3823,4
ho3824,4
ho3825,4
ho3826,4
ho3827,4
ho3828,4
ho3829,4
ho3830,4
ho3831,4
ho3832,4
ho3833,4
ho3834,4
ho3835,4
ho3836,4
ho3837,4
ho3838,4
ho3839,4
ho384,1
ho3840,4
ho3841,4
ho3842,4
ho3843,4
ho3844,4
ho3845,4
ho3846,4
ho3847,4
ho3848,4
ho3849,4
ho385,1
ho3850,4
ho3851,4
ho3852,4
ho3853,4
ho3854,4
ho3855,4
ho3856,4
ho3857,4
ho3858,4
ho3859,4
ho3860,4
ho3861,4
ho3862,4
ho3863,4
ho3864,4
ho3865,4
ho3866,4
ho3867,4
ho3868,4
ho3869,4
ho387,1
ho3870,4
ho3871,4
ho3872,4
ho3873,4
ho3874,4
ho3875,4
ho3876,4
ho3877,4
ho3878,4
ho3879,4
ho388,1
ho3880,4
ho3881,4
ho3882,4
ho3883,4
ho3884,4
ho3885,4
ho3886,4
ho3887,4
ho3888,4
ho3889,4
ho389,1
ho3890,4
ho3891,4
ho3892,4
ho3893,4
ho3894,4
ho3895,4
ho3896,4
ho3897,4
ho3898,4
ho3899,4
ho39,1
ho3900,4
ho3901,4
ho3902,4
ho3903,4
ho3904,4
ho3905,4
ho3906,4
ho3907,4
ho3908,4
ho3909,4
ho3910,4
ho3911,4
ho3912,4
ho3913,4
ho3914,4
ho3915,4
ho3916,4
ho3917,4
ho3918,4
ho3919,4
ho392,1
ho3920,4
ho3921,4
ho3922,4
ho3923,4
ho3924,4
ho3925,4
ho3926,4
ho3927,4
ho3928,4
ho3929,4
ho3930,4
ho3931,4
ho3932,4
ho3933,4
ho3934,4
ho3935,4
ho3936,4
ho3937,4
ho3938,4
ho3939,4
ho394,1
ho3940,4
ho3941,4
ho3942,4
ho3943,4
ho3944,4
ho3945,4
ho3946,4
ho3947,4
ho3948,4
ho3949,4
ho395,1
ho3950,4
ho3951,4
ho3952,4
ho3953,4
ho3954,4
ho3955,4
ho3956,4
ho3957,4
ho3958,4
ho3959,4
ho396,1
ho3960,4
ho3961,4
ho3962,4
ho3963,4
ho3964,4
ho3965,4
ho3966,4
ho3967,4
ho3968,4
ho3969,4
ho3970,4
ho3971,4
ho3972,4
ho3973,4
ho3974,4
ho3975,4
ho3976,4
ho3977,4
ho3978,4
ho3979,4
ho398,1
ho3980,4
ho3981,4
ho3982,4
ho3983,4
ho3984,4
ho3985,4
ho3986,4
ho3987,4
ho3988,4
ho3989,4
ho3990,4
ho3991,4
ho3992,4
ho3993,4
ho3994,4
ho3995,4
ho3996,4
ho3997,4
ho3998,4
ho3999,4
ho4,1
ho40,1
ho400,1
ho4000,4
ho4001,4
ho4002,4
ho4003,4
ho4004,4
ho4005,4
ho4006,4
ho4007,4
ho4008,4
ho4009,4
ho401,1
ho4010,4
ho4011,4
ho4012,4
ho4013,4
ho4014,4
ho4015,4
ho4016,4
ho4017,4
ho4018,4
ho4019,4
ho402,1
ho4020,4
ho4021,4
ho4022,4
ho4023,4
ho4024,4
ho4025,4
ho4026,4
ho4027,4
ho4028,4
ho4029,4
ho4030,4
ho4031,4
ho4032,4
ho4033,4
ho4034,4
ho4035,4
ho4036,4
ho4037,4
ho4038,4
ho4039,4
ho404,1
ho4040,4
ho4041,4
ho4042,4
ho4043,4
ho4044,4
ho4045,4
ho4046,4
ho4047,4
ho4048,4
ho4049,4
ho4050,4
ho4051,4
ho4052,4
ho4053,4
ho4054,4
ho4055,4
ho4056,4
ho4057,4
ho4058,4
ho4059,4
ho406,1
ho4060,4
ho4061,4
ho4062,4
ho4063,4
ho4064,4
ho4065,4
ho4066,4
ho4067,4
ho4068,4
ho4069,4
ho407,1
ho4070,4
ho4071,4
ho4072,4
ho4073,4
ho4074,4
ho4075,4
ho4076,4
ho4077,4
ho4078,4
ho4079,4
ho408,1
ho4080,4
ho4081,4
ho4082,4
ho4083,4
ho4084,4
ho4085,4
ho4086,4
ho4087,4
ho4088,4
ho4089,4
ho409,1
ho4090,4
ho4091,4
ho4092,4
ho4093,4
ho4094,4
ho4095,4
ho4096,4
ho4097,4
ho4098,4
ho4099,4
ho41,1
ho410,1
ho4100,4
ho4101,4
ho4102,4
ho4103,4
ho4104,4
ho4105,4
ho4106,4
ho4107,4
ho4108,4
ho4109,4
ho411,1
ho4110,4
ho4111,4
ho4112,4
ho4113,4
ho4114,4
ho4115,4
ho4116,4
ho4117,4
ho4118,4
ho4119,4
ho4120,4
ho4121,4
ho4122,4
ho4123,4
ho4124,4
ho4125,4
ho4126,4
ho4127,4
ho4128,4
ho4129,4
ho4130,4
ho4131,4
ho4132,4
ho4133,4
ho4134,4
ho4135,4
ho4136,4
ho4137,4
ho4138,4
ho4139,4
ho414,1
ho4140,4
ho4141,4
ho4142,4
ho4143,4
ho4144,4
ho4145,4
ho4146,4
ho4147,4
ho4148,4
ho4149,4
ho4150,4
ho4151,4
ho4152,4
ho4153,4
ho4154,4
ho4155,4
ho4156,4
ho4157,4
ho4158,4
ho4159,4
ho416,1
ho4160,4
ho4161,4
ho4162,4
ho4163,4
ho4164,4
ho4165,4
ho4166,4
ho4167,4
ho4168,4
ho4169,4
ho417,1
ho4170,4
ho4171,4
ho4172,4
ho4173,4
ho4174,4
ho4175,4
ho4176,4
ho4177,4
ho4178,4
ho4179,4
ho4180,4
ho4181,4
ho4182,4
ho4183,4
ho4184,4
ho4185,4
ho4186,4
ho4187,4
ho4188,4
ho4189,4
ho419,1
ho4190,4
ho4191,4
ho4192,4
ho4193,4
ho4194,4
ho4195,4
ho4196,4
ho4197,4
ho4198,4
ho4199,4
ho420,1
ho4200,4
ho4201,4
ho4202,4
ho4203,4
ho4204,4
ho4205,4
ho4206,4
ho4207,4
ho4208,4
ho4209,4
ho4210,4
ho4211,4
ho4212,4
ho4213,4
ho4214,4
ho4215,4
ho4216,4
ho4217,4
ho4218,4
ho4219,4
ho4220,4
ho4221,4
ho4222,4
ho4223,4
ho4224,4
ho4225,4
ho4226,4
ho4227,4
ho4228,4
ho4229,4
ho4230,4
ho4231,4
ho4232,4
ho4233,4
ho4234,4
ho4235,4
ho4236,4
ho4237,4
ho4238,4
ho4239,4
ho4240,4
ho4241,4
ho4242,4
ho4243,4
ho4244,4
ho4245,4
ho4246,4
ho4247,4
ho4248,4
ho4249,4
ho4250,4
ho4251,4
ho4252,4
ho4253,4
ho4254,4
ho4255,4
ho4256,4
ho4257,4
ho4258,4
ho4259,4
ho4260,4
ho4261,4
ho4262,4
ho4263,4
ho4264,4
ho4265,4
ho4266,4
ho4267,4
ho4268,4
ho4269,4
ho427,1
ho4270,4
ho4271,4
ho4272,4
ho4273,4
ho4274,4
ho4275,4
ho4276,4
ho4277,4
ho4278,4
ho4279,4
ho4280,4
ho4281,4
ho4282,4
ho4283,4
ho4284,4
ho4285,4
ho4286,4
ho4287,4
ho4288,4
ho4289,4
ho429,1
ho4290,4
ho4291,4
ho4292,4
ho4293,4
ho4294,4
ho4295,4
ho4296,4
ho4297,4
ho4298,4
ho4299,4
ho43,1
ho4300,4
ho4301,4
ho4302,4
ho4303,4
ho4304,4
ho4305,4
ho4306,4
ho4307,4
ho4308,4
ho4309,4
ho4310,4
ho4311,4
ho4312,4
ho4313,4
ho4314,4
ho4315,4
ho4316,4
ho4317,4
ho4318,4
ho4319,4
ho432,1
ho4320,4
ho4321,4
ho4322,4
ho4323,4
ho4324,4
ho4325,4
ho4326,4
ho4327,4
ho4328,4
ho4329,4
ho433,1
ho4330,4
ho4331,4
ho4332,4
ho4333,4
ho4334,4
ho4335,4
ho4336,4
ho4337,4
ho4338,4
ho4339,4
ho434,1
ho4340,4
ho4341,4
ho4342,4
ho4343,4
ho4344,4
ho4345,4
ho4346,4
ho4347,4
ho4348,4
ho4349,4
ho435,1
ho4350,4
ho4351,4
ho4352,4
ho4353,4
ho4354,4
ho4355,4
ho4356,4
ho4357,4
ho4358,4
ho4359,4
ho436,1
ho4360,4
ho4361,4
ho4362,4
ho4363,4
ho4364,4
ho4365,4
ho4366,4
ho4367,4
ho4368,4
ho4369,4
ho437,1
ho4370,4
ho4371,4
ho4372,4
ho4373,4
ho4374,4
ho4375,4
ho4376,4
ho4377,4
ho4378,4
ho4379,4
ho438,1
ho4380,4
ho4381,4
ho4382,4
ho4383,4
ho4384,4
ho4385,4
ho4386,4
ho4387,4
ho4388,4
ho4389,4
ho439,1
ho4390,4
ho4391,4
ho4392,4
ho4393,4
ho4394,4
ho4395,4
ho4396,4
ho4397,4
ho4398,4
ho4399,4
ho44,1
ho4400,4
ho4401,4
ho4402,4
ho4403,4
ho4404,4
ho4405,4
ho4406,4
ho4407,4
ho4408,4
ho4409,4
ho441,1
ho4410,4
ho4411,4
ho4412,4
ho4413,4
ho4414,4
ho4415,4
ho4416,4
ho4417,4
ho4418,4
ho4419,4
ho4420,4
ho4421,4
ho4422,4
ho4423,4
ho4424,4
ho4425,4
ho4426,4
ho4427,4
ho4428,4
ho4429,4
ho443,1
ho4430,4
ho4431,4
ho4432,4
ho4433,4
ho4434,4
ho4435,4
ho4436,4
ho4437,4
ho4438,4
ho4439,4
ho4440,4
ho4441,4
ho4442,4
ho4443,4
ho4444,4
ho4445,4
ho4446,4
ho4447,4
ho4448,4
ho4449,4
ho445,1
ho4450,4
ho4451,4
ho4452,4
ho4453,4
ho4454,4
ho4455,4
ho4456,4
ho4457,4
ho4458,4
ho4459,4
ho446,1
ho4460,4
ho4461,4
ho4462,4
ho4463,4
ho4464,4
ho4465,4
ho4466,4
ho4467,4
ho4468,4
ho4469,4
ho447,1
ho4470,4
ho4471,4
ho4472,4
ho4473,4
ho4474,4
ho4475,4
ho4476,4
ho4477,4
ho4478,4
ho4479,4
ho448,1
ho4480,4
ho4481,4
ho4482,4
ho4483,4
ho4484,4
ho4485,4
ho4486,4
ho4487,4
ho4488,4
ho4489,4
ho449,1
ho4490,4
ho4491,4
ho4492,4
ho4493,4
ho4494,4
ho4495,4
ho4496,4
ho4497,4
ho4498,4
ho4499,4
ho45,1
ho450,1
ho4500,4
ho4501,4
ho4502,4
ho4503,4
ho4504,4
ho4505,4
ho4506,4
ho4507,4
ho4508,4
ho4509,4
ho451,1
ho4510,4
ho4511,4
ho4512,4
ho4513,4
ho4514,4
ho4515,4
ho4516,4
ho4517,4
ho4518,4
ho4519,4
ho4520,4
ho4521,4
ho4522,4
ho4523,4
ho4524,4
ho4525,4
ho4526,4
ho4527,4
ho4528,4
ho4529,4
ho453,1
ho4530,4
ho4531,4
ho4532,4
ho4533,4
ho4534,4
ho4535,4
ho4536,4
ho4537,4
ho4538,4
ho4539,4
ho454,1
ho4540,4
ho4541,4
ho4542,4
ho4543,4
ho4544,4
ho4545,4
ho4546,4
ho4547,4
ho4548,4
ho4549,4
ho455,1
ho4550,4
ho4551,4
ho4552,4
ho4553,4
ho4554,4
ho4555,4
ho4556,4
ho4557,4
ho4558,4
ho4559,4
ho4560,4
ho4561,4
ho4562,4
ho4563,4
ho4564,4
ho4565,4
ho4566,4
ho4567,4
ho4568,4
ho4569,4
ho457,1
ho4570,4
ho4571,4
ho4572,4
ho4573,4
ho4574,4
ho4575,4
ho4576,4
ho4577,4
ho4578,4
ho4579,4
ho458,1
ho4580,4
ho4581,4
ho4582,4
ho4583,4
ho4584,4
ho4585,4
ho4586,4
ho4587,4
ho4588,4
ho4589,4
ho459,1
ho4590,4
ho4591,4
ho4592,4
ho4593,4
ho4594,4
ho4595,4
ho4596,4
ho4597,4
ho4598,4
ho4599,4
ho46,1
ho460,1
ho4600,4
ho4601,4
ho4602,4
ho4603,4
ho4604,4
ho4605,4
ho4606,4
ho4607,4
ho4608,4
ho4609,4
ho461,1
ho4610,4
ho4611,4
ho4612,4
ho4613,4
ho4614,4
ho4615,4
ho4616,4
ho4617,4
ho4618,4
ho4619,4
ho462,1
ho4620,4
ho4621,4
ho4622,4
ho4623,4
ho4624,4
ho4625,4
ho4626,4
ho4627,4
ho4628,4
ho4629,4
ho463,1
ho4630,4
ho4631,4
ho4632,4
ho4633,4
ho4634,4
ho4635,4
ho4636,4
ho4637,4
ho4638,4
ho4639,4
ho464,1
ho4640,4
ho4641,4
ho4642,4
ho4643,4
ho4644,4
ho4645,4
ho4646,4
ho4647,4
ho4648,4
ho4649,4
ho4650,4
ho4651,4
ho4652,4
ho4653,4
ho4654,4
ho4655,4
ho4656,4
ho4657,4
ho4658,4
ho4659,4
ho466,1
ho4660,4
ho4661,4
ho4662,4
ho4663,4
ho4664,4
ho4665,4
ho4666,4
ho4667,4
ho4668,4
ho4669,4
ho467,1
ho4670,4
ho4671,4
ho4672,4
ho4673,4
ho4674,4
ho4675,4
ho4676,4
ho4677,4
ho4678,4
ho4679,4
ho468,1
ho4680,4
ho4681,4
ho4682,4
ho4683,4
ho4684,4
ho4685,4
ho4686,4
ho4687,4
ho4688,4
ho4689,4
ho4690,4
ho4691,4
ho4692,4
ho4693,4
ho4694,4
ho4695,4
ho4696,4
ho4697,4
ho4698,4
ho4699,4
ho47,1
ho470,1
ho4700,4
ho4701,4
ho4702,4
ho4703,4
ho4704,4
ho4705,4
ho4706,4
ho4707,4
ho4708,4
ho4709,4
ho471,1
ho4710,4
ho4711,4
ho4712,4
ho4713,4
ho4714,4
ho4715,4
ho4716,4
ho4717,4
ho4718,4
ho4719,4
ho472,1
ho4720,4
ho4721,4
ho4722,4
ho4723,4
ho4724,4
ho4725,4
ho4726,4
ho4727,4
ho4728,4
ho4729,4
ho473,1
ho4730,4
ho4731,4
ho4732,4
ho4733,4
ho4734,4
ho4735,4
ho4736,4
ho4737,4
ho4738,4
ho4739,4
ho474,1
ho4740,4
ho4741,4
ho4742,4
ho4743,4
ho4744,4
ho4745,4
ho4746,4
ho4747,4
ho4748,4
ho4749,4
ho475,1
ho4750,4
ho4751,4
ho4752,4
ho4753,4
ho4754,4
ho4755,4
ho4756,4
ho4757,4
ho4758,4
ho4759,4
ho476,1
ho4760,4
ho4761,4
ho4762,4
ho4763,4
ho4764,4
ho4765,4
ho4766,4
ho4767,4
ho4768,4
ho4769,4
ho477,1
ho4770,4
ho4771,4
ho4772,4
ho4773,4
ho4774,4
ho4775,4
ho4776,4
ho4777,4
ho4778,4
ho4779,4
ho478,1
ho4780,4
ho4781,4
ho4782,4
ho4783,4
ho4784,4
ho4785,4
ho4786,4
ho4787,4
ho4788,4
ho4789,4
ho4790,4
ho4791,4
ho4792,4
ho4793,4
ho4794,4
ho4795,4
ho4796,4
ho4797,4
ho4798,4
ho4799,4
ho48,1
ho480,1
ho4800,4
ho4801,4
ho4802,4
ho4803,4
ho4804,4
ho4805,4
ho4806,4
ho4807,4
ho4808,4
ho4809,4
ho4810,4
ho4811,4
ho4812,4
ho4813,4
ho4814,4
ho4815,4
ho4816,4
ho4817,4
ho4818,4
ho4819,4
ho482,1
ho4820,4
ho4821,4
ho4822,4
ho4823,4
ho4824,4
ho4825,4
ho4826,4
ho4827,4
ho4828,4
ho4829,4
ho483,1
ho4830,4
ho4831,4
ho4832,4
ho4833,4
ho4834,4
ho4835,4
ho4836,4
ho4837,4
ho4838,4
ho4839,4
ho484,1
ho4840,4
ho4841,4
ho4842,4
ho4843,4
ho4844,4
ho4845,4
ho4846,4
ho4847,4
ho4848,4
ho4849,4
ho485,1
ho4850,4
ho4851,4
ho4852,4
ho4853,4
ho4854,4
ho4855,4
ho4856,4
ho4857,4
ho4858,4
ho4859,4
ho486,1
ho4860,4
ho4861,4
ho4862,4
ho4863,4
ho4864,4
ho4865,4
ho4866,4
ho4867,4
ho4868,4
ho4869,4
ho487,1
ho4870,4
ho4871,4
ho4872,4
ho4873,4
ho4874,4
ho4875,4
ho4876,4
ho4877,4
ho4878,4
ho4879,4
ho488,1
ho4880,4
ho4881,4
ho4882,4
ho4883,4
ho4884,4
ho4885,4
ho4886,4
ho4887,4
ho4888,4
ho4889,4
ho4890,4
ho4891,4
ho4892,4
ho4893,4
ho4894,4
ho4895,4
ho4896,4
ho4897,4
ho4898,4
ho4899,4
ho49,1
ho490,1
ho4900,4
ho4901,4
ho4902,4
ho4903,4
ho4904,4
ho4905,4
ho4906,4
ho4907,4
ho4908,4
ho4909,4
ho491,1
ho4910,4
ho4911,4
ho4912,4
ho4913,4
ho4914,4
ho4915,4
ho4916,4
ho4917,4
ho4918,4
ho4919,4
ho492,1
ho4920,4
ho4921,4
ho4922,4
ho4923,4
ho4924,4
ho4925,4
ho4926,4
ho4927,4
ho4928,4
ho4929,4
ho493,1
ho4930,4
ho4931,4
ho4932,4
ho4933,4
ho4934,4
ho4935,4
ho4936,4
ho4937,4
ho4938,4
ho4939,4
ho494,1
ho4940,4
ho4941,4
ho4942,4
ho4943,4
ho4944,4
ho4945,4
ho4946,4
ho4947,4
ho4948,4
ho4949,4
ho495,1
ho4950,4
ho4951,4
ho4952,4
ho4953,4
ho4954,4
ho4955,4
ho4956,4
ho4957,4
ho4958,4
ho4959,4
ho496,1
ho4960,4
ho4961,4
ho4962,4
ho4963,4
ho4964,4
ho4965,4
ho4966,4
ho4967,4
ho4968,4
ho4969,4
ho4970,4
ho4971,4
ho4972,4
ho4973,4
ho4974,4
ho4975,4
ho4976,4
ho4977,4
ho4978,4
ho4979,4
ho498,1
ho4980,4
ho4981,4
ho4982,4
ho4983,4
ho4984,4
ho4985,4
ho4986,4
ho4987,4
ho4988,4
ho4989,4
ho499,1
ho4990,4
ho4991,4
ho4992,4
ho4993,4
ho4994,4
ho4995,4
ho4996,4
ho4997,4
ho4998,4
ho4999,4
ho500,1
ho5000,4
ho5001,4
ho5002,4
ho5003,4
ho5004,4
ho5005,4
ho5006,4
ho5007,4
ho5008,4
ho5009,4
ho501,1
ho5010,4
ho5011,4
ho5012,4
ho5013,4
ho5014,4
ho5015,4
ho5016,4
ho5017,4
ho5018,4
ho5019,4
ho502,1
ho5020,4
ho5021,4
ho5022,4
ho5023,4
ho5024,4
ho5025,4
ho5026,4
ho5027,4
ho5028,4
ho5029,4
ho503,1
ho5030,4
ho5031,4
ho5032,4
ho5033,4
ho5034,4
ho5035,4
ho5036,4
ho5037,4
ho5038,4
ho5039,4
ho504,1
ho5040,4
ho5041,4
ho5042,4
ho5043,4
ho5044,4
ho5045,4
ho5046,4
ho5047,4
ho5048,4
ho5049,4
ho5050,4
ho5051,4
ho5052,4
ho5053,4
ho5054,4
ho5055,4
ho5056,4
ho5057,4
ho5058,4
ho5059,4
ho506,1
ho5060,4
ho5061,4
ho5062,4
ho5063,4
ho5064,4
ho5065,4
ho5066,4
ho5067,4
ho5068,4
ho5069,4
ho5070,4
ho5071,4
ho5072,4
ho5073,4
ho5074,4
ho5075,4
ho5076,4
ho5077,4
ho5078,4
ho5079,4
ho5080,4
ho5081,4
ho5082,4
ho5083,4
ho5084,4
ho5085,4
ho5086,4
ho5087,4
ho5088,4
ho5089,4
ho509,1
ho5090,4
ho5091,4
ho5092,4
ho5093,4
ho5094,4
ho5095,4
ho5096,4
ho5097,4
ho5098,4
ho5099,4
ho510,1
ho5100,4
ho5101,4
ho5102,4
ho5103,4
ho5104,4
ho5105,4
ho5106,4
ho5107,4
ho5108,4
ho5109,4
ho511,1
ho5110,4
ho5111,4
ho5112,4
ho5113,4
ho5114,4
ho5115,4
ho5116,4
ho5117,4
ho5118,4
ho5119,4
ho5120,4
ho5121,4
ho5122,4
ho5123,4
ho5124,4
ho5125,4
ho5126,4
ho5127,4
ho5128,4
ho5129,4
ho513,1
ho5130,4
ho5131,4
ho5132,4
ho5133,4
ho5134,4
ho5135,4
ho5136,4
ho5137,4
ho5138,4
ho5139,4
ho514,1
ho5140,4
ho5141,4
ho5142,4
ho5143,4
ho5144,4
ho5145,4
ho5146,4
ho5147,4
ho5148,4
ho5149,4
ho515,1
ho5150,4
ho5151,4
ho5152,4
ho5153,4
ho5154,4
ho5155,4
ho5156,4
ho5157,4
ho5158,4
ho5159,4
ho516,1
ho5160,4
ho5161,4
ho5162,4
ho5163,4
ho5164,4
ho5165,4
ho5166,4
ho5167,4
ho5168,4
ho5169,4
ho517,1
ho5170,4
ho5171,4
ho5172,4
ho5173,4
ho5174,4
ho5175,4
ho5176,4
ho5177,4
ho5178,4
ho5179,4
ho518,1
ho5180,4
ho5181,4
ho5182,4
ho5183,4
ho5184,4
ho5185,4
ho5186,4
ho5187,4
ho5188,4
ho5189,4
ho519,1
ho5190,4
ho5191,4
ho5192,4
ho5193,4
ho5194,4
ho5195,4
ho5196,4
ho5197,4
ho5198,4
ho5199,4
ho52,1
ho520,1
ho5200,4
ho5201,4
ho5202,4
ho5203,4
ho5204,4
ho5205,4
ho5206,4
ho5207,4
ho5208,4
ho5209,4
ho521,1
ho5210,4
ho5211,4
ho5212,4
ho5213,4
ho5214,4
ho5215,4
ho5216,4
ho5217,4
ho5218,4
ho5219,4
ho5220,4
ho5221,4
ho5222,4
ho5223,4
ho5224,4
ho5225,4
ho5226,4
ho5227,4
ho5228,4
ho5229,4
ho523,1
ho5230,4
ho5231,4
ho5232,4
ho5233,4
ho5234,4
ho5235,4
ho5236,4
ho5237,4
ho5238,4
ho5239,4
ho5240,4
ho5241,4
ho5242,4
ho5243,4
ho5244,4
ho5245,4
ho5246,4
ho5247,4
ho5248,4
ho5249,4
ho525,1
ho5250,4
ho5251,4
ho5252,4
ho5253,4
ho5254,4
ho5255,4
ho5256,4
ho5257,4
ho5258,4
ho5259,4
ho526,1
ho5260,4
ho5261,4
ho5262,4
ho5263,4
ho5264,4
ho5265,4
ho5266,4
ho5267,4
ho5268,4
ho5269,4
ho527,1
ho5270,4
ho5271,4
ho5272,4
ho5273,4
ho5274,4
ho5275,4
ho5276,4
ho5277,4
ho5278,4
ho5279,4
ho528,1
ho5280,4
ho5281,4
ho5282,4
ho5283,4
ho5284,4
ho5285,4
ho5286,4
ho5287,4
ho5288,4
ho5289,4
ho529,1
ho5290,4
ho5291,4
ho5292,4
ho5293,4
ho5294,4
ho5295,4
ho5296,4
ho5297,4
ho5298,4
ho5299,4
ho53,1
ho530,1
ho5300,4
ho5301,4
ho5302,4
ho5303,4
ho5304,4
ho5305,4
ho5306,4
ho5307,4
ho5308,4
ho5309,4
ho5310,4
ho5311,4
ho5312,4
ho5313,4
ho5314,4
ho5315,4
ho5316,4
ho5317,4
ho5318,4
ho5319,4
ho532,1
ho5320,4
ho5321,4
ho5322,4
ho5323,4
ho5324,4
ho5325,4
ho5326,4
ho5327,4
ho5328,4
ho5329,4
ho533,1
ho5330,4
ho5331,4
ho5332,4
ho5333,4
ho5334,4
ho5335,4
ho5336,4
ho5337,4
ho5338,4
ho5339,4
ho534,1
ho5340,4
ho5341,4
ho5342,4
ho5343,4
ho5344,4
ho5345,4
ho5346,4
ho5347,4
ho5348,4
ho5349,4
ho5350,4
ho5351,4
ho5352,4
ho5353,4
ho5354,4
ho5355,4
ho5356,4
ho5357,4
ho5358,4
ho5359,4
ho536,1
ho5360,4
ho5361,4
ho5362,4
ho5363,4
ho5364,4
ho5365,4
ho5366,4
ho5367,4
ho5368,4
ho5369,4
ho537,1
ho5370,4
ho5371,4
ho5372,4
ho5373,4
ho5374,4
ho5375,4
ho5376,4
ho5377,4
ho5378,4
ho5379,4
ho538,1
ho5380,4
ho5381,4
ho5382,4
ho5383,4
ho5384,4
ho5385,4
ho5386,4
ho5387,4
ho5388,4
ho5389,4
ho539,1
ho5390,4
ho5391,4
ho5392,4
ho5393,4
ho5394,4
ho5395,4
ho5396,4
ho5397,4
ho5398,4
ho5399,4
ho54,1
ho540,1
ho5400,4
ho5401,4
ho5402,4
ho5403,4
ho5404,4
ho5405,4
ho5406,4
ho5407,4
ho5408,4
ho5409,4
ho5410,4
ho5411,4
ho5412,4
ho5413,4
ho5414,4
ho5415,4
ho5416,4
ho5417,4
ho5418,4
ho5419,4
ho5420,4
ho5421,4
ho5422,4
ho5423,4
ho5424,4
ho5425,4
ho5426,4
ho5427,4
ho5428,4
ho5429,4
ho5430,4
ho5431,4
ho5432,4
ho5433,4
ho5434,4
ho5435,4
ho5436,4
ho5437,4
ho5438,4
ho5439,4
ho544,1
ho5440,4
ho5441,4
ho5442,4
ho5443,4
ho5444,4
ho5445,4
ho5446,4
ho5447,4
ho5448,4
ho5449,4
ho545,1
ho5450,4
ho5451,4
ho5452,4
ho5453,4
ho5454,4
ho5455,4
ho5456,4
ho5457,4
ho5458,4
ho5459,4
ho5460,4
ho5461,4
ho5462,4
ho5463,4
ho5464,4
ho5465,4
ho5466,4
ho5467,4
ho5468,4
ho5469,4
ho5470,4
ho5471,4
ho5472,4
ho5473,4
ho5474,4
ho5475,4
ho5476,4
ho5477,4
ho5478,4
ho5479,4
ho5480,4
ho5481,4
ho5482,4
ho5483,4
ho5484,4
ho5485,4
ho5486,4
ho5487,4
ho5488,4
ho5489,4
ho5490,4
ho5491,4
ho5492,4
ho5493,4
ho5494,4
ho5495,4
ho5496,4
ho5497,4
ho5498,4
ho5499,4
ho55,1
ho550,1
ho5500,4
ho5501,4
ho5502,4
ho5503,4
ho5504,4
ho5505,4
ho5506,4
ho5507,4
ho5508,4
ho5509,4
ho5510,4
ho5511,4
ho5512,4
ho5513,4
ho5514,4
ho5515,4
ho5516,4
ho5517,4
ho5518,4
ho5519,4
ho552,1
ho5520,4
ho5521,4
ho5522,4
ho5523,4
ho5524,4
ho5525,4
ho5526,4
ho5527,4
ho5528,4
ho5529,4
ho5530,4
ho5531,4
ho5532,4
ho5533,4
ho5534,4
ho5535,4
ho5536,4
ho5537,4
ho5538,4
ho5539,4
ho554,1
ho5540,4
ho5541,4
ho5542,4
ho5543,4
ho5544,4
ho5545,4
ho5546,4
ho5547,4
ho5548,4
ho5549,4
ho5550,4
ho5551,4
ho5552,4
ho5553,4
ho5554,4
ho5555,4
ho5556,4
ho5557,4
ho5558,4
ho5559,4
ho556,1
ho5560,4
ho5561,4
ho5562,4
ho5563,4
ho5564,4
ho5565,4
ho5566,4
ho5567,4
ho5568,4
ho5569,4
ho557,1
ho5570,4
ho5571,4
ho5572,4
ho5573,4
ho5574,4
ho5575,4
ho5576,4
ho5577,4
ho5578,4
ho5579,4
ho558,1
ho5580,4
ho5581,4
ho5582,4
ho5583,4
ho5584,4
ho5585,4
ho5586,4
ho5587,4
ho5588,4
ho5589,4
ho5590,4
ho5591,4
ho5592,4
ho5593,4
ho5594,4
ho5595,4
ho5596,4
ho5597,4
ho5598,4
ho5599,4
ho56,1
ho560,1
ho5600,4
ho5601,4
ho5602,4
ho5603,4
ho5604,4
ho5605,4
ho5606,4
ho5607,4
ho5608,4
ho5609,4
ho561,1
ho5610,4
ho5611,4
ho5612,4
ho5613,4
ho5614,4
ho5615,4
ho5616,4
ho5617,4
ho5618,4
ho5619,4
ho5620,4
ho5621,4
ho5622,4
ho5623,4
ho5624,4
ho5625,4
ho5626,4
ho5627,4
ho5628,4
ho5629,4
ho563,1
ho5630,4
ho5631,4
ho5632,4
ho5633,4
ho5634,4
ho5635,4
ho5636,4
ho5637,4
ho5638,4
ho5639,4
ho564,1
ho5640,4
ho5641,4
ho5642,4
ho5643,4
ho5644,4
ho5645,4
ho5646,4
ho5647,4
ho5648,4
ho5649,4
ho565,1
ho5650,4
ho5651,4
ho5652,4
ho5653,4
ho5654,4
ho5655,4
ho5656,4
ho5657,4
ho5658,4
ho5659,4
ho566,1
ho5660,4
ho5661,4
ho5662,4
ho5663,4
ho5664,4
ho5665,4
ho5666,4
ho5667,4
ho5668,4
ho5669,4
ho567,1
ho5670,4
ho5671,4
ho5672,4
ho5673,4
ho5674,4
ho5675,4
ho5676,4
ho5677,4
ho5678,4
ho5679,4
ho5680,4
ho5681,4
ho5682,4
ho5683,4
ho5684,4
ho5685,4
ho5686,4
ho5687,4
ho5688,4
ho5689,4
ho569,1
ho5690,4
ho5691,4
ho5692,4
ho5693,4
ho5694,4
ho5695,4
ho5696,4
ho5697,4
ho5698,4
ho5699,4
ho570,1
ho5700,4
ho5701,4
ho5702,4
ho5703,4
ho5704,4
ho5705,4
ho5706,4
ho5707,4
ho5708,4
ho5709,4
ho571,1
ho5710,4
ho5711,4
ho5712,4
ho5713,4
ho5714,4
ho5715,4
ho5716,4
ho5717,4
ho5718,4
ho5719,4
ho572,1
ho5720,4
ho5721,4
ho5722,4
ho5723,4
ho5724,4
ho5725,4
ho5726,4
ho5727,4
ho5728,4
ho5729,4
ho573,1
ho5730,4
ho5731,4
ho5732,4
ho5733,4
ho5734,4
ho5735,4
ho5736,4
ho5737,4
ho5738,4
ho5739,4
ho574,1
ho5740,4
ho5741,4
ho5742,4
ho5743,4
ho5744,4
ho5745,4
ho5746,4
ho5747,4
ho5748,4
ho5749,4
ho5750,4
ho5751,4
ho5752,4
ho5753,4
ho5754,4
ho5755,4
ho5756,4
ho5757,4
ho5758,4
ho5759,4
ho576,1
ho5760,4
ho5761,4
ho5762,4
ho5763,4
ho5764,4
ho5765,4
ho5766,4
ho5767,4
ho5768,4
ho5769,4
ho5770,4
ho5771,4
ho5772,4
ho5773,4
ho5774,4
ho5775,4
ho5776,4
ho5777,4
ho5778,4
ho5779,4
ho5780,4
ho5781,4
ho5782,4
ho5783,4
ho5784,4
ho5785,4
ho5786,4
ho5787,4
ho5788,4
ho5789,4
ho579,1
ho5790,4
ho5791,4
ho5792,4
ho5793,4
ho5794,4
ho5795,4
ho5796,4
ho5797,4
ho5798,4
ho5799,4
ho58,1
ho580,1
ho5800,4
ho5801,4
ho5802,4
ho5803,4
ho5804,4
ho5805,4
ho5806,4
ho5807,4
ho5808,4
ho5809,4
ho581,1
ho5810,4
ho5811,4
ho5812,4
ho5813,4
ho5814,4
ho5815,4
ho5816,4
ho5817,4
ho5818,4
ho5819,4
ho5820,4
ho5821,4
ho5822,4
ho5823,4
ho5824,4
ho5825,4
ho5826,4
ho5827,4
ho5828,4
ho5829,4
ho5830,4
ho5831,4
ho5832,4
ho5833,4
ho5834,4
ho5835,4
ho5836,4
ho5837,4
ho5838,4
ho5839,4
ho584,1
ho5840,4
ho5841,4
ho5842,4
ho5843,4
ho5844,4
ho5845,4
ho5846,4
ho5847,4
ho5848,4
ho5849,4
ho585,1
ho5850,4
ho5851,4
ho5852,4
ho5853,4
ho5854,4
ho5855,4
ho5856,4
ho5857,4
ho5858,4
ho5859,4
ho5860,4
ho5861,4
ho5862,4
ho5863,4
ho5864,4
ho5865,4
ho5866,4
ho5867,4
ho5868,4
ho5869,4
ho587,1
ho5870,4
ho5871,4
ho5872,4
ho5873,4
ho5874,4
ho5875,4
ho5876,4
ho5877,4
ho5878,4
ho5879,4
ho588,1
ho5880,4
ho5881,4
ho5882,4
ho5883,4
ho5884,4
ho5885,4
ho5886,4
ho5887,4
ho5888,4
ho5889,4
ho5890,4
ho5891,4
ho5892,4
ho5893,4
ho5894,4
ho5895,4
ho5896,4
ho5897,4
ho5898,4
ho5899,4
ho59,1
ho590,1
ho5900,4
ho5901,4
ho5902,4
ho5903,4
ho5904,4
ho5905,4
ho5906,4
ho5907,4
ho5908,4
ho5909,4
ho591,1
ho5910,4
ho5911,4
ho5912,4
ho5913,4
ho5914,4
ho5915,4
ho5916,4
ho5917,4
ho5918,4
ho5919,4
ho592,1
ho5920,4
ho5921,4
ho5922,4
ho5923,4
ho5924,4
ho5925,4
ho5926,4
ho5927,4
ho5928,4
ho5929,4
ho593,1
ho5930,4
ho5931,4
ho5932,4
ho5933,4
ho5934,4
ho5935,4
ho5936,4
ho5937,4
ho5938,4
ho5939,4
ho594,1
ho5940,4
ho5941,4
ho5942,4
ho5943,4
ho5944,4
ho5945,4
ho5946,4
ho5947,4
ho5948,4
ho5949,4
ho595,1
ho5950,4
ho5951,4
ho5952,4
ho5953,4
ho5954,4
ho5955,4
ho5956,4
ho5957,4
ho5958,4
ho5959,4
ho5960,4
ho5961,4
ho5962,4
ho5963,4
ho5964,4
ho5965,4
ho5966,4
ho5967,4
ho5968,4
ho5969,4
ho597,1
ho5970,4
ho5971,4
ho5972,4
ho5973,4
ho5974,4
ho5975,4
ho5976,4
ho5977,4
ho5978,4
ho5979,4
ho598,1
ho5980,4
ho5981,4
ho5982,4
ho5983,4
ho5984,4
ho5985,4
ho5986,4
ho5987,4
ho5988,4
ho5989,4
ho599,1
ho5990,4
ho5991,4
ho5992,4
ho5993,4
ho5994,4
ho5995,4
ho5996,4
ho5997,4
ho5998,4
ho5999,4
ho6,1
ho60,1
ho600,1
ho6000,4
ho6001,4
ho6002,4
ho6003,4
ho6004,4
ho6005,4
ho6006,4
ho6007,4
ho6008,4
ho6009,4
ho601,1
ho6010,4
ho6011,4
ho6012,4
ho6013,4
ho6014,4
ho6015,4
ho6016,4
ho6017,4
ho6018,4
ho6019,4
ho6020,4
ho6021,4
ho6022,4
ho6023,4
ho6024,4
ho6025,4
ho6026,4
ho6027,4
ho6028,4
ho6029,4
ho603,1
ho6030,4
ho6031,4
ho6032,4
ho6033,4
ho6034,4
ho6035,4
ho6036,4
ho6037,4
ho6038,4
ho6039,4
ho604,1
ho6040,4
ho6041,4
ho6042,4
ho6043,4
ho6044,4
ho6045,4
ho6046,4
ho6047,4
ho6048,4
ho6049,4
ho605,1
ho6050,4
ho6051,4
ho6052,4
ho6053,4
ho6054,4
ho6055,4
ho6056,4
ho6057,4
ho6058,4
ho6059,4
ho606,1
ho6060,4
ho6061,4
ho6062,4
ho6063,4
ho6064,4
ho6065,4
ho6066,4
ho6067,4
ho6068,4
ho6069,4
ho607,1
ho6070,4
ho6071,4
ho6072,4
ho6073,4
ho6074,4
ho6075,4
ho6076,4
ho6077,4
ho6078,4
ho6079,4
ho6080,4
ho6081,4
ho6082,4
ho6083,4
ho6084,4
ho6085,4
ho6086,4
ho6087,4
ho6088,4
ho6089,4
ho6090,4
ho6091,4
ho6092,4
ho6093,4
ho6094,4
ho6095,4
ho6096,4
ho6097,4
ho6098,4
ho6099,4
ho6100,4
ho6101,4
ho6102,4
ho6103,4
ho6104,4
ho6105,4
ho6106,4
ho6107,4
ho6108,4
ho6109,4
ho611,1
ho6110,4
ho6111,4
ho6112,4
ho6113,4
ho6114,4
ho6115,4
ho6116,4
ho6117,4
ho6118,4
ho6119,4
ho612,1
ho6120,4
ho6121,4
ho6122,4
ho6123,4
ho6124,4
ho6125,4
ho6126,4
ho6127,4
ho6128,4
ho6129,4
ho613,1
ho6130,4
ho6131,4
ho6132,4
ho6133,4
ho6134,4
ho6135,4
ho6136,4
ho6137,4
ho6138,4
ho6139,4
ho614,1
ho6140,4
ho6141,4
ho6142,4
ho6143,4
ho6144,4
ho6145,4
ho6146,4
ho6147,4
ho6148,4
ho6149,4
ho615,1
ho6150,4
ho6151,4
ho6152,4
ho6153,4
ho6154,4
ho6155,4
ho6156,4
ho6157,4
ho6158,4
ho6159,4
ho616,1
ho6160,4
ho6161,4
ho6162,4
ho6163,4
ho6164,4
ho6165,4
ho6166,4
ho6167,4
ho6168,4
ho6169,4
ho617,1
ho6170,4
ho6171,4
ho6172,4
ho6173,4
ho6174,4
ho6175,4
ho6176,4
ho6177,4
ho6178,4
ho6179,4
ho6180,4
ho6181,4
ho6182,4
ho6183,4
ho6184,4
ho6185,4
ho6186,4
ho6187,4
ho6188,4
ho6189,4
ho619,1
ho6190,4
ho6191,4
ho6192,4
ho6193,4
ho6194,4
ho6195,4
ho6196,4
ho6197,4
ho6198,4
ho6199,4
ho620,1
ho6200,4
ho6201,4
ho6202,4
ho6203,4
ho6204,4
ho6205,4
ho6206,4
ho6207,4
ho6208,4
ho6209,4
ho621,1
ho6210,4
ho6211,4
ho6212,4
ho6213,4
ho6214,4
ho6215,4
ho6216,4
ho6217,4
ho6218,4
ho6219,4
ho622,1
ho6220,4
ho6221,4
ho6222,4
ho6223,4
ho6224,4
ho6225,4
ho6226,4
ho6227,4
ho6228,4
ho6229,4
ho623,1
ho6230,4
ho6231,4
ho6232,4
ho6233,4
ho6234,4
ho6235,4
ho6236,4
ho6237,4
ho6238,4
ho6239,4
ho624,1
ho6240,4
ho6241,4
ho6242,4
ho6243,4
ho6244,4
ho6245,4
ho6246,4
ho6247,4
ho6248,4
ho6249,4
ho625,1
ho6250,4
ho6251,4
ho6252,4
ho6253,4
ho6254,4
ho6255,4
ho6256,4
ho6257,4
ho6258,4
ho6259,4
ho626,1
ho6260,4
ho6261,4
ho6262,4
ho6263,4
ho6264,4
ho6265,4
ho6266,4
ho6267,4
ho6268,4
ho6269,4
ho627,1
ho6270,4
ho6271,4
ho6272,4
ho6273,4
ho6274,4
ho6275,4
ho6276,4
ho6277,4
ho6278,4
ho6279,4
ho628,1
ho6280,4
ho6281,4
ho6282,4
ho6283,4
ho6284,4
ho6285,4
ho6286,4
ho6287,4
ho6288,4
ho6289,4
ho629,1
ho6290,4
ho6291,4
ho6292,4
ho6293,4
ho6294,4
ho6295,4
ho6296,4
ho6297,4
ho6298,4
ho6299,4
ho630,1
ho6300,4
ho6301,4
ho6302,4
ho6303,4
ho6304,4
ho6305,4
ho6306,4
ho6307,4
ho6308,4
ho6309,4
ho631,1
ho6310,4
ho6311,4
ho6312,4
ho6313,4
ho6314,4
ho6315,4
ho6316,4
ho6317,4
ho6318,4
ho6319,4
ho632,1
ho6320,4
ho6321,4
ho6322,4
ho6323,4
ho6324,4
ho6325,4
ho6326,4
ho6327,4
ho6328,4
ho6329,4
ho6330,4
ho6331,4
ho6332,4
ho6333,4
ho6334,4
ho6335,4
ho6336,4
ho6337,4
ho6338,4
ho6339,4
ho634,1
ho6340,4
ho6341,4
ho6342,4
ho6343,4
ho6344,4
ho6345,4
ho6346,4
ho6347,4
ho6348,4
ho6349,4
ho635,1
ho6350,4
ho6351,4
ho6352,4
ho6353,4
ho6354,4
ho6355,4
ho6356,4
ho6357,4
ho6358,4
ho6359,4
ho636,1
ho6360,4
ho6361,4
ho6362,4
ho6363,4
ho6364,4
ho6365,4
ho6366,4
ho6367,4
ho6368,4
ho6369,4
ho637,1
ho6370,4
ho6371,4
ho6372,4
ho6373,4
ho6374,4
ho6375,4
ho6376,4
ho6377,4
ho6378,4
ho6379,4
ho638,1
ho6380,4
ho6381,4
ho6382,4
ho6383,4
ho6384,4
ho6385,4
ho6386,4
ho6387,4
ho6388,4
ho6389,4
ho639,1
ho6390,4
ho6391,4
ho6392,4
ho6393,4
ho6394,4
ho6395,4
ho6396,4
ho6397,4
ho6398,4
ho6399,4
ho640,1
ho6400,4
ho6401,4
ho6402,4
ho6403,4
ho6404,4
ho6405,4
ho6406,4
ho6407,4
ho6408,4
ho6409,4
ho641,1
ho6410,4
ho6411,4
ho6412,4
ho6413,4
ho6414,4
ho6415,4
ho6416,4
ho6417,4
ho6418,4
ho6419,4
ho642,1
ho6420,4
ho6421,4
ho6422,4
ho6423,4
ho6424,4
ho6425,4
ho6426,4
ho6427,4
ho6428,4
ho6429,4
ho643,1
ho6430,4
ho6431,4
ho6432,4
ho6433,4
ho6434,4
ho6435,4
ho6436,4
ho6437,4
ho6438,4
ho6439,4
ho644,1
ho6440,4
ho6441,4
ho6442,4
ho6443,4
ho6444,4
ho6445,4
ho6446,4
ho6447,4
ho6448,4
ho6449,4
ho645,1
ho6450,4
ho6451,4
ho6452,4
ho6453,4
ho6454,4
ho6455,4
ho6456,4
ho6457,4
ho6458,4
ho6459,4
ho6460,4
ho6461,4
ho6462,4
ho6463,4
ho6464,4
ho6465,4
ho6466,4
ho6467,4
ho6468,4
ho6469,4
ho647,1
ho6470,4
ho6471,4
ho6472,4
ho6473,4
ho6474,4
ho6475,4
ho6476,4
ho6477,4
ho6478,4
ho6479,4
ho6480,4
ho6481,4
ho6482,4
ho6483,4
ho6484,4
ho6485,4
ho6486,4
ho6487,4
ho6488,4
ho6489,4
ho649,1
ho6490,4
ho6491,4
ho6492,4
ho6493,4
ho6494,4
ho6495,4
ho6496,4
ho6497,4
ho6498,4
ho6499,4
ho65,1
ho6500,4
ho6501,4
ho6502,4
ho6503,4
ho6504,4
ho6505,4
ho6506,4
ho6507,4
ho6508,4
ho6509,4
ho6510,4
ho6511,4
ho6512,4
ho6513,4
ho6514,4
ho6515,4
ho6516,4
ho6517,4
ho6518,4
ho6519,4
ho652,1
ho6520,4
ho6521,4
ho6522,4
ho6523,4
ho6524,4
ho6525,4
ho6526,4
ho6527,4
ho6528,4
ho6529,4
ho653,1
ho6530,4
ho6531,4
ho6532,4
ho6533,4
ho6534,4
ho6535,4
ho6536,4
ho6537,4
ho6538,4
ho6539,4
ho6540,4
ho6541,4
ho6542,4
ho6543,4
ho6544,4
ho6545,4
ho6546,4
ho6547,4
ho6548,4
ho6549,4
ho655,1
ho6550,4
ho6551,4
ho6552,4
ho6553,4
ho6554,4
ho6555,4
ho6556,4
ho6557,4
ho6558,4
ho6559,4
ho656,1
ho6560,4
ho6561,4
ho6562,4
ho6563,4
ho6564,4
ho6565,4
ho6566,4
ho6567,4
ho6568,4
ho6569,4
ho657,1
ho6570,4
ho6571,4
ho6572,4
ho6573,4
ho6574,4
ho6575,4
ho6576,4
ho6577,4
ho6578,4
ho6579,4
ho6580,4
ho6581,4
ho6582,4
ho6583,4
ho6584,4
ho6585,4
ho6586,4
ho6587,4
ho6588,4
ho6589,4
ho6590,4
ho6591,4
ho6592,4
ho6593,4
ho6594,4
ho6595,4
ho6596,4
ho6597,4
ho6598,4
ho6599,4
ho66,1
ho660,1
ho6600,4
ho6601,4
ho6602,4
ho6603,4
ho6604,4
ho6605,4
ho6606,4
ho6607,4
ho6608,4
ho6609,4
ho6610,4
ho6611,4
ho6612,4
ho6613,4
ho6614,4
ho6615,4
ho6616,4
ho6617,4
ho6618,4
ho6619,4
ho662,1
ho6620,4
ho6621,4
ho6622,4
ho6623,4
ho6624,4
ho6625,4
ho6626,4
ho6627,4
ho6628,4
ho6629,4
ho663,1
ho6630,4
ho6631,4
ho6632,4
ho6633,4
ho6634,4
ho6635,4
ho6636,4
ho6637,4
ho6638,4
ho6639,4
ho6640,4
ho6641,4
ho6642,4
ho6643,4
ho6644,4
ho6645,4
ho6646,4
ho6647,4
ho6648,4
ho6649,4
ho6650,4
ho6651,4
ho6652,4
ho6653,4
ho6654,4
ho6655,4
ho6656,4
ho6657,4
ho6658,4
ho6659,4
ho666,1
ho6660,4
ho6661,4
ho6662,4
ho6663,4
ho6664,4
ho6665,4
ho6666,4
ho6667,4
ho6668,4
ho6669,4
ho667,1
ho6670,4
ho6671,4
ho6672,4
ho6673,4
ho6674,4
ho6675,4
ho6676,4
ho6677,4
ho6678,4
ho6679,4
ho668,1
ho6680,4
ho6681,4
ho6682,4
ho6683,4
ho6684,4
ho6685,4
ho6686,4
ho6687,4
ho6688,4
ho6689,4
ho669,1
ho6690,4
ho6691,4
ho6692,4
ho6693,4
ho6694,4
ho6695,4
ho6696,4
ho6697,4
ho6698,4
ho6699,4
ho67,1
ho6700,4
ho6701,4
ho6702,4
ho6703,4
ho6704,4
ho6705,4
ho6706,4
ho6707,4
ho6708,4
ho6709,4
ho671,1
ho6710,4
ho6711,4
ho6712,4
ho6713,4
ho6714,4
ho6715,4
ho6716,4
ho6717,4
ho6718,4
ho6719,4
ho672,1
ho6720,4
ho6721,4
ho6722,4
ho6723,4
ho6724,4
ho6725,4
ho6726,4
ho6727,4
ho6728,4
ho6729,4
ho6730,4
ho6731,4
ho6732,4
ho6733,4
ho6734,4
ho6735,4
ho6736,4
ho6737,4
ho6738,4
ho6739,4
ho674,1
ho6740,4
ho6741,4
ho6742,4
ho6743,4
ho6744,4
ho6745,4
ho6746,4
ho6747,4
ho6748,4
ho6749,4
ho6750,4
ho6751,4
ho6752,4
ho6753,4
ho6754,4
ho6755,4
ho6756,4
ho6757,4
ho6758,4
ho6759,4
ho6760,4
ho6761,4
ho6762,4
ho6763,4
ho6764,4
ho6765,4
ho6766,4
ho6767,4
ho6768,4
ho6769,4
ho677,1
ho6770,4
ho6771,4
ho6772,4
ho6773,4
ho6774,4
ho6775,4
ho6776,4
ho6777,4
ho6778,4
ho6779,4
ho678,1
ho6780,4
ho6781,4
ho6782,4
ho6783,4
ho6784,4
ho6785,4
ho6786,4
ho6787,4
ho6788,4
ho6789,4
ho679,1
ho6790,4
ho6791,4
ho6792,4
ho6793,4
ho6794,4
ho6795,4
ho6796,4
ho6797,4
ho6798,4
ho6799,4
ho68,1
ho680,1
ho6800,4
ho6801,4
ho6802,4
ho6803,4
ho6804,4
ho6805,4
ho6806,4
ho6807,4
ho6808,4
ho6809,4
ho681,1
ho6810,4
ho6811,4
ho6812,4
ho6813,4
ho6814,4
ho6815,4
ho6816,4
ho6817,4
ho6818,4
ho6819,4
ho6820,4
ho6821,4
ho6822,4
ho6823,4
ho6824,4
ho6825,4
ho6826,4
ho6827,4
ho6828,4
ho6829,4
ho683,1
ho6830,4
ho6831,4
ho6832,4
ho6833,4
ho6834,4
ho6835,4
ho6836,4
ho6837,4
ho6838,4
ho6839,4
ho684,1
ho6840,4
ho6841,4
ho6842,4
ho6843,4
ho6844,4
ho6845,4
ho6846,4
ho6847,4
ho6848,4
ho6849,4
ho6850,4
ho6851,4
ho6852,4
ho6853,4
ho6854,4
ho6855,4
ho6856,4
ho6857,4
ho6858,4
ho6859,4
ho686,1
ho6860,4
ho6861,4
ho6862,4
ho6863,4
ho6864,4
ho6865,4
ho6866,4
ho6867,4
ho6868,4
ho6869,4
ho687,1
ho6870,4
ho6871,4
ho6872,4
ho6873,4
ho6874,4
ho6875,4
ho6876,4
ho6877,4
ho6878,4
ho6879,4
ho688,1
ho6880,4
ho6881,4
ho6882,4
ho6883,4
ho6884,4
ho6885,4
ho6886,4
ho6887,4
ho6888,4
ho6889,4
ho689,1
ho6890,4
ho6891,4
ho6892,4
ho6893,4
ho6894,4
ho6895,4
ho6896,4
ho6897,4
ho6898,4
ho6899,4
ho69,1
ho690,1
ho6900,4
ho6901,4
ho6902,4
ho6903,4
ho6904,4
ho6905,4
ho6906,4
ho6907,4
ho6908,4
ho6909,4
ho691,1
ho6910,4
ho6911,4
ho6912,4
ho6913,4
ho6914,4
ho6915,4
ho6916,4
ho6917,4
ho6918,4
ho6919,4
ho6920,4
ho6921,4
ho6922,4
ho6923,4
ho6924,4
ho6925,4
ho6926,4
ho6927,4
ho6928,4
ho6929,4
ho693,1
ho6930,4
ho6931,4
ho6932,4
ho6933,4
ho6934,4
ho6935,4
ho6936,4
ho6937,4
ho6938,4
ho6939,4
ho6940,4
ho6941,4
ho6942,4
ho6943,4
ho6944,4
ho6945,4
ho6946,4
ho6947,4
ho6948,4
ho6949,4
ho695,1
ho6950,4
ho6951,4
ho6952,4
ho6953,4
ho6954,4
ho6955,4
ho6956,4
ho6957,4
ho6958,4
ho6959,4
ho696,1
ho6960,4
ho6961,4
ho6962,4
ho6963,4
ho6964,4
ho6965,4
ho6966,4
ho6967,4
ho6968,4
ho6969,4
ho697,1
ho6970,4
ho6971,4
ho6972,4
ho6973,4
ho6974,4
ho6975,4
ho6976,4
ho6977,4
ho6978,4
ho6979,4
ho6980,4
ho6981,4
ho6982,4
ho6983,4
ho6984,4
ho6985,4
ho6986,4
ho6987,4
ho6988,4
ho6989,4
ho699,1
ho6990,4
ho6991,4
ho6992,4
ho6993,4
ho6994,4
ho6995,4
ho6996,4
ho6997,4
ho6998,4
ho6999,4
ho7,1
ho70,1
ho700,1
ho7000,4
ho7001,4
ho7002,4
ho7003,4
ho7004,4
ho7005,4
ho7006,4
ho7007,4
ho7008,4
ho7009,4
ho701,1
ho7010,4
ho7011,4
ho7012,4
ho7013,4
ho7014,4
ho7015,4
ho7016,4
ho7017,4
ho7018,4
ho7019,4
ho702,1
ho7020,4
ho7021,4
ho7022,4
ho7023,4
ho7024,4
ho7025,4
ho7026,4
ho7027,4
ho7028,4
ho7029,4
ho7030,4
ho7031,4
ho7032,4
ho7033,4
ho7034,4
ho7035,4
ho7036,4
ho7037,4
ho7038,4
ho7039,4
ho704,1
ho7040,4
ho7041,4
ho7042,4
ho7043,4
ho7044,4
ho7045,4
ho7046,4
ho7047,4
ho7048,4
ho7049,4
ho705,1
ho7050,4
ho7051,4
ho7052,4
ho7053,4
ho7054,4
ho7055,4
ho7056,4
ho7057,4
ho7058,4
ho7059,4
ho706,1
ho7060,4
ho7061,4
ho7062,4
ho7063,4
ho7064,4
ho7065,4
ho7066,4
ho7067,4
ho7068,4
ho7069,4
ho707,1
ho7070,4
ho7071,4
ho7072,4
ho7073,4
ho7074,4
ho7075,4
ho7076,4
ho7077,4
ho7078,4
ho7079,4
ho708,1
ho7080,4
ho7081,4
ho7082,4
ho7083,4
ho7084,4
ho7085,4
ho7086,4
ho7087,4
ho7088,4
ho7089,4
ho709,1
ho7090,4
ho7091,4
ho7092,4
ho7093,4
ho7094,4
ho7095,4
ho7096,4
ho7097,4
ho7098,4
ho7099,4
ho71,1
ho710,1
ho7100,4
ho7101,4
ho7102,4
ho7103,4
ho7104,4
ho7105,4
ho7106,4
ho7107,4
ho7108,4
ho7109,4
ho711,1
ho7110,4
ho7111,4
ho7112,4
ho7113,4
ho7114,4
ho7115,4
ho7116,4
ho7117,4
ho7118,4
ho7119,4
ho712,1
ho7120,4
ho7121,4
ho7122,4
ho7123,4
ho7124,4
ho7125,4
ho7126,4
ho7127,4
ho7128,4
ho7129,4
ho713,1
ho7130,4
ho7131,4
ho7132,4
ho7133,4
ho7134,4
ho7135,4
ho7136,4
ho7137,4
ho7138,4
ho7139,4
ho714,1
ho7140,4
ho7141,4
ho7142,4
ho7143,4
ho7144,4
ho7145,4
ho7146,4
ho7147,4
ho7148,4
ho7149,4
ho715,1
ho7150,4
ho7151,4
ho7152,4
ho7153,4
ho7154,4
ho7155,4
ho7156,4
ho7157,4
ho7158,4
ho7159,4
ho716,1
ho7160,4
ho7161,4
ho7162,4
ho7163,4
ho7164,4
ho7165,4
ho7166,4
ho7167,4
ho7168,4
ho7169,4
ho717,1
ho7170,4
ho7171,4
ho7172,4
ho7173,4
ho7174,4
ho7175,4
ho7176,4
ho7177,4
ho7178,4
ho7179,4
ho718,1
ho7180,4
ho7181,4
ho7182,4
ho7183,4
ho7184,4
ho7185,4
ho7186,4
ho7187,4
ho7188,4
ho7189,4
ho719,1
ho7190,4
ho7191,4
ho7192,4
ho7193,4
ho7194,4
ho7195,4
ho7196,4
ho7197,4
ho7198,4
ho7199,4
ho7200,4
ho7201,4
ho7202,4
ho7203,4
ho7204,4
ho7205,4
ho7206,4
ho7207,4
ho7208,4
ho7209,4
ho721,1
ho7210,4
ho7211,4
ho7212,4
ho7213,4
ho7214,4
ho7215,4
ho7216,4
ho7217,4
ho7218,4
ho7219,4
ho722,1
ho7220,4
ho7221,4
ho7222,4
ho7223,4
ho7224,4
ho7225,4
ho7226,4
ho7227,4
ho7228,4
ho7229,4
ho723,1
ho7230,4
ho7231,4
ho7232,4
ho7233,4
ho7234,4
ho7235,4
ho7236,4
ho7237,4
ho7238,4
ho7239,4
ho724,1
ho7240,4
ho7241,4
ho7242,4
ho7243,4
ho7244,4
ho7245,4
ho7246,4
ho7247,4
ho7248,4
ho7249,4
ho725,1
ho7250,4
ho7251,4
ho7252,4
ho7253,4
ho7254,4
ho7255,4
ho7256,4
ho7257,4
ho7258,4
ho7259,4
ho726,1
ho7260,4
ho7261,4
ho7262,4
ho7263,4
ho7264,4
ho7265,4
ho7266,4
ho7267,4
ho7268,4
ho7269,4
ho727,1
ho7270,4
ho7271,4
ho7272,4
ho7273,4
ho7274,4
ho7275,4
ho7276,4
ho7277,4
ho7278,4
ho7279,4
ho7280,4
ho7281,4
ho7282,4
ho7283,4
ho7284,4
ho7285,4
ho7286,4
ho7287,4
ho7288,4
ho7289,4
ho729,1
ho7290,4
ho7291,4
ho7292,4
ho7293,4
ho7294,4
ho7295,4
ho7296,4
ho7297,4
ho7298,4
ho7299,4
ho73,1
ho7300,4
ho7301,4
ho7302,4
ho7303,4
ho7304,4
ho7305,4
ho7306,4
ho7307,4
ho7308,4
ho7309,4
ho731,1
ho7310,4
ho7311,4
ho7312,4
ho7313,4
ho7314,4
ho7315,4
ho7316,4
ho7317,4
ho7318,4
ho7319,4
ho732,1
ho7320,4
ho7321,4
ho7322,4
ho7323,4
ho7324,4
ho7325,4
ho7326,4
ho7327,4
ho7328,4
ho7329,4
ho733,1
ho7330,4
ho7331,4
ho7332,4
ho7333,4
ho7334,4
ho7335,4
ho7336,4
ho7337,4
ho7338,4
ho7339,4
ho734,1
ho7340,4
ho7341,4
ho7342,4
ho7343,4
ho7344,4
ho7345,4
ho7346,4
ho7347,4
ho7348,4
ho7349,4
ho7350,4
ho7351,4
ho7352,4
ho7353,4
ho7354,4
ho7355,4
ho7356,4
ho7357,4
ho7358,4
ho7359,4
ho736,1
ho7360,4
ho7361,4
ho7362,4
ho7363,4
ho7364,4
ho7365,4
ho7366,4
ho7367,4
ho7368,4
ho7369,4
ho737,1
ho7370,4
ho7371,4
ho7372,4
ho7373,4
ho7374,4
ho7375,4
ho7376,4
ho7377,4
ho7378,4
ho7379,4
ho738,1
ho7380,4
ho7381,4
ho7382,4
ho7383,4
ho7384,4
ho7385,4
ho7386,4
ho7387,4
ho7388,4
ho7389,4
ho739,1
ho7390,4
ho7391,4
ho7392,4
ho7393,3
ho7394,4
ho7395,4
ho7396,4
ho7397,1
ho7399,4
ho74,1
ho740,1
ho7400,4
ho7401,4
ho7402,4
ho7403,4
ho7404,3
ho7405,2
ho7406,4
ho7407,2
ho7408,4
ho7409,2
ho7410,4
ho7411,4
ho7412,4
ho7413,4
ho7414,4
ho7415,4
ho7416,4
ho7417,4
ho7418,4
ho7419,4
ho742,1
ho7420,3
ho7421,4
ho7422,4
ho7423,4
ho7424,4
ho7425,4
ho7426,3
ho7427,4
ho7428,1
ho7429,4
ho7430,4
ho7431,4
ho7432,1
ho7433,1
ho7434,4
ho7435,4
ho7436,4
ho7437,4
ho7438,4
ho7439,4
ho744,1
ho7440,4
ho7441,4
ho7442,4
ho7443,4
ho7444,4
ho7445,4
ho7446,4
ho7447,4
ho7448,4
ho7449,4
ho745,1
ho7450,4
ho7451,4
ho7452,4
ho7453,4
ho7454,4
ho7455,4
ho7456,4
ho7457,4
ho7458,4
ho7459,4
ho746,1
ho7460,4
ho7461,4
ho7462,4
ho7463,4
ho7465,4
ho7466,1
ho7467,3
ho7468,4
ho7469,4
ho747,1
ho7470,2
ho7471,4
ho7472,2
ho7473,1
ho7474,2
ho7475,4
ho7476,3
ho7477,4
ho7478,4
ho7479,4
ho748,1
ho7480,4
ho7481,4
ho7482,4
ho7483,4
ho7484,4
ho7485,4
ho7486,4
ho7487,4
ho7488,4
ho7489,4
ho749,1
ho7490,4
ho7491,4
ho7492,4
ho7493,4
ho7494,4
ho7495,4
ho7496,4
ho7497,4
ho7498,4
ho7499,4
ho75,1
ho750,1
ho7500,4
ho7501,4
ho7502,4
ho7503,4
ho7504,4
ho7505,4
ho7506,4
ho7507,4
ho7508,4
ho7509,4
ho751,1
ho7510,4
ho7511,4
ho7512,4
ho7513,4
ho7514,4
ho7515,4
ho7516,4
ho7517,4
ho7518,4
ho7519,4
ho752,1
ho7520,4
ho7521,4
ho7522,4
ho7523,4
ho7524,4
ho7525,4
ho7526,4
ho7527,4
ho7528,4
ho7529,4
ho7530,4
ho7531,4
ho7532,4
ho7533,4
ho7534,4
ho7536,2
ho7537,3
ho7538,4
ho7539,4
ho754,1
ho7540,4
ho7541,4
ho7542,4
ho7543,4
ho7544,4
ho7545,4
ho7546,4
ho7547,4
ho7548,4
ho7549,4
ho7550,4
ho7551,4
ho7552,4
ho7553,4
ho7554,4
ho7555,4
ho7556,4
ho7557,4
ho7558,4
ho7559,4
ho756,1
ho7560,4
ho7561,4
ho7562,4
ho7563,4
ho7564,4
ho7565,4
ho7566,4
ho7567,4
ho7568,4
ho7569,4
ho757,1
ho7570,4
ho7571,4
ho7572,4
ho7573,4
ho7574,4
ho7575,4
ho7576,4
ho7577,4
ho7578,4
ho7579,4
ho7580,4
ho7581,4
ho7582,4
ho7583,4
ho7584,4
ho7585,4
ho7586,4
ho7587,4
ho7588,4
ho7589,4
ho759,1
ho7590,4
ho7591,4
ho7592,4
ho7593,4
ho7594,4
ho7595,4
ho7596,4
ho7597,4
ho7598,4
ho7599,4
ho76,1
ho760,1
ho7600,4
ho7601,4
ho7602,4
ho7603,4
ho7604,4
ho7605,4
ho7606,4
ho7607,4
ho7608,4
ho7609,1
ho761,1
ho7610,1
ho7611,4
ho7612,4
ho7613,4
ho7614,4
ho7615,4
ho7616,4
ho7617,4
ho7618,4
ho7619,4
ho762,1
ho7620,4
ho7621,4
ho7622,4
ho7623,4
ho7624,4
ho7625,4
ho7626,4
ho7627,4
ho7628,4
ho7629,4
ho763,1
ho7630,4
ho7631,4
ho7632,4
ho7633,4
ho7634,4
ho7635,4
ho7636,4
ho7637,4
ho7638,4
ho7639,4
ho764,1
ho7640,4
ho7641,4
ho7642,4
ho7643,4
ho7644,4
ho7645,4
ho7646,4
ho7647,4
ho7648,4
ho7649,4
ho765,1
ho7650,4
ho7651,4
ho7652,4
ho7653,4
ho7654,4
ho7655,4
ho7656,4
ho7657,4
ho7658,4
ho7659,4
ho766,1
ho7660,4
ho7661,4
ho7662,4
ho7663,4
ho7664,4
ho7665,4
ho7666,4
ho7667,4
ho7668,4
ho7669,4
ho767,1
ho7670,4
ho7671,4
ho7672,4
ho7673,4
ho7674,4
ho7675,4
ho7676,4
ho7677,4
ho7678,4
ho7679,4
ho768,1
ho7680,4
ho7681,4
ho7682,4
ho7683,4
ho7684,4
ho7685,4
ho7686,4
ho7687,4
ho7688,4
ho7689,4
ho769,1
ho7690,4
ho7691,4
ho7692,4
ho7693,4
ho7694,4
ho7695,4
ho7696,4
ho7697,4
ho7698,4
ho7699,4
ho77,1
ho7700,4
ho7701,4
ho7702,4
ho7703,4
ho7704,4
ho7705,4
ho7706,4
ho7707,4
ho7708,4
ho7709,4
ho771,1
ho7710,4
ho7711,4
ho7712,4
ho7713,4
ho7714,4
ho7715,4
ho7716,4
ho7717,4
ho7718,4
ho7719,4
ho7720,4
ho7721,4
ho7722,4
ho7723,4
ho7724,4
ho7725,4
ho7726,4
ho7727,4
ho7728,4
ho7729,4
ho773,1
ho7730,4
ho7731,4
ho7732,4
ho7733,4
ho7734,4
ho7735,4
ho7736,4
ho7737,4
ho7738,4
ho7739,4
ho7740,4
ho7741,4
ho7742,4
ho7743,4
ho7744,4
ho7745,4
ho7746,4
ho7747,4
ho7748,4
ho7749,4
ho775,1
ho7750,4
ho7751,4
ho7752,4
ho7753,4
ho7754,4
ho7755,4
ho7756,4
ho7757,4
ho7758,4
ho7759,4
ho776,1
ho7760,4
ho7761,4
ho7762,4
ho7763,4
ho7764,4
ho7765,4
ho7766,4
ho7767,4
ho7768,4
ho7769,4
ho777,1
ho7770,4
ho7771,4
ho7772,4
ho7773,4
ho7774,4
ho7775,4
ho7776,4
ho7777,4
ho7778,4
ho7779,4
ho778,1
ho7780,4
ho7781,4
ho7782,4
ho7783,4
ho7784,4
ho7785,4
ho7786,4
ho7787,4
ho7788,4
ho7789,4
ho779,1
ho7790,4
ho7791,4
ho7792,4
ho7793,4
ho7794,4
ho7795,4
ho7796,4
ho7797,4
ho7798,4
ho7799,4
ho780,1
ho7800,4
ho7801,4
ho7802,4
ho7803,4
ho7804,4
ho7805,4
ho7806,4
ho7807,4
ho7808,4
ho7809,4
ho781,1
ho7810,4
ho7811,4
ho7812,4
ho7813,4
ho7814,4
ho7815,4
ho7816,4
ho7817,4
ho7818,4
ho7819,4
ho782,1
ho7820,4
ho7821,4
ho7822,4
ho7824,3
ho7825,4
ho7826,4
ho7827,4
ho7828,4
ho7829,4
ho783,1
ho7830,4
ho7831,4
ho7832,4
ho7833,4
ho7834,4
ho7835,4
ho7836,4
ho7837,4
ho7838,3
ho7839,4
ho784,1
ho7840,4
ho7841,4
ho7842,4
ho7843,4
ho7844,4
ho7845,4
ho7846,4
ho7847,4
ho7848,4
ho7849,4
ho785,1
ho7850,4
ho7851,4
ho7852,4
ho7853,4
ho7854,4
ho7855,4
ho7856,4
ho7857,3
ho7858,4
ho7859,4
ho786,1
ho7860,4
ho7861,4
ho7862,4
ho7863,4
ho7864,4
ho7865,4
ho7866,4
ho7867,4
ho7868,4
ho7869,4
ho7870,4
ho7871,1
ho7872,4
ho7873,4
ho7874,4
ho7875,4
ho7876,4
ho7877,4
ho7878,2
ho7879,1
ho7880,4
ho7881,1
ho7882,4
ho7883,4
ho7884,4
ho7885,4
ho7886,4
ho7887,2
ho7888,2
ho7889,3
ho7890,4
ho7891,4
ho7892,4
ho7893,4
ho7894,3
ho7895,4
ho7896,2
ho7897,2
ho7898,4
ho7899,4
ho79,1
ho790,1
ho7900,1
ho7901,4
ho7902,4
ho7903,3
ho7904,1
ho7905,4
ho7906,4
ho7907,3
ho7908,4
ho7909,4
ho791,1
ho7910,4
ho7911,4
ho7912,4
ho7913,4
ho7914,2
ho7915,4
ho7916,4
ho7917,1
ho7918,3
ho7919,4
ho7920,3
ho7921,4
ho7922,4
ho7923,4
ho7924,3
ho7925,4
ho7926,4
ho7927,4
ho7928,4
ho7929,4
ho7930,1
ho7931,4
ho7932,1
ho7933,4
ho7934,4
ho7935,2
ho7936,4
ho7937,4
ho7938,4
ho7939,4
ho794,1
ho7940,4
ho7941,4
ho7942,4
ho7943,4
ho7944,4
ho7945,4
ho7946,1
ho7947,4
ho7948,4
ho7949,3
ho795,1
ho7950,2
ho7951,4
ho7952,4
ho7953,4
ho7954,4
ho7955,4
ho7956,4
ho7957,1
ho7958,3
ho7959,1
ho796,1
ho7960,4
ho7961,4
ho7962,4
ho7963,4
ho7964,4
ho7965,2
ho7966,4
ho7967,4
ho7968,4
ho7969,1
ho797,1
ho7970,4
ho7971,4
ho7972,4
ho7973,4
ho7974,3
ho7975,3
ho7976,4
ho7977,1
ho798,1
ho7980,3
ho7981,1
ho7982,4
ho7983,4
ho7984,3
ho7985,2
ho7986,4
ho7987,4
ho7988,4
ho7989,4
ho799,1
ho7990,4
ho7991,4
ho7992,4
ho7993,3
ho7994,4
ho7995,4
ho7996,4
ho7997,4
ho7998,4
ho7999,1
ho80,1
ho8000,1
ho8001,2
ho8002,4
ho8003,4
ho8004,4
ho8005,4
ho8006,4
ho8007,4
ho8008,1
ho8009,2
ho801,1
ho8010,4
ho8011,3
ho8012,1
ho8013,1
ho8014,2
ho8015,1
ho8016,4
ho8017,4
ho8018,4
ho8019,4
ho802,1
ho8020,3
ho8021,4
ho8022,4
ho8023,4
ho8024,4
ho8025,4
ho8026,4
ho8027,4
ho8028,4
ho8029,4
ho803,1
ho8030,4
ho8031,4
ho8032,4
ho8033,4
ho8034,4
ho8035,4
ho8036,4
ho8037,4
ho8038,4
ho8039,4
ho804,1
ho8040,4
ho8041,4
ho8042,4
ho8043,4
ho8044,4
ho8045,4
ho8046,4
ho8047,4
ho8048,4
ho8049,4
ho805,1
ho8050,4
ho8051,4
ho8052,4
ho8053,4
ho8054,4
ho8055,4
ho8056,4
ho8057,4
ho8058,4
ho8059,4
ho8060,4
ho8061,4
ho8062,4
ho8063,4
ho8064,4
ho8065,4
ho8066,4
ho8067,4
ho8068,4
ho8069,4
ho8070,4
ho8071,4
ho8072,4
ho8073,4
ho8074,4
ho8075,4
ho8076,4
ho8077,4
ho8078,4
ho8079,4
ho8080,4
ho8081,4
ho8082,4
ho8083,4
ho8084,4
ho8085,4
ho8086,4
ho8087,4
ho8088,4
ho8089,4
ho809,1
ho8090,3
ho8091,4
ho8092,4
ho8093,4
ho8094,4
ho8095,4
ho8096,4
ho8097,4
ho8098,4
ho8099,4
ho810,1
ho8100,4
ho8101,4
ho8102,4
ho8103,4
ho8104,4
ho8105,4
ho8106,4
ho8107,4
ho8108,4
ho8109,4
ho811,1
ho8110,4
ho8111,4
ho8112,4
ho8113,4
ho8114,4
ho8115,4
ho8116,4
ho8117,4
ho8118,4
ho8119,4
ho812,1
ho8120,4
ho8121,4
ho8122,4
ho8123,4
ho8124,4
ho8125,4
ho8126,4
ho8127,4
ho8128,4
ho8129,4
ho813,1
ho8130,4
ho8131,4
ho8132,4
ho8133,4
ho8134,4
ho8135,4
ho8136,4
ho8137,4
ho8138,4
ho8139,4
ho8140,4
ho8141,4
ho8142,4
ho8143,4
ho8144,4
ho8145,4
ho8146,4
ho8147,4
ho8148,4
ho8149,4
ho815,1
ho8150,4
ho8151,4
ho8152,4
ho8153,4
ho8154,4
ho8155,4
ho8156,4
ho8157,4
ho8158,4
ho8159,4
ho816,1
ho8160,4
ho8161,4
ho8162,4
ho8163,4
ho8164,4
ho8165,4
ho8166,4
ho8167,4
ho8168,4
ho8169,4
ho817,1
ho8170,4
ho8171,4
ho8172,4
ho8173,4
ho8174,4
ho8175,4
ho8176,4
ho8177,4
ho8178,4
ho8179,4
ho8180,4
ho8181,4
ho8182,4
ho8183,4
ho8184,4
ho8185,4
ho8186,4
ho8187,4
ho8188,4
ho8189,4
ho819,1
ho8190,4
ho8191,4
ho8192,4
ho8193,4
ho8194,4
ho8195,4
ho8196,4
ho8197,4
ho8198,4
ho8199,4
ho82,1
ho8200,4
ho8201,4
ho8202,4
ho8203,4
ho8204,4
ho8205,4
ho8206,4
ho8207,4
ho8208,4
ho8209,4
ho821,1
ho8210,4
ho8211,4
ho8212,4
ho8213,4
ho8214,4
ho8215,4
ho8216,4
ho8217,4
ho8218,4
ho8219,4
ho8220,4
ho8221,4
ho8222,4
ho8223,4
ho8224,4
ho8225,4
ho8226,4
ho8227,4
ho8228,4
ho8229,4
ho8230,4
ho8231,4
ho8232,4
ho8233,4
ho8234,4
ho8235,4
ho8236,4
ho8237,4
ho8238,4
ho8239,4
ho8240,4
ho8241,4
ho8242,4
ho8243,4
ho8244,4
ho8245,4
ho8246,4
ho8247,4
ho8248,4
ho8249,4
ho825,1
ho8250,4
ho8251,4
ho8252,4
ho8253,4
ho8254,4
ho8255,4
ho8256,4
ho8257,4
ho8258,4
ho8259,4
ho826,1
ho8260,4
ho8261,4
ho8262,4
ho8263,4
ho8264,4
ho8265,4
ho8266,4
ho8267,4
ho8268,4
ho8269,4
ho827,1
ho8270,4
ho8271,4
ho8272,4
ho8273,4
ho8274,4
ho8275,4
ho8276,4
ho8277,4
ho8278,4
ho8279,4
ho8280,4
ho8281,4
ho8282,4
ho8283,4
ho8284,4
ho8285,4
ho8286,4
ho8287,4
ho8288,4
ho8289,4
ho8290,4
ho8291,4
ho8292,4
ho8293,4
ho8294,4
ho8295,4
ho8296,4
ho8297,4
ho8298,4
ho8299,4
ho830,1
ho8300,4
ho8301,4
ho8302,4
ho8303,4
ho8304,4
ho8305,4
ho8306,4
ho8307,4
ho8308,4
ho8309,4
ho831,1
ho8310,4
ho8311,4
ho8312,4
ho8313,4
ho8314,4
ho8315,4
ho8316,4
ho8317,4
ho8318,4
ho8319,4
ho832,1
ho8320,4
ho8321,4
ho8322,4
ho8323,4
ho8324,4
ho8325,4
ho8326,4
ho8327,4
ho8328,4
ho8329,4
ho8330,4
ho8331,4
ho8332,4
ho8333,4
ho8334,4
ho8335,4
ho8336,4
ho8337,4
ho8338,4
ho8339,4
ho834,1
ho8340,4
ho8341,4
ho8342,4
ho8343,4
ho8344,4
ho8345,4
ho8346,4
ho8347,4
ho8348,4
ho8349,4
ho8350,4
ho8351,4
ho8352,4
ho8353,4
ho8354,4
ho8355,4
ho8356,4
ho8357,4
ho8358,4
ho8359,4
ho836,1
ho8360,4
ho8361,4
ho8362,4
ho8363,4
ho8364,4
ho8365,4
ho8366,4
ho8367,4
ho8368,4
ho8369,4
ho8370,4
ho8371,4
ho8372,4
ho8373,4
ho8374,4
ho8375,4
ho8376,4
ho8377,4
ho8378,4
ho8379,4
ho8380,4
ho8381,4
ho8382,4
ho8383,4
ho8384,4
ho8385,4
ho8386,4
ho8387,4
ho8388,4
ho8389,4
ho8390,4
ho8391,4
ho8392,4
ho8393,4
ho8394,4
ho8395,4
ho8396,4
ho8397,4
ho8398,4
ho8399,4
ho84,1
ho840,1
ho8400,4
ho8401,4
ho8402,4
ho8403,4
ho8404,4
ho8405,4
ho8406,4
ho8407,4
ho8408,4
ho8409,4
ho841,1
ho8410,4
ho8411,4
ho8412,4
ho8413,4
ho8414,4
ho8415,4
ho8416,4
ho8417,4
ho8418,4
ho8419,4
ho842,1
ho8420,4
ho8421,4
ho8422,4
ho8423,4
ho8424,4
ho8425,4
ho8426,4
ho8427,4
ho8428,4
ho8429,4
ho843,1
ho8430,4
ho8431,4
ho8432,4
ho8433,4
ho8434,4
ho8435,4
ho8436,4
ho8437,4
ho8438,4
ho8439,4
ho844,1
ho8440,4
ho8441,4
ho8442,4
ho8443,4
ho8444,4
ho8445,4
ho8446,4
ho8447,4
ho8448,4
ho8449,4
ho845,1
ho8450,4
ho8451,4
ho8452,4
ho8453,4
ho8454,4
ho8455,4
ho8456,4
ho8457,4
ho8458,4
ho8459,4
ho846,1
ho8460,4
ho8461,4
ho8462,4
ho8463,4
ho8464,4
ho8465,4
ho8466,4
ho8467,4
ho8468,4
ho8469,4
ho8470,4
ho8471,4
ho8472,4
ho8473,4
ho8474,4
ho8475,4
ho8476,4
ho8477,4
ho8478,4
ho8479,4
ho848,1
ho8480,4
ho8481,4
ho8482,4
ho8483,4
ho8484,4
ho8485,4
ho8486,4
ho8487,4
ho8488,4
ho8489,4
ho849,1
ho8490,4
ho8491,4
ho8492,4
ho8493,4
ho8494,4
ho8495,4
ho8496,4
ho8497,4
ho8498,4
ho8499,4
ho85,1
ho8500,4
ho8501,4
ho8502,4
ho8503,4
ho8504,4
ho8505,4
ho8506,4
ho8507,4
ho8508,4
ho8509,4
ho8510,4
ho8511,4
ho8512,4
ho8513,4
ho8514,4
ho8515,4
ho8516,4
ho8517,4
ho8518,4
ho8519,4
ho852,1
ho8520,4
ho8521,4
ho8522,4
ho8523,4
ho8524,4
ho8525,4
ho8526,4
ho8527,4
ho8528,4
ho8529,4
ho853,1
ho8530,4
ho8531,4
ho8532,4
ho8533,4
ho8534,4
ho8535,4
ho8536,4
ho8537,4
ho8538,4
ho8539,4
ho854,1
ho8540,4
ho8541,4
ho8542,4
ho8543,4
ho8544,4
ho8545,4
ho8546,4
ho8547,4
ho8548,4
ho8549,4
ho855,1
ho8550,4
ho8551,4
ho8552,4
ho8553,4
ho8554,4
ho8555,4
ho8556,4
ho8557,4
ho8558,4
ho8559,4
ho856,1
ho8560,4
ho8561,4
ho8562,4
ho8563,4
ho8564,4
ho8565,4
ho8566,4
ho8567,4
ho8568,4
ho8569,4
ho857,1
ho8570,4
ho8571,4
ho8572,4
ho8573,4
ho8574,4
ho8575,4
ho8576,4
ho8577,4
ho8578,4
ho8579,4
ho858,1
ho8580,4
ho8581,4
ho8582,4
ho8583,4
ho8584,4
ho8585,4
ho8586,4
ho8587,4
ho8588,4
ho8589,4
ho859,1
ho8590,4
ho8591,4
ho8592,4
ho8593,4
ho8594,4
ho8595,4
ho8596,4
ho8597,4
ho8598,4
ho8599,4
ho86,1
ho860,1
ho8600,4
ho8601,4
ho8602,4
ho8603,4
ho8604,4
ho8605,4
ho8606,4
ho8607,4
ho8608,4
ho8609,4
ho861,1
ho8610,4
ho8611,4
ho8612,4
ho8613,4
ho8614,4
ho8615,4
ho8616,4
ho8617,4
ho8618,4
ho8619,4
ho862,1
ho8620,4
ho8621,4
ho8622,4
ho8623,4
ho8624,4
ho8625,4
ho8626,4
ho8627,4
ho8628,4
ho8629,4
ho863,1
ho8630,4
ho8631,4
ho8632,4
ho8633,4
ho8634,4
ho8635,4
ho8636,4
ho8637,4
ho8638,4
ho8639,4
ho864,1
ho8640,4
ho8641,4
ho8642,4
ho8643,4
ho8644,4
ho8645,4
ho8646,4
ho8647,4
ho8648,4
ho8649,4
ho8650,4
ho8651,4
ho8652,4
ho8653,4
ho8654,4
ho8655,4
ho8656,4
ho8657,4
ho8658,4
ho8659,4
ho866,1
ho8660,4
ho8661,4
ho8662,4
ho8663,4
ho8664,4
ho8665,4
ho8666,4
ho8667,4
ho8668,4
ho8669,4
ho867,1
ho8670,4
ho8671,4
ho8672,4
ho8673,4
ho8674,4
ho8675,4
ho8676,4
ho8677,4
ho8678,4
ho8679,4
ho8680,4
ho8681,4
ho8682,4
ho8683,4
ho8684,4
ho8685,4
ho8686,4
ho8687,4
ho8688,4
ho8689,4
ho8690,4
ho8691,4
ho8692,4
ho8693,4
ho8694,4
ho8695,4
ho8696,4
ho8697,4
ho8698,4
ho8699,4
ho87,1
ho8700,4
ho8701,4
ho8702,4
ho8703,4
ho8704,4
ho8705,4
ho8706,4
ho8707,4
ho8708,4
ho8709,4
ho871,1
ho8710,4
ho8711,4
ho8712,4
ho8713,4
ho8714,4
ho8715,4
ho8716,4
ho8717,4
ho8718,4
ho8719,4
ho872,1
ho8720,4
ho8721,4
ho8722,4
ho8723,4
ho8724,4
ho8725,4
ho8726,4
ho8727,4
ho8728,4
ho8729,4
ho873,1
ho8730,4
ho8731,4
ho8732,4
ho8733,4
ho8734,4
ho8735,4
ho8736,4
ho8737,4
ho8738,4
ho8739,4
ho874,1
ho8740,4
ho8741,4
ho8742,4
ho8743,4
ho8744,4
ho8745,4
ho8746,4
ho8747,4
ho8748,4
ho8749,4
ho875,1
ho8750,4
ho8751,4
ho8752,4
ho8753,4
ho8754,4
ho8755,4
ho8756,4
ho8757,4
ho8758,4
ho8759,4
ho8760,4
ho8761,4
ho8762,4
ho8763,4
ho8764,4
ho8765,4
ho8766,4
ho8767,4
ho8768,4
ho8769,4
ho877,1
ho8770,4
ho8771,4
ho8772,4
ho8773,4
ho8774,4
ho8775,4
ho8776,4
ho8777,4
ho8778,4
ho8779,4
ho8780,4
ho8781,4
ho8782,4
ho8783,4
ho8784,4
ho8785,4
ho8786,4
ho8787,4
ho8788,4
ho8789,4
ho879,1
ho8790,4
ho8791,4
ho8792,4
ho8793,4
ho8794,4
ho8795,4
ho8796,4
ho8797,4
ho8798,4
ho8799,4
ho880,1
ho8800,4
ho8801,4
ho8802,4
ho8803,4
ho8804,4
ho8805,4
ho8806,4
ho8807,4
ho8808,4
ho8809,4
ho881,1
ho8810,4
ho8811,4
ho8812,4
ho8813,4
ho8814,4
ho8815,4
ho8816,4
ho8817,4
ho8818,4
ho8819,4
ho8820,4
ho8821,4
ho8822,4
ho8823,4
ho8824,4
ho8825,4
ho8826,4
ho8827,4
ho8828,4
ho8829,4
ho883,1
ho8830,4
ho8831,4
ho8832,4
ho8833,4
ho8834,4
ho8835,4
ho8836,4
ho8837,4
ho8838,4
ho8839,4
ho8840,4
ho8841,4
ho8842,4
ho8843,4
ho8844,4
ho8845,4
ho8846,4
ho8847,4
ho8848,4
ho8849,4
ho8850,4
ho8851,4
ho8852,4
ho8853,4
ho8854,4
ho8855,4
ho8856,4
ho8857,4
ho8858,4
ho8859,4
ho886,1
ho8860,4
ho8861,4
ho8862,4
ho8863,4
ho8864,4
ho8865,4
ho8866,4
ho8867,4
ho8868,4
ho8869,4
ho887,1
ho8870,4
ho8871,4
ho8872,4
ho8873,4
ho8874,4
ho8875,4
ho8876,4
ho8877,4
ho8878,4
ho8879,4
ho8880,4
ho8881,4
ho8882,4
ho8883,4
ho8884,4
ho8885,4
ho8886,4
ho8887,4
ho8888,4
ho8889,4
ho889,1
ho8890,4
ho8891,4
ho8892,4
ho8893,4
ho8894,4
ho8895,4
ho8896,4
ho8897,4
ho8898,4
ho8899,4
ho89,1
ho890,1
ho8900,4
ho8901,4
ho8902,4
ho8903,4
ho8904,4
ho8905,4
ho8906,4
ho8907,4
ho8908,4
ho8909,4
ho891,1
ho8910,4
ho8911,4
ho8912,4
ho8913,4
ho8914,4
ho8915,4
ho8916,4
ho8917,4
ho8918,4
ho8919,4
ho892,1
ho8920,4
ho8921,4
ho8922,4
ho8923,4
ho8924,4
ho8925,4
ho8926,4
ho8927,4
ho8928,4
ho8929,4
ho893,1
ho8930,4
ho8931,4
ho8932,4
ho8933,4
ho8934,4
ho8935,4
ho8936,4
ho8937,4
ho8938,4
ho8939,4
ho894,1
ho8940,4
ho8941,4
ho8942,4
ho8943,4
ho8944,4
ho8945,4
ho8946,4
ho8947,4
ho8948,4
ho8949,4
ho895,1
ho8950,4
ho8951,4
ho8952,4
ho8953,4
ho8954,4
ho8955,4
ho8956,4
ho8957,4
ho8958,4
ho8959,4
ho896,1
ho8960,4
ho8961,4
ho8962,4
ho8963,4
ho8964,4
ho8965,4
ho8966,4
ho8967,4
ho8968,4
ho8969,4
ho897,1
ho8970,4
ho8971,4
ho8972,4
ho8973,4
ho8974,4
ho8975,4
ho8976,4
ho8977,4
ho8978,4
ho8979,4
ho898,1
ho8980,4
ho8981,4
ho8982,4
ho8983,4
ho8984,4
ho8985,4
ho8986,4
ho8987,4
ho8988,4
ho8989,4
ho899,1
ho8990,4
ho8991,4
ho8992,4
ho8993,4
ho8994,4
ho8995,4
ho8996,4
ho8997,4
ho8998,4
ho8999,4
ho9,1
ho90,1
ho900,1
ho9000,4
ho9001,4
ho9002,4
ho9003,4
ho9004,4
ho9005,4
ho9006,4
ho9007,3
ho9008,2
ho9009,3
ho901,1
ho9010,4
ho9011,4
ho9012,4
ho9013,4
ho9014,4
ho9015,4
ho9016,4
ho9017,4
ho9018,4
ho9019,4
ho902,1
ho9020,4
ho9021,4
ho9022,4
ho9023,4
ho9024,4
ho9025,4
ho9026,4
ho9027,4
ho9028,4
ho9029,4
ho903,1
ho9030,4
ho9031,4
ho9032,4
ho9033,4
ho9034,4
ho9035,4
ho9036,4
ho9037,4
ho9038,4
ho9039,4
ho904,1
ho9040,4
ho9041,4
ho9042,4
ho9043,4
ho9044,4
ho9045,4
ho9046,4
ho9047,4
ho9048,4
ho9049,4
ho905,1
ho9050,4
ho9051,4
ho9052,4
ho9053,4
ho9054,4
ho9055,4
ho9056,4
ho9057,4
ho9058,4
ho9059,4
ho9060,4
ho9061,4
ho9062,4
ho9063,4
ho9064,4
ho9065,4
ho9066,4
ho9067,4
ho9068,4
ho9069,4
ho907,1
ho9070,4
ho9071,4
ho9072,4
ho9073,4
ho9074,4
ho9075,4
ho9076,4
ho9077,4
ho9078,4
ho9079,4
ho9080,4
ho9081,4
ho9082,4
ho9083,4
ho9084,4
ho9085,4
ho9086,4
ho9087,4
ho9088,4
ho9089,4
ho9090,4
ho9091,4
ho9092,4
ho9093,4
ho9094,4
ho9095,4
ho9096,4
ho9097,4
ho9098,4
ho9099,4
ho91,1
ho9100,4
ho9101,4
ho9102,4
ho9103,4
ho9104,4
ho9105,4
ho9106,4
ho9107,4
ho9108,4
ho9109,4
ho911,1
ho9110,4
ho9111,4
ho9112,4
ho9113,4
ho9114,4
ho9115,4
ho9116,4
ho9117,4
ho9118,4
ho9119,4
ho912,1
ho9120,4
ho9121,4
ho9122,4
ho9123,4
ho9124,4
ho9125,4
ho9126,4
ho9127,4
ho9128,4
ho9129,4
ho913,1
ho9130,4
ho9131,4
ho9132,4
ho9133,4
ho9134,4
ho9135,4
ho9136,4
ho9137,4
ho9138,4
ho9139,4
ho914,1
ho9140,4
ho9141,4
ho9142,4
ho9143,4
ho9144,4
ho9145,4
ho9146,4
ho9147,4
ho9148,4
ho9149,4
ho915,1
ho9150,4
ho9151,4
ho9152,4
ho9153,4
ho9154,4
ho9155,4
ho9156,4
ho9157,4
ho9158,4
ho9159,4
ho916,1
ho9160,4
ho9161,4
ho9162,4
ho9163,4
ho9164,4
ho9165,4
ho9166,4
ho9167,4
ho9168,4
ho9169,4
ho917,1
ho9170,4
ho9171,4
ho9172,4
ho9173,4
ho9174,4
ho9175,4
ho9176,4
ho9177,4
ho9178,4
ho9179,4
ho918,1
ho9180,4
ho9181,4
ho9182,4
ho9183,4
ho9184,4
ho9185,4
ho9186,4
ho9187,4
ho9188,4
ho9189,4
ho9190,4
ho9191,4
ho9192,4
ho9193,4
ho9194,4
ho9195,4
ho9196,4
ho9197,4
ho9198,4
ho9199,4
ho92,1
ho9200,4
ho9201,4
ho9202,4
ho9203,4
ho9204,4
ho9205,4
ho9206,4
ho9207,4
ho9208,4
ho9209,4
ho921,1
ho9210,4
ho9211,4
ho9212,4
ho9213,4
ho9214,4
ho9215,4
ho9216,4
ho9217,4
ho9218,4
ho9219,4
ho922,1
ho9220,4
ho9221,4
ho9222,4
ho9223,4
ho9224,4
ho9225,4
ho9226,4
ho9227,4
ho9228,4
ho9229,4
ho923,1
ho9230,4
ho9231,4
ho9232,4
ho9233,4
ho9234,4
ho9235,4
ho9236,4
ho9237,4
ho9238,4
ho9239,4
ho924,1
ho9240,4
ho9241,4
ho9242,4
ho9243,4
ho9244,4
ho9245,4
ho9246,4
ho9247,4
ho9248,4
ho9249,4
ho925,1
ho9250,4
ho9251,4
ho9252,4
ho9253,4
ho9254,4
ho9255,4
ho9256,4
ho9257,4
ho9258,4
ho9259,4
ho926,1
ho9260,4
ho9261,4
ho9262,4
ho9263,4
ho9264,4
ho9265,4
ho9266,4
ho9267,4
ho9268,4
ho9269,4
ho927,1
ho9270,4
ho9271,4
ho9272,4
ho9273,4
ho9274,4
ho9275,4
ho9276,4
ho9277,4
ho9278,4
ho9279,4
ho928,1
ho9280,4
ho9281,4
ho9282,4
ho9283,4
ho9284,4
ho9285,4
ho9286,4
ho9287,4
ho9288,4
ho9289,4
ho929,1
ho9290,4
ho9291,4
ho9292,4
ho9293,4
ho9294,4
ho9295,4
ho9296,4
ho9297,4
ho9298,4
ho9299,4
ho93,1
ho9300,4
ho9301,4
ho9302,4
ho9303,4
ho9304,4
ho9305,4
ho9306,4
ho9307,4
ho9308,4
ho9309,4
ho931,1
ho9310,4
ho9311,4
ho9312,4
ho9313,4
ho9314,4
ho9315,4
ho9316,4
ho9317,4
ho9318,4
ho9319,4
ho932,1
ho9320,4
ho9321,4
ho9322,4
ho9323,4
ho9324,4
ho9325,4
ho9326,4
ho9327,4
ho9328,4
ho9329,4
ho9330,4
ho9331,4
ho9332,4
ho9333,4
ho9334,4
ho9335,4
ho9336,4
ho9337,4
ho9338,4
ho9339,4
ho9340,4
ho9341,4
ho9342,4
ho9343,4
ho9344,4
ho9345,4
ho9346,4
ho9347,4
ho9348,4
ho9349,4
ho935,1
ho9350,4
ho9351,4
ho9352,4
ho9353,4
ho9354,4
ho9355,4
ho9356,4
ho9357,4
ho9358,4
ho9359,4
ho936,1
ho9360,4
ho9361,4
ho9362,4
ho9363,4
ho9364,4
ho9365,4
ho9366,4
ho9367,4
ho9368,4
ho9369,4
ho937,1
ho9370,4
ho9371,4
ho9372,4
ho9373,4
ho9374,4
ho9375,4
ho9376,4
ho9377,4
ho9378,4
ho9379,4
ho9380,4
ho9381,4
ho9382,4
ho9383,4
ho9384,4
ho9385,4
ho9386,4
ho9387,4
ho9388,4
ho9389,4
ho939,1
ho9390,4
ho9391,4
ho9392,4
ho9393,4
ho9394,4
ho9395,4
ho9396,4
ho9397,4
ho9398,4
ho9399,4
ho94,1
ho9400,4
ho9401,4
ho9402,4
ho9403,4
ho9404,4
ho9405,4
ho9406,4
ho9407,4
ho9408,4
ho9409,4
ho941,1
ho9410,4
ho9411,4
ho9412,4
ho9413,4
ho9414,4
ho9415,4
ho9416,4
ho9417,4
ho9418,4
ho9419,4
ho942,1
ho9420,4
ho9421,4
ho9422,4
ho9423,4
ho9424,4
ho9425,4
ho9426,4
ho9427,4
ho9428,4
ho9429,4
ho943,1
ho9430,4
ho9431,4
ho9432,4
ho9433,4
ho9434,4
ho9435,4
ho9436,4
ho9437,4
ho9438,4
ho9439,4
ho944,1
ho9440,4
ho9441,4
ho9442,4
ho9443,4
ho9444,4
ho9445,4
ho9446,4
ho9447,4
ho9448,4
ho9449,4
ho945,1
ho9450,4
ho9451,4
ho9452,4
ho9453,4
ho9454,4
ho9455,4
ho9456,4
ho9457,4
ho9458,4
ho9459,4
ho946,1
ho9460,4
ho9461,4
ho9462,4
ho9463,4
ho9464,4
ho9465,4
ho9466,4
ho9467,4
ho9468,4
ho9469,4
ho947,1
ho9470,4
ho9471,4
ho9472,4
ho9473,4
ho9474,4
ho9475,4
ho9476,4
ho9477,4
ho9478,4
ho9479,4
ho948,1
ho9480,4
ho9481,4
ho9482,4
ho9483,4
ho9484,4
ho9485,4
ho9486,4
ho9487,4
ho9488,4
ho9489,4
ho949,1
ho9490,4
ho9491,4
ho9492,4
ho9493,4
ho9494,4
ho9495,4
ho9496,4
ho9497,4
ho9498,4
ho9499,4
ho950,1
ho9500,4
ho9501,4
ho9502,4
ho9503,4
ho9504,4
ho9505,4
ho9506,4
ho9507,4
ho9508,4
ho9509,4
ho951,1
ho9510,4
ho9511,4
ho9512,4
ho9513,4
ho9514,4
ho9515,4
ho9516,4
ho9517,4
ho9518,4
ho9519,4
ho952,1
ho9520,4
ho9521,4
ho9522,4
ho9523,4
ho9524,4
ho9525,4
ho9526,4
ho9527,4
ho9528,4
ho9529,4
ho953,1
ho9530,4
ho9531,4
ho9532,4
ho9533,4
ho9534,4
ho9535,4
ho9536,4
ho9537,4
ho9538,4
ho9539,4
ho954,1
ho9540,4
ho9541,4
ho9542,4
ho9543,4
ho9544,4
ho9545,4
ho9546,4
ho9547,4
ho9548,4
ho9549,4
ho955,1
ho9550,4
ho9551,4
ho9552,4
ho9553,4
ho9554,4
ho9555,4
ho9556,4
ho9557,4
ho9558,4
ho9559,4
ho956,1
ho9560,4
ho9561,4
ho9562,4
ho9563,4
ho9564,4
ho9565,4
ho9566,4
ho9567,4
ho9568,4
ho9569,4
ho957,1
ho9570,4
ho9571,4
ho9572,4
ho9573,4
ho9574,4
ho9575,4
ho9576,4
ho9577,4
ho9578,4
ho9579,4
ho9580,4
ho9581,4
ho9582,4
ho9583,4
ho9584,4
ho9585,4
ho9586,4
ho9587,4
ho9588,4
ho9589,4
ho959,1
ho9590,4
ho9591,4
ho9592,4
ho9593,4
ho9594,4
ho9595,4
ho9596,4
ho9597,4
ho9598,4
ho9599,4
ho96,1
ho960,1
ho9600,4
ho9601,4
ho9602,4
ho9603,4
ho9604,4
ho9605,4
ho9606,4
ho9607,4
ho9608,4
ho9609,4
ho961,1
ho9610,4
ho9611,4
ho9612,4
ho9613,4
ho9614,4
ho9615,4
ho9616,4
ho9617,4
ho9618,4
ho9619,4
ho962,1
ho9620,4
ho9621,4
ho9622,4
ho9623,4
ho9624,4
ho9625,4
ho9626,4
ho9627,4
ho9628,4
ho9629,4
ho963,1
ho9630,4
ho9631,4
ho9632,4
ho9633,4
ho9634,4
ho9635,4
ho9636,4
ho9637,4
ho9638,4
ho9639,4
ho9640,4
ho9641,4
ho9642,4
ho9643,4
ho9644,4
ho9645,4
ho9646,4
ho9647,4
ho9648,4
ho9649,4
ho965,1
ho9650,4
ho9651,4
ho9652,4
ho9653,4
ho9654,4
ho9655,4
ho9656,4
ho9657,4
ho9658,4
ho9659,4
ho966,1
ho9660,4
ho9661,4
ho9662,4
ho9663,4
ho9664,4
ho9665,4
ho9666,4
ho9667,4
ho9668,4
ho9669,4
ho967,1
ho9670,4
ho9671,4
ho9672,4
ho9673,4
ho9674,4
ho9675,4
ho9676,4
ho9677,4
ho9678,4
ho9679,4
ho9680,4
ho9681,4
ho9682,4
ho9683,4
ho9684,4
ho9685,4
ho9686,4
ho9687,4
ho9688,4
ho9689,4
ho969,1
ho9690,4
ho9691,4
ho9692,4
ho9693,4
ho9694,4
ho9695,4
ho9696,4
ho9697,4
ho9698,4
ho9699,4
ho97,1
ho970,1
ho9700,4
ho9701,4
ho9702,4
ho9703,4
ho9704,4
ho9705,4
ho9706,4
ho9707,4
ho9708,4
ho9709,4
ho971,1
ho9710,4
ho9711,4
ho9712,4
ho9713,4
ho9714,4
ho9715,4
ho9716,4
ho9717,4
ho9718,4
ho9719,4
ho972,1
ho9720,4
ho9721,4
ho9722,4
ho9723,4
ho9724,4
ho9725,4
ho9726,4
ho9727,4
ho9728,4
ho9729,4
ho973,1
ho9730,4
ho9731,4
ho9732,4
ho9733,4
ho9734,4
ho9735,4
ho9736,4
ho9737,4
ho9738,4
ho9739,4
ho974,1
ho9740,4
ho9741,4
ho9742,4
ho9743,4
ho9744,4
ho9745,4
ho9746,4
ho9747,4
ho9748,4
ho9749,4
ho975,1
ho9750,4
ho9751,4
ho9752,4
ho9753,4
ho9754,4
ho9755,4
ho9756,4
ho9757,4
ho9758,4
ho9759,4
ho976,1
ho9760,4
ho9761,4
ho9762,4
ho9763,4
ho9764,4
ho9765,4
ho9766,4
ho9767,4
ho9768,4
ho9769,4
ho977,1
ho9770,4
ho9771,4
ho9772,4
ho9773,4
ho9774,4
ho9775,4
ho9776,4
ho9777,4
ho9778,4
ho9779,4
ho978,1
ho9780,4
ho9781,4
ho9782,4
ho9783,4
ho9784,4
ho9785,4
ho9786,4
ho9787,4
ho9788,4
ho9789,4
ho979,1
ho9790,4
ho9791,4
ho9792,4
ho9793,4
ho9794,4
ho9795,4
ho9796,4
ho9797,4
ho9798,4
ho9799,4
ho98,1
ho980,1
ho9800,4
ho9801,4
ho9802,4
ho9803,4
ho9804,4
ho9805,4
ho9806,4
ho9807,4
ho9808,4
ho9809,4
ho981,1
ho9810,4
ho9811,4
ho9812,4
ho9813,4
ho9814,4
ho9815,4
ho9816,4
ho9817,4
ho9818,4
ho9819,4
ho982,1
ho9820,4
ho9821,4
ho9822,4
ho9823,4
ho9824,4
ho9825,4
ho9826,4
ho9827,4
ho9828,4
ho9829,4
ho9830,4
ho9831,4
ho9832,4
ho9833,4
ho9834,4
ho9835,4
ho9836,4
ho9837,4
ho9838,4
ho9839,4
ho9840,4
ho9841,4
ho9842,4
ho9843,4
ho9844,4
ho9845,4
ho9846,4
ho9847,4
ho9848,4
ho9849,4
ho9850,4
ho9851,4
ho9852,4
ho9853,4
ho9854,4
ho9855,4
ho9856,4
ho9857,4
ho9858,4
ho9859,4
ho986,1
ho9860,2
ho9861,4
ho9862,4
ho9863,4
ho9864,4
ho9865,4
ho9866,4
ho9867,4
ho9868,4
ho9869,4
ho9870,4
ho9871,4
ho9872,4
ho9873,4
ho9874,4
ho9875,4
ho9876,4
ho9877,4
ho9878,4
ho9879,4
ho9880,4
ho9881,4
ho9882,4
ho9883,4
ho9884,4
ho9885,4
ho9886,4
ho9887,4
ho9888,4
ho9889,4
ho989,1
ho9890,4
ho9891,4
ho9892,4
ho9893,4
ho9894,4
ho9895,4
ho9896,4
ho9897,4
ho9898,4
ho9899,4
ho99,1
ho990,1
ho9900,4
ho9901,4
ho9902,4
ho9903,4
ho9904,4
ho9905,4
ho9906,4
ho9907,4
ho9908,4
ho9909,4
ho991,1
ho9910,4
ho9911,4
ho9912,4
ho9913,4
ho9914,4
ho9915,4
ho9916,4
ho9917,4
ho9918,4
ho9919,4
ho992,1
ho9920,4
ho9921,4
ho9922,4
ho9923,4
ho9924,4
ho9925,4
ho9926,4
ho9927,4
ho9928,4
ho9929,4
ho9930,4
ho9931,4
ho9932,4
ho9933,4
ho9934,4
ho9935,4
ho9936,4
ho9937,4
ho9938,4
ho9939,4
ho994,1
ho9940,4
ho9941,4
ho9942,4
ho9943,4
ho9944,4
ho9945,4
ho9946,4
ho9947,4
ho9948,4
ho9949,4
ho995,1
ho9950,4
ho9951,4
ho9952,4
ho9953,4
ho9954,4
ho9955,4
ho9956,4
ho9957,4
ho9958,4
ho9959,4
ho996,1
ho9960,4
ho9961,4
ho9962,4
ho9963,4
ho9964,4
ho9965,4
ho9966,4
ho9967,4
ho9968,4
ho9969,4
ho997,1
ho9970,4
ho9971,4
ho9972,4
ho9973,4
ho9974,4
ho9975,4
ho9976,4
ho9977,4
ho9978,4
ho9979,4
ho998,1
ho9980,4
ho9981,4
ho9982,4
ho9983,4
ho9984,4
ho9985,4
ho9986,4
ho9987,4
ho9988,4
ho9989,4
ho999,1
ho9990,4
ho9991,4
ho9992,4
ho9993,4
ho9994,4
ho9995,4
ho9996,4
ho9997,4
ho9998,4
ho9999,4
