937e3148-2104-4b92-8ea8-71b44685e3c3,
5f14e7ba-d6bc-4f55-aec5-fa95799efd69,
2bc6bf51-5f61-457e-8c7f-7fd6b30fbe1c,
63b92242-f983-464b-bbf5-f5ed45f5d54d,
d17e409d-6336-4cbb-9f7c-0f77fe74bb98,
3b51700d-c5d1-4988-b798-d2487b138e3c,
1980841a-58eb-4871-9192-42a9267dec70,
8e111da8-d132-445b-ba83-3004f8699024,
34f2b628-f03a-41f0-8bc8-ee0c20ec7026,
7777e9b6-d948-460e-9eb5-80e37e6173d3,
06a17a76-7a46-4ea2-80bf-cc59e1e80e9d,
4f3a04bc-3bf0-44b3-90e7-86e9e55830fb,
b11ba92b-e645-4a4b-9289-2517cc751fcf,
bc67842a-86c8-4578-9e6b-c1f03247002f,
a6c5600b-f2d8-4b49-8520-dc579461562d,
05986bba-79bf-4cc8-bf74-d0a8702bd55a,
c470e916-20b4-4747-a0c0-124260711c92,
ab3c1365-d1d5-47cb-87cf-6d3584f9ffa1,
d7dd2e8d-b251-4c55-b6c3-64f7ed587ff2,
a48c1b62-01a2-468d-83e1-4a5cd85811bd,
31e23480-5b0b-477e-9840-ac8d54bc68b2,
bb16c88b-4d2d-4b68-821e-b79052b0ef65,
687bca7c-3a7b-4742-b6bd-da31c61e74e7,
227fa33e-e6a6-4a07-8ad0-4b6baa4c9d22,
acf0e439-d3b7-4df8-a8c4-5d6db604008c,
9a6137ee-450d-44d8-903f-3b756fe5cef4