89a7ec1c-608f-4d24-90b6-57da21557874,002ec59b-14c3-4581-9ddd-160de23392e4,14727712
89a7ec1c-608f-4d24-90b6-57da21557874,002ec59b-14c3-4581-9ddd-160de23392e4,16989843
89a7ec1c-608f-4d24-90b6-57da21557874,002ec59b-14c3-4581-9ddd-160de23392e4,18005684
89a7ec1c-608f-4d24-90b6-57da21557874,002ec59b-14c3-4581-9ddd-160de23392e4,18143796
89a7ec1c-608f-4d24-90b6-57da21557874,002ec59b-14c3-4581-9ddd-160de23392e4,18946435
89a7ec1c-608f-4d24-90b6-57da21557874,002ec59b-14c3-4581-9ddd-160de23392e4,19878823
89a7ec1c-608f-4d24-90b6-57da21557874,002ec59b-14c3-4581-9ddd-160de23392e4,19878847
89a7ec1c-608f-4d24-90b6-57da21557874,002ec59b-14c3-4581-9ddd-160de23392e4,19878854
89a7ec1c-608f-4d24-90b6-57da21557874,002ec59b-14c3-4581-9ddd-160de23392e4,19878861
89a7ec1c-608f-4d24-90b6-57da21557874,002ec59b-14c3-4581-9ddd-160de23392e4,19878878
89a7ec1c-608f-4d24-90b6-57da21557874,002ec59b-14c3-4581-9ddd-160de23392e4,19878885
89a7ec1c-608f-4d24-90b6-57da21557874,002ec59b-14c3-4581-9ddd-160de23392e4,19878892
89a7ec1c-608f-4d24-90b6-57da21557874,002ec59b-14c3-4581-9ddd-160de23392e4,19878905
89a7ec1c-608f-4d24-90b6-57da21557874,002ec59b-14c3-4581-9ddd-160de23392e4,19882858
89a7ec1c-608f-4d24-90b6-57da21557874,002ec59b-14c3-4581-9ddd-160de23392e4,19882865
89a7ec1c-608f-4d24-90b6-57da21557874,002ec59b-14c3-4581-9ddd-160de23392e4,19882889
89a7ec1c-608f-4d24-90b6-57da21557874,002ec59b-14c3-4581-9ddd-160de23392e4,19885120
89a7ec1c-608f-4d24-90b6-57da21557874,002ec59b-14c3-4581-9ddd-160de23392e4,19885182
89a7ec1c-608f-4d24-90b6-57da21557874,002ec59b-14c3-4581-9ddd-160de23392e4,19885257
89a7ec1c-608f-4d24-90b6-57da21557874,002ec59b-14c3-4581-9ddd-160de23392e4,19885322
89a7ec1c-608f-4d24-90b6-57da21557874,002ec59b-14c3-4581-9ddd-160de23392e4,19885606
89a7ec1c-608f-4d24-90b6-57da21557874,002ec59b-14c3-4581-9ddd-160de23392e4,19885613
89a7ec1c-608f-4d24-90b6-57da21557874,002ec59b-14c3-4581-9ddd-160de23392e4,19885620
89a7ec1c-608f-4d24-90b6-57da21557874,002ec59b-14c3-4581-9ddd-160de23392e4,19885668
89a7ec1c-608f-4d24-90b6-57da21557874,002ec59b-14c3-4581-9ddd-160de23392e4,19885675
89a7ec1c-608f-4d24-90b6-57da21557874,002ec59b-14c3-4581-9ddd-160de23392e4,79005473
89a7ec1c-608f-4d24-90b6-57da21557874,002ec59b-14c3-4581-9ddd-160de23392e4,79005480
89a7ec1c-608f-4d24-90b6-57da21557874,002ec59b-14c3-4581-9ddd-160de23392e4,79005497
89a7ec1c-608f-4d24-90b6-57da21557874,002ec59b-14c3-4581-9ddd-160de23392e4,79005531
89a7ec1c-608f-4d24-90b6-57da21557874,002ec59b-14c3-4581-9ddd-160de23392e4,79005548
89a7ec1c-608f-4d24-90b6-57da21557874,002ec59b-14c3-4581-9ddd-160de23392e4,79005586
89a7ec1c-608f-4d24-90b6-57da21557874,002ec59b-14c3-4581-9ddd-160de23392e4,79005593
89a7ec1c-608f-4d24-90b6-57da21557874,002ec59b-14c3-4581-9ddd-160de23392e4,79005606
89a7ec1c-608f-4d24-90b6-57da21557874,002ec59b-14c3-4581-9ddd-160de23392e4,79005644
89a7ec1c-608f-4d24-90b6-57da21557874,002ec59b-14c3-4581-9ddd-160de23392e4,79005651
89a7ec1c-608f-4d24-90b6-57da21557874,002ec59b-14c3-4581-9ddd-160de23392e4,79005668
89a7ec1c-608f-4d24-90b6-57da21557874,002ec59b-14c3-4581-9ddd-160de23392e4,79005719
89a7ec1c-608f-4d24-90b6-57da21557874,002ec59b-14c3-4581-9ddd-160de23392e4,79005733
89a7ec1c-608f-4d24-90b6-57da21557874,002ec59b-14c3-4581-9ddd-160de23392e4,79005740
89a7ec1c-608f-4d24-90b6-57da21557874,002ec59b-14c3-4581-9ddd-160de23392e4,79005764
89a7ec1c-608f-4d24-90b6-57da21557874,002ec59b-14c3-4581-9ddd-160de23392e4,79005771
89a7ec1c-608f-4d24-90b6-57da21557874,002ec59b-14c3-4581-9ddd-160de23392e4,79005788
89a7ec1c-608f-4d24-90b6-57da21557874,002ec59b-14c3-4581-9ddd-160de23392e4,79005795
89a7ec1c-608f-4d24-90b6-57da21557874,002ec59b-14c3-4581-9ddd-160de23392e4,79005808
89a7ec1c-608f-4d24-90b6-57da21557874,002ec59b-14c3-4581-9ddd-160de23392e4,79005839
89a7ec1c-608f-4d24-90b6-57da21557874,002ec59b-14c3-4581-9ddd-160de23392e4,79005846
89a7ec1c-608f-4d24-90b6-57da21557874,002ec59b-14c3-4581-9ddd-160de23392e4,79005853
89a7ec1c-608f-4d24-90b6-57da21557874,002ec59b-14c3-4581-9ddd-160de23392e4,79005860
89a7ec1c-608f-4d24-90b6-57da21557874,002ec59b-14c3-4581-9ddd-160de23392e4,79005911
89a7ec1c-608f-4d24-90b6-57da21557874,002ec59b-14c3-4581-9ddd-160de23392e4,79005928
ff2f06c1-caf7-427a-9544-d8716eda90a6,00001544-8fa1-4c36-83cf-dabf218cf037,088551043
ff2f06c1-caf7-427a-9544-d8716eda90a6,00001544-8fa1-4c36-83cf-dabf218cf037,104597296
ff2f06c1-caf7-427a-9544-d8716eda90a6,00001544-8fa1-4c36-83cf-dabf218cf037,108343526
ff2f06c1-caf7-427a-9544-d8716eda90a6,00001544-8fa1-4c36-83cf-dabf218cf037,108951604
ff2f06c1-caf7-427a-9544-d8716eda90a6,00001544-8fa1-4c36-83cf-dabf218cf037,36344876
ff2f06c1-caf7-427a-9544-d8716eda90a6,00001544-8fa1-4c36-83cf-dabf218cf037,36355701
ff2f06c1-caf7-427a-9544-d8716eda90a6,00001544-8fa1-4c36-83cf-dabf218cf037,36355718
ff2f06c1-caf7-427a-9544-d8716eda90a6,00001544-8fa1-4c36-83cf-dabf218cf037,36355725
ff2f06c1-caf7-427a-9544-d8716eda90a6,00001544-8fa1-4c36-83cf-dabf218cf037,36355732
ff2f06c1-caf7-427a-9544-d8716eda90a6,00001544-8fa1-4c36-83cf-dabf218cf037,36355749
ff2f06c1-caf7-427a-9544-d8716eda90a6,00001544-8fa1-4c36-83cf-dabf218cf037,36355756
ff2f06c1-caf7-427a-9544-d8716eda90a6,00001544-8fa1-4c36-83cf-dabf218cf037,36355763
ff2f06c1-caf7-427a-9544-d8716eda90a6,00001544-8fa1-4c36-83cf-dabf218cf037,36355770
ff2f06c1-caf7-427a-9544-d8716eda90a6,00001544-8fa1-4c36-83cf-dabf218cf037,36355787
ff2f06c1-caf7-427a-9544-d8716eda90a6,00001544-8fa1-4c36-83cf-dabf218cf037,36355794
ff2f06c1-caf7-427a-9544-d8716eda90a6,00001544-8fa1-4c36-83cf-dabf218cf037,36355838
ff2f06c1-caf7-427a-9544-d8716eda90a6,00001544-8fa1-4c36-83cf-dabf218cf037,36355845
ff2f06c1-caf7-427a-9544-d8716eda90a6,00001544-8fa1-4c36-83cf-dabf218cf037,36355883
ff2f06c1-caf7-427a-9544-d8716eda90a6,00001544-8fa1-4c36-83cf-dabf218cf037,36355890
ff2f06c1-caf7-427a-9544-d8716eda90a6,00001544-8fa1-4c36-83cf-dabf218cf037,36355903
ff2f06c1-caf7-427a-9544-d8716eda90a6,00001544-8fa1-4c36-83cf-dabf218cf037,36355910
ff2f06c1-caf7-427a-9544-d8716eda90a6,00001544-8fa1-4c36-83cf-dabf218cf037,36355927
ff2f06c1-caf7-427a-9544-d8716eda90a6,00001544-8fa1-4c36-83cf-dabf218cf037,36355934
ff2f06c1-caf7-427a-9544-d8716eda90a6,00001544-8fa1-4c36-83cf-dabf218cf037,42096059
ff2f06c1-caf7-427a-9544-d8716eda90a6,00001544-8fa1-4c36-83cf-dabf218cf037,42096066
ff2f06c1-caf7-427a-9544-d8716eda90a6,00001544-8fa1-4c36-83cf-dabf218cf037,45452119
ff2f06c1-caf7-427a-9544-d8716eda90a6,00001544-8fa1-4c36-83cf-dabf218cf037,45452126
ff2f06c1-caf7-427a-9544-d8716eda90a6,00001544-8fa1-4c36-83cf-dabf218cf037,45452133
ff2f06c1-caf7-427a-9544-d8716eda90a6,00001544-8fa1-4c36-83cf-dabf218cf037,63800493
ff2f06c1-caf7-427a-9544-d8716eda90a6,00001544-8fa1-4c36-83cf-dabf218cf037,70923230
ff2f06c1-caf7-427a-9544-d8716eda90a6,00001544-8fa1-4c36-83cf-dabf218cf037,80141040
b09bcbdf-8398-4265-80ee-3abf28665d55,00029e39-9165-4366-989a-72637a4fdce3,098938823
b09bcbdf-8398-4265-80ee-3abf28665d55,00029e39-9165-4366-989a-72637a4fdce3,098938831
b09bcbdf-8398-4265-80ee-3abf28665d55,00029e39-9165-4366-989a-72637a4fdce3,098938849
b09bcbdf-8398-4265-80ee-3abf28665d55,00029e39-9165-4366-989a-72637a4fdce3,098938857
b09bcbdf-8398-4265-80ee-3abf28665d55,00029e39-9165-4366-989a-72637a4fdce3,098938865
b09bcbdf-8398-4265-80ee-3abf28665d55,00029e39-9165-4366-989a-72637a4fdce3,098938873
b09bcbdf-8398-4265-80ee-3abf28665d55,00029e39-9165-4366-989a-72637a4fdce3,098938881
b09bcbdf-8398-4265-80ee-3abf28665d55,00029e39-9165-4366-989a-72637a4fdce3,098938899
b09bcbdf-8398-4265-80ee-3abf28665d55,00029e39-9165-4366-989a-72637a4fdce3,51870198
5deec62d-67db-47c6-9e0f-6b3b4d4c3d45,00031915-6a8a-4d7a-b86a-af3b645f1346,16263591
5deec62d-67db-47c6-9e0f-6b3b4d4c3d45,00031915-6a8a-4d7a-b86a-af3b645f1346,16263604
5deec62d-67db-47c6-9e0f-6b3b4d4c3d45,00031915-6a8a-4d7a-b86a-af3b645f1346,16263666
5deec62d-67db-47c6-9e0f-6b3b4d4c3d45,00031915-6a8a-4d7a-b86a-af3b645f1346,24415532
5deec62d-67db-47c6-9e0f-6b3b4d4c3d45,00031915-6a8a-4d7a-b86a-af3b645f1346,25763499
5deec62d-67db-47c6-9e0f-6b3b4d4c3d45,00031915-6a8a-4d7a-b86a-af3b645f1346,25763571
5deec62d-67db-47c6-9e0f-6b3b4d4c3d45,00031915-6a8a-4d7a-b86a-af3b645f1346,25763653
5deec62d-67db-47c6-9e0f-6b3b4d4c3d45,00031915-6a8a-4d7a-b86a-af3b645f1346,25764216
5deec62d-67db-47c6-9e0f-6b3b4d4c3d45,00031915-6a8a-4d7a-b86a-af3b645f1346,25764381
45bbd7c6-e647-42f1-b371-849694fd64ac,0003aa2f-3d15-4b1f-873f-74a6f2a5337a,60628437
45bbd7c6-e647-42f1-b371-849694fd64ac,0003aa2f-3d15-4b1f-873f-74a6f2a5337a,60628444
45bbd7c6-e647-42f1-b371-849694fd64ac,0003aa2f-3d15-4b1f-873f-74a6f2a5337a,60628451
45bbd7c6-e647-42f1-b371-849694fd64ac,0003aa2f-3d15-4b1f-873f-74a6f2a5337a,60628468
45bbd7c6-e647-42f1-b371-849694fd64ac,0003aa2f-3d15-4b1f-873f-74a6f2a5337a,60628475
45bbd7c6-e647-42f1-b371-849694fd64ac,0003aa2f-3d15-4b1f-873f-74a6f2a5337a,60628482
45bbd7c6-e647-42f1-b371-849694fd64ac,0003aa2f-3d15-4b1f-873f-74a6f2a5337a,60628499
45bbd7c6-e647-42f1-b371-849694fd64ac,0003aa2f-3d15-4b1f-873f-74a6f2a5337a,60628502
45bbd7c6-e647-42f1-b371-849694fd64ac,0003aa2f-3d15-4b1f-873f-74a6f2a5337a,60628519
45bbd7c6-e647-42f1-b371-849694fd64ac,0003aa2f-3d15-4b1f-873f-74a6f2a5337a,60628526
45bbd7c6-e647-42f1-b371-849694fd64ac,0003aa2f-3d15-4b1f-873f-74a6f2a5337a,60628533
45bbd7c6-e647-42f1-b371-849694fd64ac,0003aa2f-3d15-4b1f-873f-74a6f2a5337a,60628540
428aad38-fcd2-4d16-bc17-ea825a556a2d,00047793-fb43-4334-a6b3-7384a118d920,H92305890
4294d607-58de-4f24-aff9-83e7a81cca2e,000478a9-71b5-4cf8-a7d2-a9cb328a9621,097637173
4294d607-58de-4f24-aff9-83e7a81cca2e,000478a9-71b5-4cf8-a7d2-a9cb328a9621,097637238
4294d607-58de-4f24-aff9-83e7a81cca2e,000478a9-71b5-4cf8-a7d2-a9cb328a9621,097637725
4294d607-58de-4f24-aff9-83e7a81cca2e,000478a9-71b5-4cf8-a7d2-a9cb328a9621,097637783
4294d607-58de-4f24-aff9-83e7a81cca2e,000478a9-71b5-4cf8-a7d2-a9cb328a9621,097637848
4294d607-58de-4f24-aff9-83e7a81cca2e,000478a9-71b5-4cf8-a7d2-a9cb328a9621,097637903
4294d607-58de-4f24-aff9-83e7a81cca2e,000478a9-71b5-4cf8-a7d2-a9cb328a9621,097637961
4294d607-58de-4f24-aff9-83e7a81cca2e,000478a9-71b5-4cf8-a7d2-a9cb328a9621,097638022
4294d607-58de-4f24-aff9-83e7a81cca2e,000478a9-71b5-4cf8-a7d2-a9cb328a9621,097638080
7d1e7213-b5c3-433a-a878-2902a6da54eb,00055db8-6282-4aba-9fd7-1b245c352525,11918908
7d1e7213-b5c3-433a-a878-2902a6da54eb,00055db8-6282-4aba-9fd7-1b245c352525,15259780
7d1e7213-b5c3-433a-a878-2902a6da54eb,00055db8-6282-4aba-9fd7-1b245c352525,15259848
7d1e7213-b5c3-433a-a878-2902a6da54eb,00055db8-6282-4aba-9fd7-1b245c352525,16930564
7d1e7213-b5c3-433a-a878-2902a6da54eb,00055db8-6282-4aba-9fd7-1b245c352525,17028801
7d1e7213-b5c3-433a-a878-2902a6da54eb,00055db8-6282-4aba-9fd7-1b245c352525,18265646
7d1e7213-b5c3-433a-a878-2902a6da54eb,00055db8-6282-4aba-9fd7-1b245c352525,18265711
7d1e7213-b5c3-433a-a878-2902a6da54eb,00055db8-6282-4aba-9fd7-1b245c352525,19625764
7d1e7213-b5c3-433a-a878-2902a6da54eb,00055db8-6282-4aba-9fd7-1b245c352525,19648685
7d1e7213-b5c3-433a-a878-2902a6da54eb,00055db8-6282-4aba-9fd7-1b245c352525,19648767
7d1e7213-b5c3-433a-a878-2902a6da54eb,00055db8-6282-4aba-9fd7-1b245c352525,20482777
7d1e7213-b5c3-433a-a878-2902a6da54eb,00055db8-6282-4aba-9fd7-1b245c352525,20947846
7d1e7213-b5c3-433a-a878-2902a6da54eb,00055db8-6282-4aba-9fd7-1b245c352525,22109460
7d1e7213-b5c3-433a-a878-2902a6da54eb,00055db8-6282-4aba-9fd7-1b245c352525,22242419
7d1e7213-b5c3-433a-a878-2902a6da54eb,00055db8-6282-4aba-9fd7-1b245c352525,22373926
7d1e7213-b5c3-433a-a878-2902a6da54eb,00055db8-6282-4aba-9fd7-1b245c352525,22982916
7d1e7213-b5c3-433a-a878-2902a6da54eb,00055db8-6282-4aba-9fd7-1b245c352525,23380794
7d1e7213-b5c3-433a-a878-2902a6da54eb,00055db8-6282-4aba-9fd7-1b245c352525,23892402
7d1e7213-b5c3-433a-a878-2902a6da54eb,00055db8-6282-4aba-9fd7-1b245c352525,25473514
7d1e7213-b5c3-433a-a878-2902a6da54eb,00055db8-6282-4aba-9fd7-1b245c352525,27225656
7d1e7213-b5c3-433a-a878-2902a6da54eb,00055db8-6282-4aba-9fd7-1b245c352525,29360541
7d1e7213-b5c3-433a-a878-2902a6da54eb,00055db8-6282-4aba-9fd7-1b245c352525,33354382
7d1e7213-b5c3-433a-a878-2902a6da54eb,00055db8-6282-4aba-9fd7-1b245c352525,33370568
7d1e7213-b5c3-433a-a878-2902a6da54eb,00055db8-6282-4aba-9fd7-1b245c352525,33968613
7d1e7213-b5c3-433a-a878-2902a6da54eb,00055db8-6282-4aba-9fd7-1b245c352525,38272914
7d1e7213-b5c3-433a-a878-2902a6da54eb,00055db8-6282-4aba-9fd7-1b245c352525,56922482
1abdfd67-a4c3-46ba-a66b-82619f633e9a,2c76e3f1-5d69-4c53-b543-a57cfc75acae,088704646
1abdfd67-a4c3-46ba-a66b-82619f633e9a,2c76e3f1-5d69-4c53-b543-a57cfc75acae,088704654
1abdfd67-a4c3-46ba-a66b-82619f633e9a,2c76e3f1-5d69-4c53-b543-a57cfc75acae,088704696
1abdfd67-a4c3-46ba-a66b-82619f633e9a,2c76e3f1-5d69-4c53-b543-a57cfc75acae,088704701
1abdfd67-a4c3-46ba-a66b-82619f633e9a,2c76e3f1-5d69-4c53-b543-a57cfc75acae,088704719
1abdfd67-a4c3-46ba-a66b-82619f633e9a,2c76e3f1-5d69-4c53-b543-a57cfc75acae,088704751
1abdfd67-a4c3-46ba-a66b-82619f633e9a,2c76e3f1-5d69-4c53-b543-a57cfc75acae,088704769
1abdfd67-a4c3-46ba-a66b-82619f633e9a,2c76e3f1-5d69-4c53-b543-a57cfc75acae,088704777
1abdfd67-a4c3-46ba-a66b-82619f633e9a,2c76e3f1-5d69-4c53-b543-a57cfc75acae,088704816
1abdfd67-a4c3-46ba-a66b-82619f633e9a,2c76e3f1-5d69-4c53-b543-a57cfc75acae,088704824
1abdfd67-a4c3-46ba-a66b-82619f633e9a,2c76e3f1-5d69-4c53-b543-a57cfc75acae,088704832
1abdfd67-a4c3-46ba-a66b-82619f633e9a,2c76e3f1-5d69-4c53-b543-a57cfc75acae,088704874
1abdfd67-a4c3-46ba-a66b-82619f633e9a,2c76e3f1-5d69-4c53-b543-a57cfc75acae,088704882
1abdfd67-a4c3-46ba-a66b-82619f633e9a,2c76e3f1-5d69-4c53-b543-a57cfc75acae,088704890
1abdfd67-a4c3-46ba-a66b-82619f633e9a,2c76e3f1-5d69-4c53-b543-a57cfc75acae,10448794
1abdfd67-a4c3-46ba-a66b-82619f633e9a,2c76e3f1-5d69-4c53-b543-a57cfc75acae,12189118
1abdfd67-a4c3-46ba-a66b-82619f633e9a,2c76e3f1-5d69-4c53-b543-a57cfc75acae,12189125
1abdfd67-a4c3-46ba-a66b-82619f633e9a,2c76e3f1-5d69-4c53-b543-a57cfc75acae,12189132
1abdfd67-a4c3-46ba-a66b-82619f633e9a,2c76e3f1-5d69-4c53-b543-a57cfc75acae,12189149
1abdfd67-a4c3-46ba-a66b-82619f633e9a,2c76e3f1-5d69-4c53-b543-a57cfc75acae,12189156
1abdfd67-a4c3-46ba-a66b-82619f633e9a,2c76e3f1-5d69-4c53-b543-a57cfc75acae,12189163
1abdfd67-a4c3-46ba-a66b-82619f633e9a,2c76e3f1-5d69-4c53-b543-a57cfc75acae,12189170
1abdfd67-a4c3-46ba-a66b-82619f633e9a,2c76e3f1-5d69-4c53-b543-a57cfc75acae,15797469
1abdfd67-a4c3-46ba-a66b-82619f633e9a,2c76e3f1-5d69-4c53-b543-a57cfc75acae,16520602
1abdfd67-a4c3-46ba-a66b-82619f633e9a,2c76e3f1-5d69-4c53-b543-a57cfc75acae,17437491
1abdfd67-a4c3-46ba-a66b-82619f633e9a,2c76e3f1-5d69-4c53-b543-a57cfc75acae,17797610
1abdfd67-a4c3-46ba-a66b-82619f633e9a,2c76e3f1-5d69-4c53-b543-a57cfc75acae,19942862
1abdfd67-a4c3-46ba-a66b-82619f633e9a,2c76e3f1-5d69-4c53-b543-a57cfc75acae,20938816
1abdfd67-a4c3-46ba-a66b-82619f633e9a,2c76e3f1-5d69-4c53-b543-a57cfc75acae,21288893
1abdfd67-a4c3-46ba-a66b-82619f633e9a,2c76e3f1-5d69-4c53-b543-a57cfc75acae,22132289
1abdfd67-a4c3-46ba-a66b-82619f633e9a,2c76e3f1-5d69-4c53-b543-a57cfc75acae,23238746
1abdfd67-a4c3-46ba-a66b-82619f633e9a,2c76e3f1-5d69-4c53-b543-a57cfc75acae,25122798
1abdfd67-a4c3-46ba-a66b-82619f633e9a,2c76e3f1-5d69-4c53-b543-a57cfc75acae,26443045
1abdfd67-a4c3-46ba-a66b-82619f633e9a,2c76e3f1-5d69-4c53-b543-a57cfc75acae,26443052
1abdfd67-a4c3-46ba-a66b-82619f633e9a,2c76e3f1-5d69-4c53-b543-a57cfc75acae,27852308
1abdfd67-a4c3-46ba-a66b-82619f633e9a,2c76e3f1-5d69-4c53-b543-a57cfc75acae,29916847
1abdfd67-a4c3-46ba-a66b-82619f633e9a,2c76e3f1-5d69-4c53-b543-a57cfc75acae,34943989
1abdfd67-a4c3-46ba-a66b-82619f633e9a,2c76e3f1-5d69-4c53-b543-a57cfc75acae,37444543
1abdfd67-a4c3-46ba-a66b-82619f633e9a,2c76e3f1-5d69-4c53-b543-a57cfc75acae,63755844
1abdfd67-a4c3-46ba-a66b-82619f633e9a,2c76e3f1-5d69-4c53-b543-a57cfc75acae,65534414
4218da0e-1647-429e-9238-435ccbab78ba,2fb43e09-7efe-4833-b263-89d47a38b61b,093126201
4218da0e-1647-429e-9238-435ccbab78ba,2fb43e09-7efe-4833-b263-89d47a38b61b,093195632
4218da0e-1647-429e-9238-435ccbab78ba,2fb43e09-7efe-4833-b263-89d47a38b61b,107775738
4218da0e-1647-429e-9238-435ccbab78ba,2fb43e09-7efe-4833-b263-89d47a38b61b,109399009
4218da0e-1647-429e-9238-435ccbab78ba,2fb43e09-7efe-4833-b263-89d47a38b61b,109795920
4218da0e-1647-429e-9238-435ccbab78ba,2fb43e09-7efe-4833-b263-89d47a38b61b,112571068
4218da0e-1647-429e-9238-435ccbab78ba,2fb43e09-7efe-4833-b263-89d47a38b61b,112590957
4218da0e-1647-429e-9238-435ccbab78ba,2fb43e09-7efe-4833-b263-89d47a38b61b,114787827
4218da0e-1647-429e-9238-435ccbab78ba,2fb43e09-7efe-4833-b263-89d47a38b61b,12256265
4218da0e-1647-429e-9238-435ccbab78ba,2fb43e09-7efe-4833-b263-89d47a38b61b,12277326
4218da0e-1647-429e-9238-435ccbab78ba,2fb43e09-7efe-4833-b263-89d47a38b61b,14070538
4218da0e-1647-429e-9238-435ccbab78ba,2fb43e09-7efe-4833-b263-89d47a38b61b,14070545
4218da0e-1647-429e-9238-435ccbab78ba,2fb43e09-7efe-4833-b263-89d47a38b61b,14134895
4218da0e-1647-429e-9238-435ccbab78ba,2fb43e09-7efe-4833-b263-89d47a38b61b,17068883
4218da0e-1647-429e-9238-435ccbab78ba,2fb43e09-7efe-4833-b263-89d47a38b61b,18350051
4218da0e-1647-429e-9238-435ccbab78ba,2fb43e09-7efe-4833-b263-89d47a38b61b,18989152
4218da0e-1647-429e-9238-435ccbab78ba,2fb43e09-7efe-4833-b263-89d47a38b61b,19978453
4218da0e-1647-429e-9238-435ccbab78ba,2fb43e09-7efe-4833-b263-89d47a38b61b,25762432
4218da0e-1647-429e-9238-435ccbab78ba,2fb43e09-7efe-4833-b263-89d47a38b61b,27395671
4218da0e-1647-429e-9238-435ccbab78ba,2fb43e09-7efe-4833-b263-89d47a38b61b,27395842
4218da0e-1647-429e-9238-435ccbab78ba,2fb43e09-7efe-4833-b263-89d47a38b61b,32636963
4218da0e-1647-429e-9238-435ccbab78ba,2fb43e09-7efe-4833-b263-89d47a38b61b,32924831
4218da0e-1647-429e-9238-435ccbab78ba,2fb43e09-7efe-4833-b263-89d47a38b61b,34162731
4218da0e-1647-429e-9238-435ccbab78ba,2fb43e09-7efe-4833-b263-89d47a38b61b,38606949
4218da0e-1647-429e-9238-435ccbab78ba,2fb43e09-7efe-4833-b263-89d47a38b61b,45433349
4218da0e-1647-429e-9238-435ccbab78ba,2fb43e09-7efe-4833-b263-89d47a38b61b,49287149
4218da0e-1647-429e-9238-435ccbab78ba,2fb43e09-7efe-4833-b263-89d47a38b61b,54379012
4218da0e-1647-429e-9238-435ccbab78ba,2fb43e09-7efe-4833-b263-89d47a38b61b,54379036
4218da0e-1647-429e-9238-435ccbab78ba,2fb43e09-7efe-4833-b263-89d47a38b61b,54379043
4218da0e-1647-429e-9238-435ccbab78ba,2fb43e09-7efe-4833-b263-89d47a38b61b,54844178
4218da0e-1647-429e-9238-435ccbab78ba,2fb43e09-7efe-4833-b263-89d47a38b61b,61218337
4218da0e-1647-429e-9238-435ccbab78ba,2fb43e09-7efe-4833-b263-89d47a38b61b,61268628
4218da0e-1647-429e-9238-435ccbab78ba,2fb43e09-7efe-4833-b263-89d47a38b61b,62043210
4218da0e-1647-429e-9238-435ccbab78ba,2fb43e09-7efe-4833-b263-89d47a38b61b,68719944
4218da0e-1647-429e-9238-435ccbab78ba,2fb43e09-7efe-4833-b263-89d47a38b61b,69066762
4218da0e-1647-429e-9238-435ccbab78ba,2fb43e09-7efe-4833-b263-89d47a38b61b,69557713
4218da0e-1647-429e-9238-435ccbab78ba,2fb43e09-7efe-4833-b263-89d47a38b61b,81402951
4218da0e-1647-429e-9238-435ccbab78ba,2fb43e09-7efe-4833-b263-89d47a38b61b,82051514
4218da0e-1647-429e-9238-435ccbab78ba,2fb43e09-7efe-4833-b263-89d47a38b61b,82834224
43aa9e79-cb96-4222-8497-92996e4abddd,2fb504b0-380f-4ac3-b506-38542b3feffc,092003133
43aa9e79-cb96-4222-8497-92996e4abddd,2fb504b0-380f-4ac3-b506-38542b3feffc,100850692
43aa9e79-cb96-4222-8497-92996e4abddd,2fb504b0-380f-4ac3-b506-38542b3feffc,100850757
43aa9e79-cb96-4222-8497-92996e4abddd,2fb504b0-380f-4ac3-b506-38542b3feffc,100850812
43aa9e79-cb96-4222-8497-92996e4abddd,2fb504b0-380f-4ac3-b506-38542b3feffc,100850820
43aa9e79-cb96-4222-8497-92996e4abddd,2fb504b0-380f-4ac3-b506-38542b3feffc,100850927
43aa9e79-cb96-4222-8497-92996e4abddd,2fb504b0-380f-4ac3-b506-38542b3feffc,100850985
43aa9e79-cb96-4222-8497-92996e4abddd,2fb504b0-380f-4ac3-b506-38542b3feffc,100851046
43aa9e79-cb96-4222-8497-92996e4abddd,2fb504b0-380f-4ac3-b506-38542b3feffc,100851101
1232aacb-00e1-4c24-b8c3-ef61b58f8f25,355777e3-c2b9-4a14-9b4b-c48c27dda9dd,101520761
1232aacb-00e1-4c24-b8c3-ef61b58f8f25,355777e3-c2b9-4a14-9b4b-c48c27dda9dd,101520779
1232aacb-00e1-4c24-b8c3-ef61b58f8f25,355777e3-c2b9-4a14-9b4b-c48c27dda9dd,101520787
1232aacb-00e1-4c24-b8c3-ef61b58f8f25,355777e3-c2b9-4a14-9b4b-c48c27dda9dd,101520795
1232aacb-00e1-4c24-b8c3-ef61b58f8f25,355777e3-c2b9-4a14-9b4b-c48c27dda9dd,101520826
1232aacb-00e1-4c24-b8c3-ef61b58f8f25,355777e3-c2b9-4a14-9b4b-c48c27dda9dd,101520834
1232aacb-00e1-4c24-b8c3-ef61b58f8f25,355777e3-c2b9-4a14-9b4b-c48c27dda9dd,101520842
1232aacb-00e1-4c24-b8c3-ef61b58f8f25,355777e3-c2b9-4a14-9b4b-c48c27dda9dd,101520850
1232aacb-00e1-4c24-b8c3-ef61b58f8f25,355777e3-c2b9-4a14-9b4b-c48c27dda9dd,101520884
1232aacb-00e1-4c24-b8c3-ef61b58f8f25,355777e3-c2b9-4a14-9b4b-c48c27dda9dd,101520892
1232aacb-00e1-4c24-b8c3-ef61b58f8f25,355777e3-c2b9-4a14-9b4b-c48c27dda9dd,101520907
1232aacb-00e1-4c24-b8c3-ef61b58f8f25,355777e3-c2b9-4a14-9b4b-c48c27dda9dd,101520915
1232aacb-00e1-4c24-b8c3-ef61b58f8f25,355777e3-c2b9-4a14-9b4b-c48c27dda9dd,101520949
1232aacb-00e1-4c24-b8c3-ef61b58f8f25,355777e3-c2b9-4a14-9b4b-c48c27dda9dd,101520957
1232aacb-00e1-4c24-b8c3-ef61b58f8f25,355777e3-c2b9-4a14-9b4b-c48c27dda9dd,101520965
1232aacb-00e1-4c24-b8c3-ef61b58f8f25,355777e3-c2b9-4a14-9b4b-c48c27dda9dd,101521000
1232aacb-00e1-4c24-b8c3-ef61b58f8f25,355777e3-c2b9-4a14-9b4b-c48c27dda9dd,101521018
1232aacb-00e1-4c24-b8c3-ef61b58f8f25,355777e3-c2b9-4a14-9b4b-c48c27dda9dd,101521026
1232aacb-00e1-4c24-b8c3-ef61b58f8f25,355777e3-c2b9-4a14-9b4b-c48c27dda9dd,101521068
1232aacb-00e1-4c24-b8c3-ef61b58f8f25,355777e3-c2b9-4a14-9b4b-c48c27dda9dd,101521076
1232aacb-00e1-4c24-b8c3-ef61b58f8f25,355777e3-c2b9-4a14-9b4b-c48c27dda9dd,101521084
1232aacb-00e1-4c24-b8c3-ef61b58f8f25,355777e3-c2b9-4a14-9b4b-c48c27dda9dd,101521123
1232aacb-00e1-4c24-b8c3-ef61b58f8f25,355777e3-c2b9-4a14-9b4b-c48c27dda9dd,101521131
1232aacb-00e1-4c24-b8c3-ef61b58f8f25,355777e3-c2b9-4a14-9b4b-c48c27dda9dd,101521149
1232aacb-00e1-4c24-b8c3-ef61b58f8f25,355777e3-c2b9-4a14-9b4b-c48c27dda9dd,101521181
1232aacb-00e1-4c24-b8c3-ef61b58f8f25,355777e3-c2b9-4a14-9b4b-c48c27dda9dd,101521199
1232aacb-00e1-4c24-b8c3-ef61b58f8f25,355777e3-c2b9-4a14-9b4b-c48c27dda9dd,101521204
1232aacb-00e1-4c24-b8c3-ef61b58f8f25,355777e3-c2b9-4a14-9b4b-c48c27dda9dd,101663844
1232aacb-00e1-4c24-b8c3-ef61b58f8f25,355777e3-c2b9-4a14-9b4b-c48c27dda9dd,101663852
1232aacb-00e1-4c24-b8c3-ef61b58f8f25,355777e3-c2b9-4a14-9b4b-c48c27dda9dd,101663909
1232aacb-00e1-4c24-b8c3-ef61b58f8f25,355777e3-c2b9-4a14-9b4b-c48c27dda9dd,101663967
1232aacb-00e1-4c24-b8c3-ef61b58f8f25,355777e3-c2b9-4a14-9b4b-c48c27dda9dd,101663975
1232aacb-00e1-4c24-b8c3-ef61b58f8f25,355777e3-c2b9-4a14-9b4b-c48c27dda9dd,101664010
1232aacb-00e1-4c24-b8c3-ef61b58f8f25,355777e3-c2b9-4a14-9b4b-c48c27dda9dd,101664028
1232aacb-00e1-4c24-b8c3-ef61b58f8f25,355777e3-c2b9-4a14-9b4b-c48c27dda9dd,101664078
1232aacb-00e1-4c24-b8c3-ef61b58f8f25,355777e3-c2b9-4a14-9b4b-c48c27dda9dd,101664086
1232aacb-00e1-4c24-b8c3-ef61b58f8f25,355777e3-c2b9-4a14-9b4b-c48c27dda9dd,101664094
1232aacb-00e1-4c24-b8c3-ef61b58f8f25,355777e3-c2b9-4a14-9b4b-c48c27dda9dd,101664133
1232aacb-00e1-4c24-b8c3-ef61b58f8f25,355777e3-c2b9-4a14-9b4b-c48c27dda9dd,101664141
1232aacb-00e1-4c24-b8c3-ef61b58f8f25,355777e3-c2b9-4a14-9b4b-c48c27dda9dd,101664159
1232aacb-00e1-4c24-b8c3-ef61b58f8f25,355777e3-c2b9-4a14-9b4b-c48c27dda9dd,101664191
1232aacb-00e1-4c24-b8c3-ef61b58f8f25,355777e3-c2b9-4a14-9b4b-c48c27dda9dd,101664206
1232aacb-00e1-4c24-b8c3-ef61b58f8f25,355777e3-c2b9-4a14-9b4b-c48c27dda9dd,101664214
1232aacb-00e1-4c24-b8c3-ef61b58f8f25,355777e3-c2b9-4a14-9b4b-c48c27dda9dd,101664256
1232aacb-00e1-4c24-b8c3-ef61b58f8f25,355777e3-c2b9-4a14-9b4b-c48c27dda9dd,101664264
1232aacb-00e1-4c24-b8c3-ef61b58f8f25,355777e3-c2b9-4a14-9b4b-c48c27dda9dd,101664272
1232aacb-00e1-4c24-b8c3-ef61b58f8f25,355777e3-c2b9-4a14-9b4b-c48c27dda9dd,103905852
1232aacb-00e1-4c24-b8c3-ef61b58f8f25,355777e3-c2b9-4a14-9b4b-c48c27dda9dd,107219156
1232aacb-00e1-4c24-b8c3-ef61b58f8f25,355777e3-c2b9-4a14-9b4b-c48c27dda9dd,107665810
1232aacb-00e1-4c24-b8c3-ef61b58f8f25,355777e3-c2b9-4a14-9b4b-c48c27dda9dd,109071300
1232aacb-00e1-4c24-b8c3-ef61b58f8f25,355777e3-c2b9-4a14-9b4b-c48c27dda9dd,110969215
1232aacb-00e1-4c24-b8c3-ef61b58f8f25,355777e3-c2b9-4a14-9b4b-c48c27dda9dd,111863925
1232aacb-00e1-4c24-b8c3-ef61b58f8f25,355777e3-c2b9-4a14-9b4b-c48c27dda9dd,12288565
1232aacb-00e1-4c24-b8c3-ef61b58f8f25,355777e3-c2b9-4a14-9b4b-c48c27dda9dd,12668956
1232aacb-00e1-4c24-b8c3-ef61b58f8f25,355777e3-c2b9-4a14-9b4b-c48c27dda9dd,12668963
1232aacb-00e1-4c24-b8c3-ef61b58f8f25,355777e3-c2b9-4a14-9b4b-c48c27dda9dd,18093813
1232aacb-00e1-4c24-b8c3-ef61b58f8f25,355777e3-c2b9-4a14-9b4b-c48c27dda9dd,20441694
1232aacb-00e1-4c24-b8c3-ef61b58f8f25,355777e3-c2b9-4a14-9b4b-c48c27dda9dd,21483058
1232aacb-00e1-4c24-b8c3-ef61b58f8f25,355777e3-c2b9-4a14-9b4b-c48c27dda9dd,23648331
1232aacb-00e1-4c24-b8c3-ef61b58f8f25,355777e3-c2b9-4a14-9b4b-c48c27dda9dd,24694826
1232aacb-00e1-4c24-b8c3-ef61b58f8f25,355777e3-c2b9-4a14-9b4b-c48c27dda9dd,26483849
1232aacb-00e1-4c24-b8c3-ef61b58f8f25,355777e3-c2b9-4a14-9b4b-c48c27dda9dd,28095085
1232aacb-00e1-4c24-b8c3-ef61b58f8f25,355777e3-c2b9-4a14-9b4b-c48c27dda9dd,28106354
1232aacb-00e1-4c24-b8c3-ef61b58f8f25,355777e3-c2b9-4a14-9b4b-c48c27dda9dd,29785820
1232aacb-00e1-4c24-b8c3-ef61b58f8f25,355777e3-c2b9-4a14-9b4b-c48c27dda9dd,31499111
1232aacb-00e1-4c24-b8c3-ef61b58f8f25,355777e3-c2b9-4a14-9b4b-c48c27dda9dd,32633362
1232aacb-00e1-4c24-b8c3-ef61b58f8f25,355777e3-c2b9-4a14-9b4b-c48c27dda9dd,35188313
1232aacb-00e1-4c24-b8c3-ef61b58f8f25,355777e3-c2b9-4a14-9b4b-c48c27dda9dd,35841933
1232aacb-00e1-4c24-b8c3-ef61b58f8f25,355777e3-c2b9-4a14-9b4b-c48c27dda9dd,37002487
1232aacb-00e1-4c24-b8c3-ef61b58f8f25,355777e3-c2b9-4a14-9b4b-c48c27dda9dd,39639962
1232aacb-00e1-4c24-b8c3-ef61b58f8f25,355777e3-c2b9-4a14-9b4b-c48c27dda9dd,42317486
1232aacb-00e1-4c24-b8c3-ef61b58f8f25,355777e3-c2b9-4a14-9b4b-c48c27dda9dd,42432660
1232aacb-00e1-4c24-b8c3-ef61b58f8f25,355777e3-c2b9-4a14-9b4b-c48c27dda9dd,42904067
1232aacb-00e1-4c24-b8c3-ef61b58f8f25,355777e3-c2b9-4a14-9b4b-c48c27dda9dd,42905480
1232aacb-00e1-4c24-b8c3-ef61b58f8f25,355777e3-c2b9-4a14-9b4b-c48c27dda9dd,44198183
1232aacb-00e1-4c24-b8c3-ef61b58f8f25,355777e3-c2b9-4a14-9b4b-c48c27dda9dd,44543084
1232aacb-00e1-4c24-b8c3-ef61b58f8f25,355777e3-c2b9-4a14-9b4b-c48c27dda9dd,44956883
1232aacb-00e1-4c24-b8c3-ef61b58f8f25,355777e3-c2b9-4a14-9b4b-c48c27dda9dd,47706458
1232aacb-00e1-4c24-b8c3-ef61b58f8f25,355777e3-c2b9-4a14-9b4b-c48c27dda9dd,48753866
1232aacb-00e1-4c24-b8c3-ef61b58f8f25,355777e3-c2b9-4a14-9b4b-c48c27dda9dd,50331234
1232aacb-00e1-4c24-b8c3-ef61b58f8f25,355777e3-c2b9-4a14-9b4b-c48c27dda9dd,56156788
1232aacb-00e1-4c24-b8c3-ef61b58f8f25,355777e3-c2b9-4a14-9b4b-c48c27dda9dd,56764855
1232aacb-00e1-4c24-b8c3-ef61b58f8f25,355777e3-c2b9-4a14-9b4b-c48c27dda9dd,59683060
1232aacb-00e1-4c24-b8c3-ef61b58f8f25,355777e3-c2b9-4a14-9b4b-c48c27dda9dd,59730506
1232aacb-00e1-4c24-b8c3-ef61b58f8f25,355777e3-c2b9-4a14-9b4b-c48c27dda9dd,63515140
1232aacb-00e1-4c24-b8c3-ef61b58f8f25,355777e3-c2b9-4a14-9b4b-c48c27dda9dd,66262471
1232aacb-00e1-4c24-b8c3-ef61b58f8f25,355777e3-c2b9-4a14-9b4b-c48c27dda9dd,66288537
1232aacb-00e1-4c24-b8c3-ef61b58f8f25,355777e3-c2b9-4a14-9b4b-c48c27dda9dd,68767393
1232aacb-00e1-4c24-b8c3-ef61b58f8f25,355777e3-c2b9-4a14-9b4b-c48c27dda9dd,68767451
1232aacb-00e1-4c24-b8c3-ef61b58f8f25,355777e3-c2b9-4a14-9b4b-c48c27dda9dd,70695253
1232aacb-00e1-4c24-b8c3-ef61b58f8f25,355777e3-c2b9-4a14-9b4b-c48c27dda9dd,70739036
1232aacb-00e1-4c24-b8c3-ef61b58f8f25,355777e3-c2b9-4a14-9b4b-c48c27dda9dd,76205877
1232aacb-00e1-4c24-b8c3-ef61b58f8f25,355777e3-c2b9-4a14-9b4b-c48c27dda9dd,80400202
9e53fc4d-58ce-4744-8819-330e5844e1e8,35578177-8343-4d12-99da-ffeaaed956f6,107812792
9e53fc4d-58ce-4744-8819-330e5844e1e8,35578177-8343-4d12-99da-ffeaaed956f6,107812807
9e53fc4d-58ce-4744-8819-330e5844e1e8,35578177-8343-4d12-99da-ffeaaed956f6,107818811
9e53fc4d-58ce-4744-8819-330e5844e1e8,35578177-8343-4d12-99da-ffeaaed956f6,107829189
9e53fc4d-58ce-4744-8819-330e5844e1e8,35578177-8343-4d12-99da-ffeaaed956f6,109448036
9e53fc4d-58ce-4744-8819-330e5844e1e8,35578177-8343-4d12-99da-ffeaaed956f6,109448167
9e53fc4d-58ce-4744-8819-330e5844e1e8,35578177-8343-4d12-99da-ffeaaed956f6,109501800
9e53fc4d-58ce-4744-8819-330e5844e1e8,35578177-8343-4d12-99da-ffeaaed956f6,62616728
9e53fc4d-58ce-4744-8819-330e5844e1e8,35578177-8343-4d12-99da-ffeaaed956f6,76393136
9e53fc4d-58ce-4744-8819-330e5844e1e8,35578177-8343-4d12-99da-ffeaaed956f6,76449095
9e53fc4d-58ce-4744-8819-330e5844e1e8,35578177-8343-4d12-99da-ffeaaed956f6,76450683
9e53fc4d-58ce-4744-8819-330e5844e1e8,35578177-8343-4d12-99da-ffeaaed956f6,76458936
9e53fc4d-58ce-4744-8819-330e5844e1e8,35578177-8343-4d12-99da-ffeaaed956f6,77229404
9e53fc4d-58ce-4744-8819-330e5844e1e8,35578177-8343-4d12-99da-ffeaaed956f6,81929106
9e53fc4d-58ce-4744-8819-330e5844e1e8,35578177-8343-4d12-99da-ffeaaed956f6,81933775
e857e013-aafc-457f-9d11-cecf6f481353,35588c3b-79ab-4249-bb80-6ce72380de9d,17788262
e857e013-aafc-457f-9d11-cecf6f481353,35588c3b-79ab-4249-bb80-6ce72380de9d,32708666
e857e013-aafc-457f-9d11-cecf6f481353,35588c3b-79ab-4249-bb80-6ce72380de9d,33152204
e857e013-aafc-457f-9d11-cecf6f481353,35588c3b-79ab-4249-bb80-6ce72380de9d,33425100
e857e013-aafc-457f-9d11-cecf6f481353,35588c3b-79ab-4249-bb80-6ce72380de9d,34275031
e857e013-aafc-457f-9d11-cecf6f481353,35588c3b-79ab-4249-bb80-6ce72380de9d,34586813
e857e013-aafc-457f-9d11-cecf6f481353,35588c3b-79ab-4249-bb80-6ce72380de9d,38568286
e857e013-aafc-457f-9d11-cecf6f481353,35588c3b-79ab-4249-bb80-6ce72380de9d,38782153
e857e013-aafc-457f-9d11-cecf6f481353,35588c3b-79ab-4249-bb80-6ce72380de9d,38782235
e857e013-aafc-457f-9d11-cecf6f481353,35588c3b-79ab-4249-bb80-6ce72380de9d,40141471
e857e013-aafc-457f-9d11-cecf6f481353,35588c3b-79ab-4249-bb80-6ce72380de9d,40963935
e857e013-aafc-457f-9d11-cecf6f481353,35588c3b-79ab-4249-bb80-6ce72380de9d,40970085
e857e013-aafc-457f-9d11-cecf6f481353,35588c3b-79ab-4249-bb80-6ce72380de9d,40974756
e857e013-aafc-457f-9d11-cecf6f481353,35588c3b-79ab-4249-bb80-6ce72380de9d,43991440
e857e013-aafc-457f-9d11-cecf6f481353,35588c3b-79ab-4249-bb80-6ce72380de9d,45874119
e857e013-aafc-457f-9d11-cecf6f481353,35588c3b-79ab-4249-bb80-6ce72380de9d,45874188
e857e013-aafc-457f-9d11-cecf6f481353,35588c3b-79ab-4249-bb80-6ce72380de9d,47158481
e857e013-aafc-457f-9d11-cecf6f481353,35588c3b-79ab-4249-bb80-6ce72380de9d,49265901
e857e013-aafc-457f-9d11-cecf6f481353,35588c3b-79ab-4249-bb80-6ce72380de9d,49266259
e857e013-aafc-457f-9d11-cecf6f481353,35588c3b-79ab-4249-bb80-6ce72380de9d,49266317
e857e013-aafc-457f-9d11-cecf6f481353,35588c3b-79ab-4249-bb80-6ce72380de9d,49641392
e857e013-aafc-457f-9d11-cecf6f481353,35588c3b-79ab-4249-bb80-6ce72380de9d,49641450
e857e013-aafc-457f-9d11-cecf6f481353,35588c3b-79ab-4249-bb80-6ce72380de9d,49641518
e857e013-aafc-457f-9d11-cecf6f481353,35588c3b-79ab-4249-bb80-6ce72380de9d,49641703
e857e013-aafc-457f-9d11-cecf6f481353,35588c3b-79ab-4249-bb80-6ce72380de9d,51840963
e857e013-aafc-457f-9d11-cecf6f481353,35588c3b-79ab-4249-bb80-6ce72380de9d,53285953
e857e013-aafc-457f-9d11-cecf6f481353,35588c3b-79ab-4249-bb80-6ce72380de9d,53479486
e857e013-aafc-457f-9d11-cecf6f481353,35588c3b-79ab-4249-bb80-6ce72380de9d,54384706
e857e013-aafc-457f-9d11-cecf6f481353,35588c3b-79ab-4249-bb80-6ce72380de9d,54814087
e857e013-aafc-457f-9d11-cecf6f481353,35588c3b-79ab-4249-bb80-6ce72380de9d,54814378
e857e013-aafc-457f-9d11-cecf6f481353,35588c3b-79ab-4249-bb80-6ce72380de9d,58626021
e857e013-aafc-457f-9d11-cecf6f481353,35588c3b-79ab-4249-bb80-6ce72380de9d,58683068
e857e013-aafc-457f-9d11-cecf6f481353,35588c3b-79ab-4249-bb80-6ce72380de9d,61687130
e857e013-aafc-457f-9d11-cecf6f481353,35588c3b-79ab-4249-bb80-6ce72380de9d,68716141
e857e013-aafc-457f-9d11-cecf6f481353,35588c3b-79ab-4249-bb80-6ce72380de9d,77472405
e857e013-aafc-457f-9d11-cecf6f481353,35588c3b-79ab-4249-bb80-6ce72380de9d,77472467
e857e013-aafc-457f-9d11-cecf6f481353,35588c3b-79ab-4249-bb80-6ce72380de9d,82038871
38e46638-acfc-43a8-81a4-2b908be6c52d,355a3d8d-f33e-48a6-9832-3b681bcefc62,17013888
38e46638-acfc-43a8-81a4-2b908be6c52d,355a3d8d-f33e-48a6-9832-3b681bcefc62,19074963
38e46638-acfc-43a8-81a4-2b908be6c52d,355a3d8d-f33e-48a6-9832-3b681bcefc62,20606980
38e46638-acfc-43a8-81a4-2b908be6c52d,355a3d8d-f33e-48a6-9832-3b681bcefc62,21726729
38e46638-acfc-43a8-81a4-2b908be6c52d,355a3d8d-f33e-48a6-9832-3b681bcefc62,23037050
38e46638-acfc-43a8-81a4-2b908be6c52d,355a3d8d-f33e-48a6-9832-3b681bcefc62,23037081
38e46638-acfc-43a8-81a4-2b908be6c52d,355a3d8d-f33e-48a6-9832-3b681bcefc62,23037098
38e46638-acfc-43a8-81a4-2b908be6c52d,355a3d8d-f33e-48a6-9832-3b681bcefc62,23037156
38e46638-acfc-43a8-81a4-2b908be6c52d,355a3d8d-f33e-48a6-9832-3b681bcefc62,23037163
38e46638-acfc-43a8-81a4-2b908be6c52d,355a3d8d-f33e-48a6-9832-3b681bcefc62,23037245
38e46638-acfc-43a8-81a4-2b908be6c52d,355a3d8d-f33e-48a6-9832-3b681bcefc62,23039930
38e46638-acfc-43a8-81a4-2b908be6c52d,355a3d8d-f33e-48a6-9832-3b681bcefc62,23201218
38e46638-acfc-43a8-81a4-2b908be6c52d,355a3d8d-f33e-48a6-9832-3b681bcefc62,23201225
38e46638-acfc-43a8-81a4-2b908be6c52d,355a3d8d-f33e-48a6-9832-3b681bcefc62,23201232
38e46638-acfc-43a8-81a4-2b908be6c52d,355a3d8d-f33e-48a6-9832-3b681bcefc62,23201249
38e46638-acfc-43a8-81a4-2b908be6c52d,355a3d8d-f33e-48a6-9832-3b681bcefc62,23201294
38e46638-acfc-43a8-81a4-2b908be6c52d,355a3d8d-f33e-48a6-9832-3b681bcefc62,23201307
38e46638-acfc-43a8-81a4-2b908be6c52d,355a3d8d-f33e-48a6-9832-3b681bcefc62,23201314
38e46638-acfc-43a8-81a4-2b908be6c52d,355a3d8d-f33e-48a6-9832-3b681bcefc62,23201369
38e46638-acfc-43a8-81a4-2b908be6c52d,355a3d8d-f33e-48a6-9832-3b681bcefc62,23201376
38e46638-acfc-43a8-81a4-2b908be6c52d,355a3d8d-f33e-48a6-9832-3b681bcefc62,23201383
38e46638-acfc-43a8-81a4-2b908be6c52d,355a3d8d-f33e-48a6-9832-3b681bcefc62,23201390
38e46638-acfc-43a8-81a4-2b908be6c52d,355a3d8d-f33e-48a6-9832-3b681bcefc62,23210957
38e46638-acfc-43a8-81a4-2b908be6c52d,355a3d8d-f33e-48a6-9832-3b681bcefc62,23267041
38e46638-acfc-43a8-81a4-2b908be6c52d,355a3d8d-f33e-48a6-9832-3b681bcefc62,23448304
38e46638-acfc-43a8-81a4-2b908be6c52d,355a3d8d-f33e-48a6-9832-3b681bcefc62,23448455
38e46638-acfc-43a8-81a4-2b908be6c52d,355a3d8d-f33e-48a6-9832-3b681bcefc62,24110829
38e46638-acfc-43a8-81a4-2b908be6c52d,355a3d8d-f33e-48a6-9832-3b681bcefc62,24147504
38e46638-acfc-43a8-81a4-2b908be6c52d,355a3d8d-f33e-48a6-9832-3b681bcefc62,24548392
38e46638-acfc-43a8-81a4-2b908be6c52d,355a3d8d-f33e-48a6-9832-3b681bcefc62,24706556
38e46638-acfc-43a8-81a4-2b908be6c52d,355a3d8d-f33e-48a6-9832-3b681bcefc62,25265014
38e46638-acfc-43a8-81a4-2b908be6c52d,355a3d8d-f33e-48a6-9832-3b681bcefc62,25405934
38e46638-acfc-43a8-81a4-2b908be6c52d,355a3d8d-f33e-48a6-9832-3b681bcefc62,25449207
38e46638-acfc-43a8-81a4-2b908be6c52d,355a3d8d-f33e-48a6-9832-3b681bcefc62,25896920
38e46638-acfc-43a8-81a4-2b908be6c52d,355a3d8d-f33e-48a6-9832-3b681bcefc62,25977122
38e46638-acfc-43a8-81a4-2b908be6c52d,355a3d8d-f33e-48a6-9832-3b681bcefc62,26031556
38e46638-acfc-43a8-81a4-2b908be6c52d,355a3d8d-f33e-48a6-9832-3b681bcefc62,26031638
38e46638-acfc-43a8-81a4-2b908be6c52d,355a3d8d-f33e-48a6-9832-3b681bcefc62,26138807
38e46638-acfc-43a8-81a4-2b908be6c52d,355a3d8d-f33e-48a6-9832-3b681bcefc62,26236653
38e46638-acfc-43a8-81a4-2b908be6c52d,355a3d8d-f33e-48a6-9832-3b681bcefc62,26247361
38e46638-acfc-43a8-81a4-2b908be6c52d,355a3d8d-f33e-48a6-9832-3b681bcefc62,27012853
38e46638-acfc-43a8-81a4-2b908be6c52d,355a3d8d-f33e-48a6-9832-3b681bcefc62,27416437
38e46638-acfc-43a8-81a4-2b908be6c52d,355a3d8d-f33e-48a6-9832-3b681bcefc62,29284591
38e46638-acfc-43a8-81a4-2b908be6c52d,355a3d8d-f33e-48a6-9832-3b681bcefc62,29523128
38e46638-acfc-43a8-81a4-2b908be6c52d,355a3d8d-f33e-48a6-9832-3b681bcefc62,29591582
38e46638-acfc-43a8-81a4-2b908be6c52d,355a3d8d-f33e-48a6-9832-3b681bcefc62,31071457
38e46638-acfc-43a8-81a4-2b908be6c52d,355a3d8d-f33e-48a6-9832-3b681bcefc62,32157783
38e46638-acfc-43a8-81a4-2b908be6c52d,355a3d8d-f33e-48a6-9832-3b681bcefc62,32491586
38e46638-acfc-43a8-81a4-2b908be6c52d,355a3d8d-f33e-48a6-9832-3b681bcefc62,32503141
38e46638-acfc-43a8-81a4-2b908be6c52d,355a3d8d-f33e-48a6-9832-3b681bcefc62,32526884
38e46638-acfc-43a8-81a4-2b908be6c52d,355a3d8d-f33e-48a6-9832-3b681bcefc62,32925401
38e46638-acfc-43a8-81a4-2b908be6c52d,355a3d8d-f33e-48a6-9832-3b681bcefc62,32926122
38e46638-acfc-43a8-81a4-2b908be6c52d,355a3d8d-f33e-48a6-9832-3b681bcefc62,33373474
38e46638-acfc-43a8-81a4-2b908be6c52d,355a3d8d-f33e-48a6-9832-3b681bcefc62,33559554
38e46638-acfc-43a8-81a4-2b908be6c52d,355a3d8d-f33e-48a6-9832-3b681bcefc62,34155838
38e46638-acfc-43a8-81a4-2b908be6c52d,355a3d8d-f33e-48a6-9832-3b681bcefc62,34323907
38e46638-acfc-43a8-81a4-2b908be6c52d,355a3d8d-f33e-48a6-9832-3b681bcefc62,34473575
38e46638-acfc-43a8-81a4-2b908be6c52d,355a3d8d-f33e-48a6-9832-3b681bcefc62,35955358
38e46638-acfc-43a8-81a4-2b908be6c52d,355a3d8d-f33e-48a6-9832-3b681bcefc62,37974937
38e46638-acfc-43a8-81a4-2b908be6c52d,355a3d8d-f33e-48a6-9832-3b681bcefc62,38097175
38e46638-acfc-43a8-81a4-2b908be6c52d,355a3d8d-f33e-48a6-9832-3b681bcefc62,38252687
38e46638-acfc-43a8-81a4-2b908be6c52d,355a3d8d-f33e-48a6-9832-3b681bcefc62,38479597
38e46638-acfc-43a8-81a4-2b908be6c52d,355a3d8d-f33e-48a6-9832-3b681bcefc62,38479946
38e46638-acfc-43a8-81a4-2b908be6c52d,355a3d8d-f33e-48a6-9832-3b681bcefc62,38607639
38e46638-acfc-43a8-81a4-2b908be6c52d,355a3d8d-f33e-48a6-9832-3b681bcefc62,40252860
38e46638-acfc-43a8-81a4-2b908be6c52d,355a3d8d-f33e-48a6-9832-3b681bcefc62,40555080
38e46638-acfc-43a8-81a4-2b908be6c52d,355a3d8d-f33e-48a6-9832-3b681bcefc62,40736329
38e46638-acfc-43a8-81a4-2b908be6c52d,355a3d8d-f33e-48a6-9832-3b681bcefc62,40736401
38e46638-acfc-43a8-81a4-2b908be6c52d,355a3d8d-f33e-48a6-9832-3b681bcefc62,40736576
38e46638-acfc-43a8-81a4-2b908be6c52d,355a3d8d-f33e-48a6-9832-3b681bcefc62,40858368
38e46638-acfc-43a8-81a4-2b908be6c52d,355a3d8d-f33e-48a6-9832-3b681bcefc62,40883214
38e46638-acfc-43a8-81a4-2b908be6c52d,355a3d8d-f33e-48a6-9832-3b681bcefc62,41554018
38e46638-acfc-43a8-81a4-2b908be6c52d,355a3d8d-f33e-48a6-9832-3b681bcefc62,43383900
38e46638-acfc-43a8-81a4-2b908be6c52d,355a3d8d-f33e-48a6-9832-3b681bcefc62,43383917
38e46638-acfc-43a8-81a4-2b908be6c52d,355a3d8d-f33e-48a6-9832-3b681bcefc62,43383924
38e46638-acfc-43a8-81a4-2b908be6c52d,355a3d8d-f33e-48a6-9832-3b681bcefc62,43383993
38e46638-acfc-43a8-81a4-2b908be6c52d,355a3d8d-f33e-48a6-9832-3b681bcefc62,43384001
38e46638-acfc-43a8-81a4-2b908be6c52d,355a3d8d-f33e-48a6-9832-3b681bcefc62,44027916
38e46638-acfc-43a8-81a4-2b908be6c52d,355a3d8d-f33e-48a6-9832-3b681bcefc62,44027992
38e46638-acfc-43a8-81a4-2b908be6c52d,355a3d8d-f33e-48a6-9832-3b681bcefc62,44028079
c985786f-0387-4cda-8b8d-c285a12d931f,355aca71-005d-4a76-a235-d875535b3df4,26316672
c985786f-0387-4cda-8b8d-c285a12d931f,355aca71-005d-4a76-a235-d875535b3df4,29225794
c985786f-0387-4cda-8b8d-c285a12d931f,355aca71-005d-4a76-a235-d875535b3df4,29225807
c985786f-0387-4cda-8b8d-c285a12d931f,355aca71-005d-4a76-a235-d875535b3df4,29225876
c985786f-0387-4cda-8b8d-c285a12d931f,355aca71-005d-4a76-a235-d875535b3df4,29225890
c985786f-0387-4cda-8b8d-c285a12d931f,355aca71-005d-4a76-a235-d875535b3df4,29225958
c985786f-0387-4cda-8b8d-c285a12d931f,355aca71-005d-4a76-a235-d875535b3df4,29225965
c985786f-0387-4cda-8b8d-c285a12d931f,355aca71-005d-4a76-a235-d875535b3df4,29226097
c985786f-0387-4cda-8b8d-c285a12d931f,355aca71-005d-4a76-a235-d875535b3df4,29226179
c985786f-0387-4cda-8b8d-c285a12d931f,355aca71-005d-4a76-a235-d875535b3df4,29234166
c985786f-0387-4cda-8b8d-c285a12d931f,355aca71-005d-4a76-a235-d875535b3df4,29234248
c985786f-0387-4cda-8b8d-c285a12d931f,355aca71-005d-4a76-a235-d875535b3df4,29235185
c985786f-0387-4cda-8b8d-c285a12d931f,355aca71-005d-4a76-a235-d875535b3df4,32241597
c985786f-0387-4cda-8b8d-c285a12d931f,355aca71-005d-4a76-a235-d875535b3df4,32241662
c985786f-0387-4cda-8b8d-c285a12d931f,355aca71-005d-4a76-a235-d875535b3df4,32241679
c985786f-0387-4cda-8b8d-c285a12d931f,355aca71-005d-4a76-a235-d875535b3df4,32241686
c985786f-0387-4cda-8b8d-c285a12d931f,355aca71-005d-4a76-a235-d875535b3df4,32241744
c985786f-0387-4cda-8b8d-c285a12d931f,355aca71-005d-4a76-a235-d875535b3df4,32241751
c985786f-0387-4cda-8b8d-c285a12d931f,355aca71-005d-4a76-a235-d875535b3df4,32241768
c985786f-0387-4cda-8b8d-c285a12d931f,355aca71-005d-4a76-a235-d875535b3df4,34028167
c985786f-0387-4cda-8b8d-c285a12d931f,355aca71-005d-4a76-a235-d875535b3df4,34028249
c985786f-0387-4cda-8b8d-c285a12d931f,355aca71-005d-4a76-a235-d875535b3df4,46752610
c985786f-0387-4cda-8b8d-c285a12d931f,355aca71-005d-4a76-a235-d875535b3df4,51493093
c985786f-0387-4cda-8b8d-c285a12d931f,355aca71-005d-4a76-a235-d875535b3df4,53131385
c985786f-0387-4cda-8b8d-c285a12d931f,355aca71-005d-4a76-a235-d875535b3df4,54433184
c985786f-0387-4cda-8b8d-c285a12d931f,355aca71-005d-4a76-a235-d875535b3df4,62550670
c985786f-0387-4cda-8b8d-c285a12d931f,355aca71-005d-4a76-a235-d875535b3df4,81510249
9c597158-2bb5-45e4-afc5-b64b19602bd4,355ad01c-cd31-4f07-ab2f-1b18ccb2cb5d,092927769
9c597158-2bb5-45e4-afc5-b64b19602bd4,355ad01c-cd31-4f07-ab2f-1b18ccb2cb5d,092927824
9c597158-2bb5-45e4-afc5-b64b19602bd4,355ad01c-cd31-4f07-ab2f-1b18ccb2cb5d,107899778
9c597158-2bb5-45e4-afc5-b64b19602bd4,355ad01c-cd31-4f07-ab2f-1b18ccb2cb5d,107899833
9c597158-2bb5-45e4-afc5-b64b19602bd4,355ad01c-cd31-4f07-ab2f-1b18ccb2cb5d,107899891
9c597158-2bb5-45e4-afc5-b64b19602bd4,355ad01c-cd31-4f07-ab2f-1b18ccb2cb5d,107899956
9c597158-2bb5-45e4-afc5-b64b19602bd4,355ad01c-cd31-4f07-ab2f-1b18ccb2cb5d,69305508
9c597158-2bb5-45e4-afc5-b64b19602bd4,355ad01c-cd31-4f07-ab2f-1b18ccb2cb5d,69305515
9c597158-2bb5-45e4-afc5-b64b19602bd4,355ad01c-cd31-4f07-ab2f-1b18ccb2cb5d,69305522
9c597158-2bb5-45e4-afc5-b64b19602bd4,355ad01c-cd31-4f07-ab2f-1b18ccb2cb5d,69305539
9c597158-2bb5-45e4-afc5-b64b19602bd4,355ad01c-cd31-4f07-ab2f-1b18ccb2cb5d,81536209
9c597158-2bb5-45e4-afc5-b64b19602bd4,355ad01c-cd31-4f07-ab2f-1b18ccb2cb5d,81536261
9c597158-2bb5-45e4-afc5-b64b19602bd4,355ad01c-cd31-4f07-ab2f-1b18ccb2cb5d,82261007
9c597158-2bb5-45e4-afc5-b64b19602bd4,355ad01c-cd31-4f07-ab2f-1b18ccb2cb5d,82261069
9c597158-2bb5-45e4-afc5-b64b19602bd4,355ad01c-cd31-4f07-ab2f-1b18ccb2cb5d,82296991
9c597158-2bb5-45e4-afc5-b64b19602bd4,355ad01c-cd31-4f07-ab2f-1b18ccb2cb5d,82297054
9c597158-2bb5-45e4-afc5-b64b19602bd4,355ad01c-cd31-4f07-ab2f-1b18ccb2cb5d,82318485
9c597158-2bb5-45e4-afc5-b64b19602bd4,355ad01c-cd31-4f07-ab2f-1b18ccb2cb5d,82318543
3182525b-cb90-42ea-9253-bf5217014212,355c0a3e-32b3-401c-a6fc-dd251107df24,107835415
3182525b-cb90-42ea-9253-bf5217014212,355c0a3e-32b3-401c-a6fc-dd251107df24,107835473
3182525b-cb90-42ea-9253-bf5217014212,355c0a3e-32b3-401c-a6fc-dd251107df24,109453887
3182525b-cb90-42ea-9253-bf5217014212,355c0a3e-32b3-401c-a6fc-dd251107df24,109453895
3182525b-cb90-42ea-9253-bf5217014212,355c0a3e-32b3-401c-a6fc-dd251107df24,109454003
3182525b-cb90-42ea-9253-bf5217014212,355c0a3e-32b3-401c-a6fc-dd251107df24,109498162
3182525b-cb90-42ea-9253-bf5217014212,355c0a3e-32b3-401c-a6fc-dd251107df24,109498170
3182525b-cb90-42ea-9253-bf5217014212,355c0a3e-32b3-401c-a6fc-dd251107df24,41162003
3182525b-cb90-42ea-9253-bf5217014212,355c0a3e-32b3-401c-a6fc-dd251107df24,45468466
3182525b-cb90-42ea-9253-bf5217014212,355c0a3e-32b3-401c-a6fc-dd251107df24,46099090
3182525b-cb90-42ea-9253-bf5217014212,355c0a3e-32b3-401c-a6fc-dd251107df24,47246086
3182525b-cb90-42ea-9253-bf5217014212,355c0a3e-32b3-401c-a6fc-dd251107df24,47246233
3182525b-cb90-42ea-9253-bf5217014212,355c0a3e-32b3-401c-a6fc-dd251107df24,47263990
3182525b-cb90-42ea-9253-bf5217014212,355c0a3e-32b3-401c-a6fc-dd251107df24,51794706
3182525b-cb90-42ea-9253-bf5217014212,355c0a3e-32b3-401c-a6fc-dd251107df24,51794713
3182525b-cb90-42ea-9253-bf5217014212,355c0a3e-32b3-401c-a6fc-dd251107df24,51794720
3182525b-cb90-42ea-9253-bf5217014212,355c0a3e-32b3-401c-a6fc-dd251107df24,51797972
3182525b-cb90-42ea-9253-bf5217014212,355c0a3e-32b3-401c-a6fc-dd251107df24,55487840
3182525b-cb90-42ea-9253-bf5217014212,355c0a3e-32b3-401c-a6fc-dd251107df24,55487857
3182525b-cb90-42ea-9253-bf5217014212,355c0a3e-32b3-401c-a6fc-dd251107df24,55487864
3182525b-cb90-42ea-9253-bf5217014212,355c0a3e-32b3-401c-a6fc-dd251107df24,55487871
3182525b-cb90-42ea-9253-bf5217014212,355c0a3e-32b3-401c-a6fc-dd251107df24,55487888
3182525b-cb90-42ea-9253-bf5217014212,355c0a3e-32b3-401c-a6fc-dd251107df24,55487895
3182525b-cb90-42ea-9253-bf5217014212,355c0a3e-32b3-401c-a6fc-dd251107df24,55487908
3182525b-cb90-42ea-9253-bf5217014212,355c0a3e-32b3-401c-a6fc-dd251107df24,55487915
3182525b-cb90-42ea-9253-bf5217014212,355c0a3e-32b3-401c-a6fc-dd251107df24,55487922
3182525b-cb90-42ea-9253-bf5217014212,355c0a3e-32b3-401c-a6fc-dd251107df24,55487939
3182525b-cb90-42ea-9253-bf5217014212,355c0a3e-32b3-401c-a6fc-dd251107df24,55488201
3182525b-cb90-42ea-9253-bf5217014212,355c0a3e-32b3-401c-a6fc-dd251107df24,55488218
3182525b-cb90-42ea-9253-bf5217014212,355c0a3e-32b3-401c-a6fc-dd251107df24,55488225
3182525b-cb90-42ea-9253-bf5217014212,355c0a3e-32b3-401c-a6fc-dd251107df24,55488232
3182525b-cb90-42ea-9253-bf5217014212,355c0a3e-32b3-401c-a6fc-dd251107df24,55488249
3182525b-cb90-42ea-9253-bf5217014212,355c0a3e-32b3-401c-a6fc-dd251107df24,55488256
3182525b-cb90-42ea-9253-bf5217014212,355c0a3e-32b3-401c-a6fc-dd251107df24,55488263
3182525b-cb90-42ea-9253-bf5217014212,355c0a3e-32b3-401c-a6fc-dd251107df24,55488270
3182525b-cb90-42ea-9253-bf5217014212,355c0a3e-32b3-401c-a6fc-dd251107df24,55488287
3182525b-cb90-42ea-9253-bf5217014212,355c0a3e-32b3-401c-a6fc-dd251107df24,55488294
3182525b-cb90-42ea-9253-bf5217014212,355c0a3e-32b3-401c-a6fc-dd251107df24,55488307
3182525b-cb90-42ea-9253-bf5217014212,355c0a3e-32b3-401c-a6fc-dd251107df24,55488314
3182525b-cb90-42ea-9253-bf5217014212,355c0a3e-32b3-401c-a6fc-dd251107df24,55488321
3182525b-cb90-42ea-9253-bf5217014212,355c0a3e-32b3-401c-a6fc-dd251107df24,55488338
3182525b-cb90-42ea-9253-bf5217014212,355c0a3e-32b3-401c-a6fc-dd251107df24,55488345
3182525b-cb90-42ea-9253-bf5217014212,355c0a3e-32b3-401c-a6fc-dd251107df24,55488352
3182525b-cb90-42ea-9253-bf5217014212,355c0a3e-32b3-401c-a6fc-dd251107df24,55488369
3182525b-cb90-42ea-9253-bf5217014212,355c0a3e-32b3-401c-a6fc-dd251107df24,55488376
3182525b-cb90-42ea-9253-bf5217014212,355c0a3e-32b3-401c-a6fc-dd251107df24,55488383
3182525b-cb90-42ea-9253-bf5217014212,355c0a3e-32b3-401c-a6fc-dd251107df24,58890087
3182525b-cb90-42ea-9253-bf5217014212,355c0a3e-32b3-401c-a6fc-dd251107df24,58890145
3182525b-cb90-42ea-9253-bf5217014212,355c0a3e-32b3-401c-a6fc-dd251107df24,58941965
3182525b-cb90-42ea-9253-bf5217014212,355c0a3e-32b3-401c-a6fc-dd251107df24,61489569
3182525b-cb90-42ea-9253-bf5217014212,355c0a3e-32b3-401c-a6fc-dd251107df24,62572527
3182525b-cb90-42ea-9253-bf5217014212,355c0a3e-32b3-401c-a6fc-dd251107df24,62640186
3182525b-cb90-42ea-9253-bf5217014212,355c0a3e-32b3-401c-a6fc-dd251107df24,76416245
3182525b-cb90-42ea-9253-bf5217014212,355c0a3e-32b3-401c-a6fc-dd251107df24,77187998
3182525b-cb90-42ea-9253-bf5217014212,355c0a3e-32b3-401c-a6fc-dd251107df24,81899618
3182525b-cb90-42ea-9253-bf5217014212,355c0a3e-32b3-401c-a6fc-dd251107df24,81945591
e495a290-232f-4272-99ec-7a537ba28cee,355cd783-2b5f-44b3-bc58-574980e411ac,092822838
e495a290-232f-4272-99ec-7a537ba28cee,355cd783-2b5f-44b3-bc58-574980e411ac,092822888
e495a290-232f-4272-99ec-7a537ba28cee,355cd783-2b5f-44b3-bc58-574980e411ac,093082198
e495a290-232f-4272-99ec-7a537ba28cee,355cd783-2b5f-44b3-bc58-574980e411ac,093155234
e495a290-232f-4272-99ec-7a537ba28cee,355cd783-2b5f-44b3-bc58-574980e411ac,093173575
e495a290-232f-4272-99ec-7a537ba28cee,355cd783-2b5f-44b3-bc58-574980e411ac,107722939
e495a290-232f-4272-99ec-7a537ba28cee,355cd783-2b5f-44b3-bc58-574980e411ac,107776857
e495a290-232f-4272-99ec-7a537ba28cee,355cd783-2b5f-44b3-bc58-574980e411ac,108188073
e495a290-232f-4272-99ec-7a537ba28cee,355cd783-2b5f-44b3-bc58-574980e411ac,109381200
e495a290-232f-4272-99ec-7a537ba28cee,355cd783-2b5f-44b3-bc58-574980e411ac,109552348
e495a290-232f-4272-99ec-7a537ba28cee,355cd783-2b5f-44b3-bc58-574980e411ac,109724018
e495a290-232f-4272-99ec-7a537ba28cee,355cd783-2b5f-44b3-bc58-574980e411ac,109753732
e495a290-232f-4272-99ec-7a537ba28cee,355cd783-2b5f-44b3-bc58-574980e411ac,109805725
e495a290-232f-4272-99ec-7a537ba28cee,355cd783-2b5f-44b3-bc58-574980e411ac,112583227
e495a290-232f-4272-99ec-7a537ba28cee,355cd783-2b5f-44b3-bc58-574980e411ac,112583510
e495a290-232f-4272-99ec-7a537ba28cee,355cd783-2b5f-44b3-bc58-574980e411ac,114841281
e495a290-232f-4272-99ec-7a537ba28cee,355cd783-2b5f-44b3-bc58-574980e411ac,114941007
e495a290-232f-4272-99ec-7a537ba28cee,355cd783-2b5f-44b3-bc58-574980e411ac,114941073
e495a290-232f-4272-99ec-7a537ba28cee,355cd783-2b5f-44b3-bc58-574980e411ac,115100963
e495a290-232f-4272-99ec-7a537ba28cee,355cd783-2b5f-44b3-bc58-574980e411ac,53471020
e495a290-232f-4272-99ec-7a537ba28cee,355cd783-2b5f-44b3-bc58-574980e411ac,53471082
e495a290-232f-4272-99ec-7a537ba28cee,355cd783-2b5f-44b3-bc58-574980e411ac,53484978
e495a290-232f-4272-99ec-7a537ba28cee,355cd783-2b5f-44b3-bc58-574980e411ac,53484985
e495a290-232f-4272-99ec-7a537ba28cee,355cd783-2b5f-44b3-bc58-574980e411ac,53484992
e495a290-232f-4272-99ec-7a537ba28cee,355cd783-2b5f-44b3-bc58-574980e411ac,53485031
e495a290-232f-4272-99ec-7a537ba28cee,355cd783-2b5f-44b3-bc58-574980e411ac,54808641
e495a290-232f-4272-99ec-7a537ba28cee,355cd783-2b5f-44b3-bc58-574980e411ac,54808709
e495a290-232f-4272-99ec-7a537ba28cee,355cd783-2b5f-44b3-bc58-574980e411ac,54808761
e495a290-232f-4272-99ec-7a537ba28cee,355cd783-2b5f-44b3-bc58-574980e411ac,54808829
e495a290-232f-4272-99ec-7a537ba28cee,355cd783-2b5f-44b3-bc58-574980e411ac,54808874
e495a290-232f-4272-99ec-7a537ba28cee,355cd783-2b5f-44b3-bc58-574980e411ac,54808881
e495a290-232f-4272-99ec-7a537ba28cee,355cd783-2b5f-44b3-bc58-574980e411ac,54808932
e495a290-232f-4272-99ec-7a537ba28cee,355cd783-2b5f-44b3-bc58-574980e411ac,54808949
e495a290-232f-4272-99ec-7a537ba28cee,355cd783-2b5f-44b3-bc58-574980e411ac,54808994
e495a290-232f-4272-99ec-7a537ba28cee,355cd783-2b5f-44b3-bc58-574980e411ac,54809002
e495a290-232f-4272-99ec-7a537ba28cee,355cd783-2b5f-44b3-bc58-574980e411ac,54809057
e495a290-232f-4272-99ec-7a537ba28cee,355cd783-2b5f-44b3-bc58-574980e411ac,54809064
e495a290-232f-4272-99ec-7a537ba28cee,355cd783-2b5f-44b3-bc58-574980e411ac,58738895
e495a290-232f-4272-99ec-7a537ba28cee,355cd783-2b5f-44b3-bc58-574980e411ac,58738953
e495a290-232f-4272-99ec-7a537ba28cee,355cd783-2b5f-44b3-bc58-574980e411ac,58739016
e495a290-232f-4272-99ec-7a537ba28cee,355cd783-2b5f-44b3-bc58-574980e411ac,58739078
e495a290-232f-4272-99ec-7a537ba28cee,355cd783-2b5f-44b3-bc58-574980e411ac,58739136
e495a290-232f-4272-99ec-7a537ba28cee,355cd783-2b5f-44b3-bc58-574980e411ac,58739198
e495a290-232f-4272-99ec-7a537ba28cee,355cd783-2b5f-44b3-bc58-574980e411ac,58739256
e495a290-232f-4272-99ec-7a537ba28cee,355cd783-2b5f-44b3-bc58-574980e411ac,58739314
e495a290-232f-4272-99ec-7a537ba28cee,355cd783-2b5f-44b3-bc58-574980e411ac,58739376
e495a290-232f-4272-99ec-7a537ba28cee,355cd783-2b5f-44b3-bc58-574980e411ac,58739434
e495a290-232f-4272-99ec-7a537ba28cee,355cd783-2b5f-44b3-bc58-574980e411ac,58739496
e495a290-232f-4272-99ec-7a537ba28cee,355cd783-2b5f-44b3-bc58-574980e411ac,58739667
e495a290-232f-4272-99ec-7a537ba28cee,355cd783-2b5f-44b3-bc58-574980e411ac,61270444
e495a290-232f-4272-99ec-7a537ba28cee,355cd783-2b5f-44b3-bc58-574980e411ac,61270451
e495a290-232f-4272-99ec-7a537ba28cee,355cd783-2b5f-44b3-bc58-574980e411ac,61270468
e495a290-232f-4272-99ec-7a537ba28cee,355cd783-2b5f-44b3-bc58-574980e411ac,61270502
e495a290-232f-4272-99ec-7a537ba28cee,355cd783-2b5f-44b3-bc58-574980e411ac,61270519
e495a290-232f-4272-99ec-7a537ba28cee,355cd783-2b5f-44b3-bc58-574980e411ac,61270526
e495a290-232f-4272-99ec-7a537ba28cee,355cd783-2b5f-44b3-bc58-574980e411ac,61270564
e495a290-232f-4272-99ec-7a537ba28cee,355cd783-2b5f-44b3-bc58-574980e411ac,61270571
e495a290-232f-4272-99ec-7a537ba28cee,355cd783-2b5f-44b3-bc58-574980e411ac,61270622
e495a290-232f-4272-99ec-7a537ba28cee,355cd783-2b5f-44b3-bc58-574980e411ac,61270684
e495a290-232f-4272-99ec-7a537ba28cee,355cd783-2b5f-44b3-bc58-574980e411ac,61270742
e495a290-232f-4272-99ec-7a537ba28cee,355cd783-2b5f-44b3-bc58-574980e411ac,61274191
e495a290-232f-4272-99ec-7a537ba28cee,355cd783-2b5f-44b3-bc58-574980e411ac,61290233
e495a290-232f-4272-99ec-7a537ba28cee,355cd783-2b5f-44b3-bc58-574980e411ac,61290288
e495a290-232f-4272-99ec-7a537ba28cee,355cd783-2b5f-44b3-bc58-574980e411ac,61290346
e495a290-232f-4272-99ec-7a537ba28cee,355cd783-2b5f-44b3-bc58-574980e411ac,61290391
e495a290-232f-4272-99ec-7a537ba28cee,355cd783-2b5f-44b3-bc58-574980e411ac,61945842
e495a290-232f-4272-99ec-7a537ba28cee,355cd783-2b5f-44b3-bc58-574980e411ac,61987639
e495a290-232f-4272-99ec-7a537ba28cee,355cd783-2b5f-44b3-bc58-574980e411ac,61990152
e495a290-232f-4272-99ec-7a537ba28cee,355cd783-2b5f-44b3-bc58-574980e411ac,61990210
e495a290-232f-4272-99ec-7a537ba28cee,355cd783-2b5f-44b3-bc58-574980e411ac,61990272
e495a290-232f-4272-99ec-7a537ba28cee,355cd783-2b5f-44b3-bc58-574980e411ac,61996878
e495a290-232f-4272-99ec-7a537ba28cee,355cd783-2b5f-44b3-bc58-574980e411ac,62022091
e495a290-232f-4272-99ec-7a537ba28cee,355cd783-2b5f-44b3-bc58-574980e411ac,62025938
e495a290-232f-4272-99ec-7a537ba28cee,355cd783-2b5f-44b3-bc58-574980e411ac,62025990
e495a290-232f-4272-99ec-7a537ba28cee,355cd783-2b5f-44b3-bc58-574980e411ac,62950189
e495a290-232f-4272-99ec-7a537ba28cee,355cd783-2b5f-44b3-bc58-574980e411ac,62960621
e495a290-232f-4272-99ec-7a537ba28cee,355cd783-2b5f-44b3-bc58-574980e411ac,62992161
e495a290-232f-4272-99ec-7a537ba28cee,355cd783-2b5f-44b3-bc58-574980e411ac,68995877
e495a290-232f-4272-99ec-7a537ba28cee,355cd783-2b5f-44b3-bc58-574980e411ac,69026622
e495a290-232f-4272-99ec-7a537ba28cee,355cd783-2b5f-44b3-bc58-574980e411ac,69043409
e495a290-232f-4272-99ec-7a537ba28cee,355cd783-2b5f-44b3-bc58-574980e411ac,69053547
e495a290-232f-4272-99ec-7a537ba28cee,355cd783-2b5f-44b3-bc58-574980e411ac,69523862
e495a290-232f-4272-99ec-7a537ba28cee,355cd783-2b5f-44b3-bc58-574980e411ac,69523920
e495a290-232f-4272-99ec-7a537ba28cee,355cd783-2b5f-44b3-bc58-574980e411ac,76978686
e495a290-232f-4272-99ec-7a537ba28cee,355cd783-2b5f-44b3-bc58-574980e411ac,76978737
e495a290-232f-4272-99ec-7a537ba28cee,355cd783-2b5f-44b3-bc58-574980e411ac,76978744
e495a290-232f-4272-99ec-7a537ba28cee,355cd783-2b5f-44b3-bc58-574980e411ac,77030856
e495a290-232f-4272-99ec-7a537ba28cee,355cd783-2b5f-44b3-bc58-574980e411ac,77030945
e495a290-232f-4272-99ec-7a537ba28cee,355cd783-2b5f-44b3-bc58-574980e411ac,81432042
e495a290-232f-4272-99ec-7a537ba28cee,355cd783-2b5f-44b3-bc58-574980e411ac,81972156
e495a290-232f-4272-99ec-7a537ba28cee,355cd783-2b5f-44b3-bc58-574980e411ac,81972245
e495a290-232f-4272-99ec-7a537ba28cee,355cd783-2b5f-44b3-bc58-574980e411ac,82047894
e495a290-232f-4272-99ec-7a537ba28cee,355cd783-2b5f-44b3-bc58-574980e411ac,82047907
e495a290-232f-4272-99ec-7a537ba28cee,355cd783-2b5f-44b3-bc58-574980e411ac,82568594
e495a290-232f-4272-99ec-7a537ba28cee,355cd783-2b5f-44b3-bc58-574980e411ac,82573973
e495a290-232f-4272-99ec-7a537ba28cee,355cd783-2b5f-44b3-bc58-574980e411ac,82594976
e495a290-232f-4272-99ec-7a537ba28cee,355cd783-2b5f-44b3-bc58-574980e411ac,82609163
e495a290-232f-4272-99ec-7a537ba28cee,355cd783-2b5f-44b3-bc58-574980e411ac,82857481
7394a704-9acd-4539-8300-b121b3f48354,355d10f3-df39-4c1a-9008-838de2df1152,62354345
7394a704-9acd-4539-8300-b121b3f48354,355d10f3-df39-4c1a-9008-838de2df1152,62354403
7394a704-9acd-4539-8300-b121b3f48354,355d10f3-df39-4c1a-9008-838de2df1152,62717315
7394a704-9acd-4539-8300-b121b3f48354,355d10f3-df39-4c1a-9008-838de2df1152,62717524
7394a704-9acd-4539-8300-b121b3f48354,355d10f3-df39-4c1a-9008-838de2df1152,62732534
7394a704-9acd-4539-8300-b121b3f48354,355d10f3-df39-4c1a-9008-838de2df1152,62732596
7394a704-9acd-4539-8300-b121b3f48354,355d10f3-df39-4c1a-9008-838de2df1152,62750309
7394a704-9acd-4539-8300-b121b3f48354,355d10f3-df39-4c1a-9008-838de2df1152,62750361
7394a704-9acd-4539-8300-b121b3f48354,355d10f3-df39-4c1a-9008-838de2df1152,62799975
7394a704-9acd-4539-8300-b121b3f48354,355d10f3-df39-4c1a-9008-838de2df1152,62800042
7394a704-9acd-4539-8300-b121b3f48354,355d10f3-df39-4c1a-9008-838de2df1152,62808871
7394a704-9acd-4539-8300-b121b3f48354,355d10f3-df39-4c1a-9008-838de2df1152,62808946
7394a704-9acd-4539-8300-b121b3f48354,355d10f3-df39-4c1a-9008-838de2df1152,62833025
7394a704-9acd-4539-8300-b121b3f48354,355d10f3-df39-4c1a-9008-838de2df1152,62833094
4957f9c1-da81-4ef7-94bc-aaa896377a77,355de3af-cb6b-4752-95cc-4b9bf127f580,68112256
4957f9c1-da81-4ef7-94bc-aaa896377a77,355de3af-cb6b-4752-95cc-4b9bf127f580,68112263
4957f9c1-da81-4ef7-94bc-aaa896377a77,355de3af-cb6b-4752-95cc-4b9bf127f580,68112270
4957f9c1-da81-4ef7-94bc-aaa896377a77,355de3af-cb6b-4752-95cc-4b9bf127f580,68112287
4957f9c1-da81-4ef7-94bc-aaa896377a77,355de3af-cb6b-4752-95cc-4b9bf127f580,68112294
4957f9c1-da81-4ef7-94bc-aaa896377a77,355de3af-cb6b-4752-95cc-4b9bf127f580,68112307
4957f9c1-da81-4ef7-94bc-aaa896377a77,355de3af-cb6b-4752-95cc-4b9bf127f580,68112314
4957f9c1-da81-4ef7-94bc-aaa896377a77,355de3af-cb6b-4752-95cc-4b9bf127f580,68112321
4957f9c1-da81-4ef7-94bc-aaa896377a77,355de3af-cb6b-4752-95cc-4b9bf127f580,68112338
4957f9c1-da81-4ef7-94bc-aaa896377a77,355de3af-cb6b-4752-95cc-4b9bf127f580,68112345
4957f9c1-da81-4ef7-94bc-aaa896377a77,355de3af-cb6b-4752-95cc-4b9bf127f580,68112352
4957f9c1-da81-4ef7-94bc-aaa896377a77,355de3af-cb6b-4752-95cc-4b9bf127f580,68112369
4957f9c1-da81-4ef7-94bc-aaa896377a77,355de3af-cb6b-4752-95cc-4b9bf127f580,68112376
4957f9c1-da81-4ef7-94bc-aaa896377a77,355de3af-cb6b-4752-95cc-4b9bf127f580,68112383
cc83c46f-c213-4e11-ad09-bea5f7008a2e,355e046e-8dee-4b0c-abdb-9b8256660278,099083215
cc83c46f-c213-4e11-ad09-bea5f7008a2e,355e046e-8dee-4b0c-abdb-9b8256660278,099083273
cc83c46f-c213-4e11-ad09-bea5f7008a2e,355e046e-8dee-4b0c-abdb-9b8256660278,17333498
cc83c46f-c213-4e11-ad09-bea5f7008a2e,355e046e-8dee-4b0c-abdb-9b8256660278,20543553
cc83c46f-c213-4e11-ad09-bea5f7008a2e,355e046e-8dee-4b0c-abdb-9b8256660278,20649378
cc83c46f-c213-4e11-ad09-bea5f7008a2e,355e046e-8dee-4b0c-abdb-9b8256660278,21181484
cc83c46f-c213-4e11-ad09-bea5f7008a2e,355e046e-8dee-4b0c-abdb-9b8256660278,21181819
cc83c46f-c213-4e11-ad09-bea5f7008a2e,355e046e-8dee-4b0c-abdb-9b8256660278,21181826
cc83c46f-c213-4e11-ad09-bea5f7008a2e,355e046e-8dee-4b0c-abdb-9b8256660278,21181908
cc83c46f-c213-4e11-ad09-bea5f7008a2e,355e046e-8dee-4b0c-abdb-9b8256660278,21181960
cc83c46f-c213-4e11-ad09-bea5f7008a2e,355e046e-8dee-4b0c-abdb-9b8256660278,21181977
cc83c46f-c213-4e11-ad09-bea5f7008a2e,355e046e-8dee-4b0c-abdb-9b8256660278,26434457
cc83c46f-c213-4e11-ad09-bea5f7008a2e,355e046e-8dee-4b0c-abdb-9b8256660278,26454215
cc83c46f-c213-4e11-ad09-bea5f7008a2e,355e046e-8dee-4b0c-abdb-9b8256660278,28583620
cc83c46f-c213-4e11-ad09-bea5f7008a2e,355e046e-8dee-4b0c-abdb-9b8256660278,28583637
cc83c46f-c213-4e11-ad09-bea5f7008a2e,355e046e-8dee-4b0c-abdb-9b8256660278,29683783
cc83c46f-c213-4e11-ad09-bea5f7008a2e,355e046e-8dee-4b0c-abdb-9b8256660278,29695674
cc83c46f-c213-4e11-ad09-bea5f7008a2e,355e046e-8dee-4b0c-abdb-9b8256660278,31752866
cc83c46f-c213-4e11-ad09-bea5f7008a2e,355e046e-8dee-4b0c-abdb-9b8256660278,32140746
cc83c46f-c213-4e11-ad09-bea5f7008a2e,355e046e-8dee-4b0c-abdb-9b8256660278,34944566
cc83c46f-c213-4e11-ad09-bea5f7008a2e,355e046e-8dee-4b0c-abdb-9b8256660278,40570932
cc83c46f-c213-4e11-ad09-bea5f7008a2e,355e046e-8dee-4b0c-abdb-9b8256660278,45151355
cc83c46f-c213-4e11-ad09-bea5f7008a2e,355e046e-8dee-4b0c-abdb-9b8256660278,63735240
cc83c46f-c213-4e11-ad09-bea5f7008a2e,355e046e-8dee-4b0c-abdb-9b8256660278,63735411
cc83c46f-c213-4e11-ad09-bea5f7008a2e,355e046e-8dee-4b0c-abdb-9b8256660278,63735473
cc83c46f-c213-4e11-ad09-bea5f7008a2e,355e046e-8dee-4b0c-abdb-9b8256660278,79229131
cc83c46f-c213-4e11-ad09-bea5f7008a2e,355e046e-8dee-4b0c-abdb-9b8256660278,79229148
cc83c46f-c213-4e11-ad09-bea5f7008a2e,355e046e-8dee-4b0c-abdb-9b8256660278,79229155
cc83c46f-c213-4e11-ad09-bea5f7008a2e,355e046e-8dee-4b0c-abdb-9b8256660278,79229162
cc83c46f-c213-4e11-ad09-bea5f7008a2e,355e046e-8dee-4b0c-abdb-9b8256660278,79229193
cc83c46f-c213-4e11-ad09-bea5f7008a2e,355e046e-8dee-4b0c-abdb-9b8256660278,79229206
cc83c46f-c213-4e11-ad09-bea5f7008a2e,355e046e-8dee-4b0c-abdb-9b8256660278,79229213
cc83c46f-c213-4e11-ad09-bea5f7008a2e,355e046e-8dee-4b0c-abdb-9b8256660278,79229220
cc83c46f-c213-4e11-ad09-bea5f7008a2e,355e046e-8dee-4b0c-abdb-9b8256660278,79229251
cc83c46f-c213-4e11-ad09-bea5f7008a2e,355e046e-8dee-4b0c-abdb-9b8256660278,79229268
cc83c46f-c213-4e11-ad09-bea5f7008a2e,355e046e-8dee-4b0c-abdb-9b8256660278,79229275
cc83c46f-c213-4e11-ad09-bea5f7008a2e,355e046e-8dee-4b0c-abdb-9b8256660278,79229282
cc83c46f-c213-4e11-ad09-bea5f7008a2e,355e046e-8dee-4b0c-abdb-9b8256660278,79229319
cc83c46f-c213-4e11-ad09-bea5f7008a2e,355e046e-8dee-4b0c-abdb-9b8256660278,79229326
cc83c46f-c213-4e11-ad09-bea5f7008a2e,355e046e-8dee-4b0c-abdb-9b8256660278,79229333
cc83c46f-c213-4e11-ad09-bea5f7008a2e,355e046e-8dee-4b0c-abdb-9b8256660278,79229340
cc83c46f-c213-4e11-ad09-bea5f7008a2e,355e046e-8dee-4b0c-abdb-9b8256660278,79229371
cc83c46f-c213-4e11-ad09-bea5f7008a2e,355e046e-8dee-4b0c-abdb-9b8256660278,79229388
cc83c46f-c213-4e11-ad09-bea5f7008a2e,355e046e-8dee-4b0c-abdb-9b8256660278,79229395
cc83c46f-c213-4e11-ad09-bea5f7008a2e,355e046e-8dee-4b0c-abdb-9b8256660278,79229408
cc83c46f-c213-4e11-ad09-bea5f7008a2e,355e046e-8dee-4b0c-abdb-9b8256660278,79229439
cc83c46f-c213-4e11-ad09-bea5f7008a2e,355e046e-8dee-4b0c-abdb-9b8256660278,79229446
cc83c46f-c213-4e11-ad09-bea5f7008a2e,355e046e-8dee-4b0c-abdb-9b8256660278,79229453
cc83c46f-c213-4e11-ad09-bea5f7008a2e,355e046e-8dee-4b0c-abdb-9b8256660278,79229460
cc83c46f-c213-4e11-ad09-bea5f7008a2e,355e046e-8dee-4b0c-abdb-9b8256660278,79229491
cc83c46f-c213-4e11-ad09-bea5f7008a2e,355e046e-8dee-4b0c-abdb-9b8256660278,79229504
cc83c46f-c213-4e11-ad09-bea5f7008a2e,355e046e-8dee-4b0c-abdb-9b8256660278,79229511
cc83c46f-c213-4e11-ad09-bea5f7008a2e,355e046e-8dee-4b0c-abdb-9b8256660278,79229559
cc83c46f-c213-4e11-ad09-bea5f7008a2e,355e046e-8dee-4b0c-abdb-9b8256660278,79229566
cc83c46f-c213-4e11-ad09-bea5f7008a2e,355e046e-8dee-4b0c-abdb-9b8256660278,79229573
cc83c46f-c213-4e11-ad09-bea5f7008a2e,355e046e-8dee-4b0c-abdb-9b8256660278,79236856
cc83c46f-c213-4e11-ad09-bea5f7008a2e,355e046e-8dee-4b0c-abdb-9b8256660278,79236863
cc83c46f-c213-4e11-ad09-bea5f7008a2e,355e046e-8dee-4b0c-abdb-9b8256660278,79236914
cc83c46f-c213-4e11-ad09-bea5f7008a2e,355e046e-8dee-4b0c-abdb-9b8256660278,79236921
cc83c46f-c213-4e11-ad09-bea5f7008a2e,355e046e-8dee-4b0c-abdb-9b8256660278,79236976
cc83c46f-c213-4e11-ad09-bea5f7008a2e,355e046e-8dee-4b0c-abdb-9b8256660278,79236983
cc83c46f-c213-4e11-ad09-bea5f7008a2e,355e046e-8dee-4b0c-abdb-9b8256660278,79237039
cc83c46f-c213-4e11-ad09-bea5f7008a2e,355e046e-8dee-4b0c-abdb-9b8256660278,79237046
cc83c46f-c213-4e11-ad09-bea5f7008a2e,355e046e-8dee-4b0c-abdb-9b8256660278,79237091
cc83c46f-c213-4e11-ad09-bea5f7008a2e,355e046e-8dee-4b0c-abdb-9b8256660278,79237104
cc83c46f-c213-4e11-ad09-bea5f7008a2e,355e046e-8dee-4b0c-abdb-9b8256660278,79237166
cc83c46f-c213-4e11-ad09-bea5f7008a2e,355e046e-8dee-4b0c-abdb-9b8256660278,79237224
cc83c46f-c213-4e11-ad09-bea5f7008a2e,355e046e-8dee-4b0c-abdb-9b8256660278,79237286
cc83c46f-c213-4e11-ad09-bea5f7008a2e,355e046e-8dee-4b0c-abdb-9b8256660278,79237293
cc83c46f-c213-4e11-ad09-bea5f7008a2e,355e046e-8dee-4b0c-abdb-9b8256660278,79237351
cc83c46f-c213-4e11-ad09-bea5f7008a2e,355e046e-8dee-4b0c-abdb-9b8256660278,79237419
cc83c46f-c213-4e11-ad09-bea5f7008a2e,355e046e-8dee-4b0c-abdb-9b8256660278,79237471
cc83c46f-c213-4e11-ad09-bea5f7008a2e,355e046e-8dee-4b0c-abdb-9b8256660278,79237539
cc83c46f-c213-4e11-ad09-bea5f7008a2e,355e046e-8dee-4b0c-abdb-9b8256660278,79237591
b747d52f-53aa-4158-8e08-3bed26afea98,355e1ce2-faae-46b2-a9d4-b0292467a6ab,79021320
b747d52f-53aa-4158-8e08-3bed26afea98,355e1ce2-faae-46b2-a9d4-b0292467a6ab,79021337
b747d52f-53aa-4158-8e08-3bed26afea98,355e1ce2-faae-46b2-a9d4-b0292467a6ab,79021344
b747d52f-53aa-4158-8e08-3bed26afea98,355e1ce2-faae-46b2-a9d4-b0292467a6ab,79021351
b747d52f-53aa-4158-8e08-3bed26afea98,355e1ce2-faae-46b2-a9d4-b0292467a6ab,79021368
b747d52f-53aa-4158-8e08-3bed26afea98,355e1ce2-faae-46b2-a9d4-b0292467a6ab,79021375
b747d52f-53aa-4158-8e08-3bed26afea98,355e1ce2-faae-46b2-a9d4-b0292467a6ab,79021382
b747d52f-53aa-4158-8e08-3bed26afea98,355e1ce2-faae-46b2-a9d4-b0292467a6ab,79021399
b747d52f-53aa-4158-8e08-3bed26afea98,355e1ce2-faae-46b2-a9d4-b0292467a6ab,79021402
b747d52f-53aa-4158-8e08-3bed26afea98,355e1ce2-faae-46b2-a9d4-b0292467a6ab,79021419
b747d52f-53aa-4158-8e08-3bed26afea98,355e1ce2-faae-46b2-a9d4-b0292467a6ab,79021426
b747d52f-53aa-4158-8e08-3bed26afea98,355e1ce2-faae-46b2-a9d4-b0292467a6ab,79021433
b747d52f-53aa-4158-8e08-3bed26afea98,355e1ce2-faae-46b2-a9d4-b0292467a6ab,79021440
b747d52f-53aa-4158-8e08-3bed26afea98,355e1ce2-faae-46b2-a9d4-b0292467a6ab,79021457
b747d52f-53aa-4158-8e08-3bed26afea98,355e1ce2-faae-46b2-a9d4-b0292467a6ab,79021464
b747d52f-53aa-4158-8e08-3bed26afea98,355e1ce2-faae-46b2-a9d4-b0292467a6ab,79021471
a42cc3e8-ee2e-43a2-9f75-eaf66db63938,355fd151-cdf9-4906-8fa4-47f6313418e6,67876228
a42cc3e8-ee2e-43a2-9f75-eaf66db63938,355fd151-cdf9-4906-8fa4-47f6313418e6,67876653
a42cc3e8-ee2e-43a2-9f75-eaf66db63938,355fd151-cdf9-4906-8fa4-47f6313418e6,67876711
a42cc3e8-ee2e-43a2-9f75-eaf66db63938,355fd151-cdf9-4906-8fa4-47f6313418e6,67876773
a42cc3e8-ee2e-43a2-9f75-eaf66db63938,355fd151-cdf9-4906-8fa4-47f6313418e6,67876831
a42cc3e8-ee2e-43a2-9f75-eaf66db63938,355fd151-cdf9-4906-8fa4-47f6313418e6,67876893
a42cc3e8-ee2e-43a2-9f75-eaf66db63938,355fd151-cdf9-4906-8fa4-47f6313418e6,67876951
a42cc3e8-ee2e-43a2-9f75-eaf66db63938,355fd151-cdf9-4906-8fa4-47f6313418e6,67877014
a42cc3e8-ee2e-43a2-9f75-eaf66db63938,355fd151-cdf9-4906-8fa4-47f6313418e6,67877076
a42cc3e8-ee2e-43a2-9f75-eaf66db63938,355fd151-cdf9-4906-8fa4-47f6313418e6,67877083
2de8574f-a559-4aeb-9bc1-cfb496792d47,35606f02-e321-4fd7-9090-9da4ad5a0d38,099508419
2de8574f-a559-4aeb-9bc1-cfb496792d47,35606f02-e321-4fd7-9090-9da4ad5a0d38,099514630
2de8574f-a559-4aeb-9bc1-cfb496792d47,35606f02-e321-4fd7-9090-9da4ad5a0d38,106974436
2de8574f-a559-4aeb-9bc1-cfb496792d47,35606f02-e321-4fd7-9090-9da4ad5a0d38,107666272
2de8574f-a559-4aeb-9bc1-cfb496792d47,35606f02-e321-4fd7-9090-9da4ad5a0d38,108664980
2de8574f-a559-4aeb-9bc1-cfb496792d47,35606f02-e321-4fd7-9090-9da4ad5a0d38,110824114
2de8574f-a559-4aeb-9bc1-cfb496792d47,35606f02-e321-4fd7-9090-9da4ad5a0d38,112644609
2de8574f-a559-4aeb-9bc1-cfb496792d47,35606f02-e321-4fd7-9090-9da4ad5a0d38,113071930
2de8574f-a559-4aeb-9bc1-cfb496792d47,35606f02-e321-4fd7-9090-9da4ad5a0d38,113168062
2de8574f-a559-4aeb-9bc1-cfb496792d47,35606f02-e321-4fd7-9090-9da4ad5a0d38,114383673
2de8574f-a559-4aeb-9bc1-cfb496792d47,35606f02-e321-4fd7-9090-9da4ad5a0d38,115768096
2de8574f-a559-4aeb-9bc1-cfb496792d47,35606f02-e321-4fd7-9090-9da4ad5a0d38,41603636
2de8574f-a559-4aeb-9bc1-cfb496792d47,35606f02-e321-4fd7-9090-9da4ad5a0d38,43862128
2de8574f-a559-4aeb-9bc1-cfb496792d47,35606f02-e321-4fd7-9090-9da4ad5a0d38,46037510
2de8574f-a559-4aeb-9bc1-cfb496792d47,35606f02-e321-4fd7-9090-9da4ad5a0d38,47154892
2de8574f-a559-4aeb-9bc1-cfb496792d47,35606f02-e321-4fd7-9090-9da4ad5a0d38,51654125
2de8574f-a559-4aeb-9bc1-cfb496792d47,35606f02-e321-4fd7-9090-9da4ad5a0d38,53477619
2de8574f-a559-4aeb-9bc1-cfb496792d47,35606f02-e321-4fd7-9090-9da4ad5a0d38,54514913
2de8574f-a559-4aeb-9bc1-cfb496792d47,35606f02-e321-4fd7-9090-9da4ad5a0d38,58631695
2de8574f-a559-4aeb-9bc1-cfb496792d47,35606f02-e321-4fd7-9090-9da4ad5a0d38,61696831
2de8574f-a559-4aeb-9bc1-cfb496792d47,35606f02-e321-4fd7-9090-9da4ad5a0d38,61752763
2de8574f-a559-4aeb-9bc1-cfb496792d47,35606f02-e321-4fd7-9090-9da4ad5a0d38,68717362
2de8574f-a559-4aeb-9bc1-cfb496792d47,35606f02-e321-4fd7-9090-9da4ad5a0d38,68791648
2de8574f-a559-4aeb-9bc1-cfb496792d47,35606f02-e321-4fd7-9090-9da4ad5a0d38,76985438
2de8574f-a559-4aeb-9bc1-cfb496792d47,35606f02-e321-4fd7-9090-9da4ad5a0d38,80421914
2de8574f-a559-4aeb-9bc1-cfb496792d47,35606f02-e321-4fd7-9090-9da4ad5a0d38,81441510
d764955e-f9f9-46ed-9495-414718e7a7f2,35616ebe-2cd9-4834-8df5-0366e8c4c307,088685884
d764955e-f9f9-46ed-9495-414718e7a7f2,35616ebe-2cd9-4834-8df5-0366e8c4c307,092120121
d764955e-f9f9-46ed-9495-414718e7a7f2,35616ebe-2cd9-4834-8df5-0366e8c4c307,099570115
d764955e-f9f9-46ed-9495-414718e7a7f2,35616ebe-2cd9-4834-8df5-0366e8c4c307,100585572
d764955e-f9f9-46ed-9495-414718e7a7f2,35616ebe-2cd9-4834-8df5-0366e8c4c307,106776139
d764955e-f9f9-46ed-9495-414718e7a7f2,35616ebe-2cd9-4834-8df5-0366e8c4c307,109063682
d764955e-f9f9-46ed-9495-414718e7a7f2,35616ebe-2cd9-4834-8df5-0366e8c4c307,109418015
d764955e-f9f9-46ed-9495-414718e7a7f2,35616ebe-2cd9-4834-8df5-0366e8c4c307,111918461
d764955e-f9f9-46ed-9495-414718e7a7f2,35616ebe-2cd9-4834-8df5-0366e8c4c307,113326733
d764955e-f9f9-46ed-9495-414718e7a7f2,35616ebe-2cd9-4834-8df5-0366e8c4c307,114270757
d764955e-f9f9-46ed-9495-414718e7a7f2,35616ebe-2cd9-4834-8df5-0366e8c4c307,115766777
d764955e-f9f9-46ed-9495-414718e7a7f2,35616ebe-2cd9-4834-8df5-0366e8c4c307,18274241
d764955e-f9f9-46ed-9495-414718e7a7f2,35616ebe-2cd9-4834-8df5-0366e8c4c307,28807038
d764955e-f9f9-46ed-9495-414718e7a7f2,35616ebe-2cd9-4834-8df5-0366e8c4c307,36805864
d764955e-f9f9-46ed-9495-414718e7a7f2,35616ebe-2cd9-4834-8df5-0366e8c4c307,36805946
d764955e-f9f9-46ed-9495-414718e7a7f2,35616ebe-2cd9-4834-8df5-0366e8c4c307,36806016
d764955e-f9f9-46ed-9495-414718e7a7f2,35616ebe-2cd9-4834-8df5-0366e8c4c307,36819673
d764955e-f9f9-46ed-9495-414718e7a7f2,35616ebe-2cd9-4834-8df5-0366e8c4c307,36886114
d764955e-f9f9-46ed-9495-414718e7a7f2,35616ebe-2cd9-4834-8df5-0366e8c4c307,39208141
d764955e-f9f9-46ed-9495-414718e7a7f2,35616ebe-2cd9-4834-8df5-0366e8c4c307,39862383
d764955e-f9f9-46ed-9495-414718e7a7f2,35616ebe-2cd9-4834-8df5-0366e8c4c307,42482211
d764955e-f9f9-46ed-9495-414718e7a7f2,35616ebe-2cd9-4834-8df5-0366e8c4c307,44444911
d764955e-f9f9-46ed-9495-414718e7a7f2,35616ebe-2cd9-4834-8df5-0366e8c4c307,44446339
d764955e-f9f9-46ed-9495-414718e7a7f2,35616ebe-2cd9-4834-8df5-0366e8c4c307,44729335
d764955e-f9f9-46ed-9495-414718e7a7f2,35616ebe-2cd9-4834-8df5-0366e8c4c307,47994683
d764955e-f9f9-46ed-9495-414718e7a7f2,35616ebe-2cd9-4834-8df5-0366e8c4c307,48002062
d764955e-f9f9-46ed-9495-414718e7a7f2,35616ebe-2cd9-4834-8df5-0366e8c4c307,50214461
d764955e-f9f9-46ed-9495-414718e7a7f2,35616ebe-2cd9-4834-8df5-0366e8c4c307,55539292
d764955e-f9f9-46ed-9495-414718e7a7f2,35616ebe-2cd9-4834-8df5-0366e8c4c307,56190753
d764955e-f9f9-46ed-9495-414718e7a7f2,35616ebe-2cd9-4834-8df5-0366e8c4c307,57317343
d764955e-f9f9-46ed-9495-414718e7a7f2,35616ebe-2cd9-4834-8df5-0366e8c4c307,57847802
d764955e-f9f9-46ed-9495-414718e7a7f2,35616ebe-2cd9-4834-8df5-0366e8c4c307,60417141
d764955e-f9f9-46ed-9495-414718e7a7f2,35616ebe-2cd9-4834-8df5-0366e8c4c307,61031550
d764955e-f9f9-46ed-9495-414718e7a7f2,35616ebe-2cd9-4834-8df5-0366e8c4c307,61031632
d764955e-f9f9-46ed-9495-414718e7a7f2,35616ebe-2cd9-4834-8df5-0366e8c4c307,63292953
d764955e-f9f9-46ed-9495-414718e7a7f2,35616ebe-2cd9-4834-8df5-0366e8c4c307,64115506
d764955e-f9f9-46ed-9495-414718e7a7f2,35616ebe-2cd9-4834-8df5-0366e8c4c307,65673709
d764955e-f9f9-46ed-9495-414718e7a7f2,35616ebe-2cd9-4834-8df5-0366e8c4c307,69650773
d764955e-f9f9-46ed-9495-414718e7a7f2,35616ebe-2cd9-4834-8df5-0366e8c4c307,71035931
d764955e-f9f9-46ed-9495-414718e7a7f2,35616ebe-2cd9-4834-8df5-0366e8c4c307,71103278
d764955e-f9f9-46ed-9495-414718e7a7f2,35616ebe-2cd9-4834-8df5-0366e8c4c307,75186913
d764955e-f9f9-46ed-9495-414718e7a7f2,35616ebe-2cd9-4834-8df5-0366e8c4c307,75687160
d764955e-f9f9-46ed-9495-414718e7a7f2,35616ebe-2cd9-4834-8df5-0366e8c4c307,75889786
d764955e-f9f9-46ed-9495-414718e7a7f2,35616ebe-2cd9-4834-8df5-0366e8c4c307,77639099
d764955e-f9f9-46ed-9495-414718e7a7f2,35616ebe-2cd9-4834-8df5-0366e8c4c307,77639102
d764955e-f9f9-46ed-9495-414718e7a7f2,35616ebe-2cd9-4834-8df5-0366e8c4c307,77639119
d764955e-f9f9-46ed-9495-414718e7a7f2,35616ebe-2cd9-4834-8df5-0366e8c4c307,77639126
d764955e-f9f9-46ed-9495-414718e7a7f2,35616ebe-2cd9-4834-8df5-0366e8c4c307,77639133
d764955e-f9f9-46ed-9495-414718e7a7f2,35616ebe-2cd9-4834-8df5-0366e8c4c307,77639140
d764955e-f9f9-46ed-9495-414718e7a7f2,35616ebe-2cd9-4834-8df5-0366e8c4c307,77639157
d764955e-f9f9-46ed-9495-414718e7a7f2,35616ebe-2cd9-4834-8df5-0366e8c4c307,77639164
d764955e-f9f9-46ed-9495-414718e7a7f2,35616ebe-2cd9-4834-8df5-0366e8c4c307,77639171
d764955e-f9f9-46ed-9495-414718e7a7f2,35616ebe-2cd9-4834-8df5-0366e8c4c307,77639188
d764955e-f9f9-46ed-9495-414718e7a7f2,35616ebe-2cd9-4834-8df5-0366e8c4c307,77639195
d764955e-f9f9-46ed-9495-414718e7a7f2,35616ebe-2cd9-4834-8df5-0366e8c4c307,77639208
d764955e-f9f9-46ed-9495-414718e7a7f2,35616ebe-2cd9-4834-8df5-0366e8c4c307,77639215
d764955e-f9f9-46ed-9495-414718e7a7f2,35616ebe-2cd9-4834-8df5-0366e8c4c307,77639222
d764955e-f9f9-46ed-9495-414718e7a7f2,35616ebe-2cd9-4834-8df5-0366e8c4c307,79922877
d764955e-f9f9-46ed-9495-414718e7a7f2,35616ebe-2cd9-4834-8df5-0366e8c4c307,80417530
c1c5e748-824a-4a2e-9ef5-8a5636e2d87e,356260c1-8638-4dfc-92e4-d9af09fc10af,098192134
c1c5e748-824a-4a2e-9ef5-8a5636e2d87e,356260c1-8638-4dfc-92e4-d9af09fc10af,098192192
c1c5e748-824a-4a2e-9ef5-8a5636e2d87e,356260c1-8638-4dfc-92e4-d9af09fc10af,098192249
c1c5e748-824a-4a2e-9ef5-8a5636e2d87e,356260c1-8638-4dfc-92e4-d9af09fc10af,098192257
c1c5e748-824a-4a2e-9ef5-8a5636e2d87e,356260c1-8638-4dfc-92e4-d9af09fc10af,098192304
c1c5e748-824a-4a2e-9ef5-8a5636e2d87e,356260c1-8638-4dfc-92e4-d9af09fc10af,098192362
c1c5e748-824a-4a2e-9ef5-8a5636e2d87e,356260c1-8638-4dfc-92e4-d9af09fc10af,098192427
c1c5e748-824a-4a2e-9ef5-8a5636e2d87e,356260c1-8638-4dfc-92e4-d9af09fc10af,098192485
c1c5e748-824a-4a2e-9ef5-8a5636e2d87e,356260c1-8638-4dfc-92e4-d9af09fc10af,098192540
b64792ad-fd52-4bfd-8551-d21af0bc9b29,35647083-5056-49c3-856d-c0dbed27dfa0,089203790
b64792ad-fd52-4bfd-8551-d21af0bc9b29,35647083-5056-49c3-856d-c0dbed27dfa0,099351171
b64792ad-fd52-4bfd-8551-d21af0bc9b29,35647083-5056-49c3-856d-c0dbed27dfa0,099833212
b64792ad-fd52-4bfd-8551-d21af0bc9b29,35647083-5056-49c3-856d-c0dbed27dfa0,104603364
b64792ad-fd52-4bfd-8551-d21af0bc9b29,35647083-5056-49c3-856d-c0dbed27dfa0,108433559
b64792ad-fd52-4bfd-8551-d21af0bc9b29,35647083-5056-49c3-856d-c0dbed27dfa0,110639917
b64792ad-fd52-4bfd-8551-d21af0bc9b29,35647083-5056-49c3-856d-c0dbed27dfa0,110763740
b64792ad-fd52-4bfd-8551-d21af0bc9b29,35647083-5056-49c3-856d-c0dbed27dfa0,60930005
b64792ad-fd52-4bfd-8551-d21af0bc9b29,35647083-5056-49c3-856d-c0dbed27dfa0,64143313
b64792ad-fd52-4bfd-8551-d21af0bc9b29,35647083-5056-49c3-856d-c0dbed27dfa0,64229154
b64792ad-fd52-4bfd-8551-d21af0bc9b29,35647083-5056-49c3-856d-c0dbed27dfa0,70223962
b64792ad-fd52-4bfd-8551-d21af0bc9b29,35647083-5056-49c3-856d-c0dbed27dfa0,70893122
b64792ad-fd52-4bfd-8551-d21af0bc9b29,35647083-5056-49c3-856d-c0dbed27dfa0,75484405
b64792ad-fd52-4bfd-8551-d21af0bc9b29,35647083-5056-49c3-856d-c0dbed27dfa0,80997479
759ef0ac-d528-46fe-85fd-f89fcb90c4db,3566250e-9bf4-468d-83c3-859b9953e0e5,096141030
759ef0ac-d528-46fe-85fd-f89fcb90c4db,3566250e-9bf4-468d-83c3-859b9953e0e5,096141048
759ef0ac-d528-46fe-85fd-f89fcb90c4db,3566250e-9bf4-468d-83c3-859b9953e0e5,42038062
759ef0ac-d528-46fe-85fd-f89fcb90c4db,3566250e-9bf4-468d-83c3-859b9953e0e5,42677629
759ef0ac-d528-46fe-85fd-f89fcb90c4db,3566250e-9bf4-468d-83c3-859b9953e0e5,42690588
759ef0ac-d528-46fe-85fd-f89fcb90c4db,3566250e-9bf4-468d-83c3-859b9953e0e5,43621710
759ef0ac-d528-46fe-85fd-f89fcb90c4db,3566250e-9bf4-468d-83c3-859b9953e0e5,43621796
759ef0ac-d528-46fe-85fd-f89fcb90c4db,3566250e-9bf4-468d-83c3-859b9953e0e5,44482602
759ef0ac-d528-46fe-85fd-f89fcb90c4db,3566250e-9bf4-468d-83c3-859b9953e0e5,46111755
759ef0ac-d528-46fe-85fd-f89fcb90c4db,3566250e-9bf4-468d-83c3-859b9953e0e5,47420844
759ef0ac-d528-46fe-85fd-f89fcb90c4db,3566250e-9bf4-468d-83c3-859b9953e0e5,47449556
f09e9272-9e9b-41ba-ae73-1ed1595b76da,35667a82-fca4-48fb-a217-e51b2191553d,092125074
f09e9272-9e9b-41ba-ae73-1ed1595b76da,35667a82-fca4-48fb-a217-e51b2191553d,099575474
f09e9272-9e9b-41ba-ae73-1ed1595b76da,35667a82-fca4-48fb-a217-e51b2191553d,107219295
f09e9272-9e9b-41ba-ae73-1ed1595b76da,35667a82-fca4-48fb-a217-e51b2191553d,113085646
f09e9272-9e9b-41ba-ae73-1ed1595b76da,35667a82-fca4-48fb-a217-e51b2191553d,17732231
f09e9272-9e9b-41ba-ae73-1ed1595b76da,35667a82-fca4-48fb-a217-e51b2191553d,19751396
f09e9272-9e9b-41ba-ae73-1ed1595b76da,35667a82-fca4-48fb-a217-e51b2191553d,20003874
f09e9272-9e9b-41ba-ae73-1ed1595b76da,35667a82-fca4-48fb-a217-e51b2191553d,20629729
f09e9272-9e9b-41ba-ae73-1ed1595b76da,35667a82-fca4-48fb-a217-e51b2191553d,22442542
f09e9272-9e9b-41ba-ae73-1ed1595b76da,35667a82-fca4-48fb-a217-e51b2191553d,24106692
f09e9272-9e9b-41ba-ae73-1ed1595b76da,35667a82-fca4-48fb-a217-e51b2191553d,48761264
f09e9272-9e9b-41ba-ae73-1ed1595b76da,35667a82-fca4-48fb-a217-e51b2191553d,56761627
f09e9272-9e9b-41ba-ae73-1ed1595b76da,35667a82-fca4-48fb-a217-e51b2191553d,57183770
f09e9272-9e9b-41ba-ae73-1ed1595b76da,35667a82-fca4-48fb-a217-e51b2191553d,59722848
f09e9272-9e9b-41ba-ae73-1ed1595b76da,35667a82-fca4-48fb-a217-e51b2191553d,63517873
f09e9272-9e9b-41ba-ae73-1ed1595b76da,35667a82-fca4-48fb-a217-e51b2191553d,70732175
f09e9272-9e9b-41ba-ae73-1ed1595b76da,35667a82-fca4-48fb-a217-e51b2191553d,80392483
8d7806d1-3219-41d2-831e-1ea17a40abc0,35673b48-267e-412e-a7e4-850f64f7ea5a,25800397
8d7806d1-3219-41d2-831e-1ea17a40abc0,35673b48-267e-412e-a7e4-850f64f7ea5a,25800479
8d7806d1-3219-41d2-831e-1ea17a40abc0,35673b48-267e-412e-a7e4-850f64f7ea5a,25800486
8d7806d1-3219-41d2-831e-1ea17a40abc0,35673b48-267e-412e-a7e4-850f64f7ea5a,26698724
8d7806d1-3219-41d2-831e-1ea17a40abc0,35673b48-267e-412e-a7e4-850f64f7ea5a,26698731
8d7806d1-3219-41d2-831e-1ea17a40abc0,35673b48-267e-412e-a7e4-850f64f7ea5a,26698806
8d7806d1-3219-41d2-831e-1ea17a40abc0,35673b48-267e-412e-a7e4-850f64f7ea5a,26698813
8d7806d1-3219-41d2-831e-1ea17a40abc0,35673b48-267e-412e-a7e4-850f64f7ea5a,26698875
8d7806d1-3219-41d2-831e-1ea17a40abc0,35673b48-267e-412e-a7e4-850f64f7ea5a,26698882
8d7806d1-3219-41d2-831e-1ea17a40abc0,35673b48-267e-412e-a7e4-850f64f7ea5a,26699027
8d7806d1-3219-41d2-831e-1ea17a40abc0,35673b48-267e-412e-a7e4-850f64f7ea5a,26699109
8d7806d1-3219-41d2-831e-1ea17a40abc0,35673b48-267e-412e-a7e4-850f64f7ea5a,32901629
8d7806d1-3219-41d2-831e-1ea17a40abc0,35673b48-267e-412e-a7e4-850f64f7ea5a,35138964
8d7806d1-3219-41d2-831e-1ea17a40abc0,35673b48-267e-412e-a7e4-850f64f7ea5a,59862556
8d7806d1-3219-41d2-831e-1ea17a40abc0,35673b48-267e-412e-a7e4-850f64f7ea5a,59862563
8d7806d1-3219-41d2-831e-1ea17a40abc0,35673b48-267e-412e-a7e4-850f64f7ea5a,25800397
8d7806d1-3219-41d2-831e-1ea17a40abc0,35673b48-267e-412e-a7e4-850f64f7ea5a,25800479
8d7806d1-3219-41d2-831e-1ea17a40abc0,35673b48-267e-412e-a7e4-850f64f7ea5a,25800486
8d7806d1-3219-41d2-831e-1ea17a40abc0,35673b48-267e-412e-a7e4-850f64f7ea5a,26698724
8d7806d1-3219-41d2-831e-1ea17a40abc0,35673b48-267e-412e-a7e4-850f64f7ea5a,26698731
8d7806d1-3219-41d2-831e-1ea17a40abc0,35673b48-267e-412e-a7e4-850f64f7ea5a,26698806
8d7806d1-3219-41d2-831e-1ea17a40abc0,35673b48-267e-412e-a7e4-850f64f7ea5a,26698813
8d7806d1-3219-41d2-831e-1ea17a40abc0,35673b48-267e-412e-a7e4-850f64f7ea5a,26698875
8d7806d1-3219-41d2-831e-1ea17a40abc0,35673b48-267e-412e-a7e4-850f64f7ea5a,26698882
8d7806d1-3219-41d2-831e-1ea17a40abc0,35673b48-267e-412e-a7e4-850f64f7ea5a,26699027
8d7806d1-3219-41d2-831e-1ea17a40abc0,35673b48-267e-412e-a7e4-850f64f7ea5a,26699109
8d7806d1-3219-41d2-831e-1ea17a40abc0,35673b48-267e-412e-a7e4-850f64f7ea5a,32901629
8d7806d1-3219-41d2-831e-1ea17a40abc0,35673b48-267e-412e-a7e4-850f64f7ea5a,35138964
8d7806d1-3219-41d2-831e-1ea17a40abc0,35673b48-267e-412e-a7e4-850f64f7ea5a,59862556
8d7806d1-3219-41d2-831e-1ea17a40abc0,35673b48-267e-412e-a7e4-850f64f7ea5a,59862563