e96618a9-04ee-4fea-aa60-306a8f4dd89b,1123
d4a6ccee-5ce7-4f66-b879-27e72a327189,908897786564
a79b533d-8f29-4be1-9415-5f5cd936623b,0792837498
c2d0fc7d-85a9-4527-945d-6e5e29e74efc,777
383f98f4-d19d-4bc8-939a-3c33173d2d86,450982097845937
182e9871-53f9-49a9-9928-09be8a8050ad,13579
342e286c-6fc5-4b9f-ad80-649d1ac949c0,123456789
2b4610a4-842e-426b-a74a-1423b6055700,7777777777
687cbb4e-ae7c-4fdf-a02f-5d52fb6fcbd7,102710271027
44b6efbb-1291-4f03-b1d2-5f62a3cba783,00778822
3ac1c635-1558-4d57-b188-bd0d1c630d3d,3578932473
38582666-cc09-41c3-bf55-8c762bc34a3f,410000178010
8c25fb91-3673-47cf-b883-663628bdead1,00774455
910c64a1-0c49-41ab-a056-e4862f7f5f67,123456
316f9284-bab7-42c0-9cf6-1bd0e962af96,0000013119
64df1db3-9be7-4c41-86b3-eb7126489bf3,2338484
a66d0401-bc3c-48b6-8f3b-8bf2ae34eddb,0123454321
a581bebf-60f9-4903-b5b0-8ed3f62b4eaf,9016920
02dd5d43-f4c8-46f3-9778-fb059b2a08fc,9987656
47f0161b-cbf8-4f34-b796-47851d2dca73,4444
0176955f-7aa1-449f-a29b-306077438d7c,00772907
947a8ffb-4134-4840-a01e-3a3d1330d32f,430000691016
b7aa56b9-6a04-4db2-b5ee-fe3255780359,0000069987
c6b53d62-ad21-48a7-abdb-1a98f432fc5a,0000089997
edaf7e47-cb6c-4b91-9714-b23006ec5c9d,00000255
a76df33f-b89f-4a47-8efc-aef3442f402a,0000089998
cc60584a-7b4a-4219-84ff-0d09893b901c,00000256
14f70932-d614-4ae5-a858-9b1c233d9e3d,000001
4af47e1f-7eb0-4fad-8ad1-b9b971de25d4,000003
6b1f55c5-a42d-4fb6-bdc1-da2c59c552cd,000004
71552a05-7b33-4551-b62e-314ee29b3ca3,000005
42d20a15-daaf-4be9-a3aa-f428105d2687,000006
a5b095cb-ba29-4bfd-9870-5ce16cb5a0ae,00000152
82f26e73-df30-4de2-9d2a-e4fd6701cfea,000007
e32699d6-185b-46d5-91c4-64ef95677c73,000008
d9519d06-dcad-4702-91d6-26de70e6748c,000009
b6ebf3aa-5e06-44e1-9fc5-133a7bad5d0c,0000010
fc5819c6-51ac-49bf-92bc-5a1db196b496,00000146
4f165f31-8bed-4282-aaf9-ed559b34ac90,0000011
76c00a27-5535-45e7-8007-85f25a0174a8,0000012
faac4310-05fc-43cf-9116-027f5a7e104f,0000013
3426e9d5-33b8-461d-a27d-9bf8190a0c84,0000014
e00f2f2c-e3ac-44f6-bd23-60ec6fbc2c67,0000015
c9d5b6aa-2fc3-4e14-9095-18e4c8e07d74,00000147
e3c373f2-03fe-47f2-80d9-c0bc506670fd,00000148
00f9de63-4141-4c07-99f2-2400dece674a,00000149
7ef67f83-10a5-4e83-80f3-32f082a71360,00000150
ae4c1cf3-0738-4465-8112-e75089e5b5c6,00000151
05e21654-39c3-4e5f-89c7-78e8a8a3cf1f,0000029
72d5b7a7-cd13-4c8d-9501-8a18b63425c1,0000030
5fb96a3d-3e78-418d-9519-df848fa3f713,00000153
a31a805c-7dd6-4d97-9cb1-9ddf9115f8d5,00000154
c93d1557-8130-4869-85f1-fb12a2c659d4,00000155
899638e5-a343-4280-8926-399b481063da,0000031
c5ec86a2-a3e6-4bfc-9a92-516c18a40e2e,0000032
dbb9456f-4e9d-4a55-800f-bdb170b083fc,00000162
e458743d-6645-48dd-9cd0-3b66fa82314e,0000033
2ed3ea4f-5ef4-4910-b636-f09fb524c6ef,0000034
79e003f8-7546-427f-80c2-f714ebbf26c4,0000035
7f8cd429-6c39-40c7-8954-0c97246f1e6a,0000036
9857c1c6-cab3-44e2-9859-0b82a686e5b3,00000156
bda3e820-208a-4bb9-80d5-60b61f0cfafa,0000037
a796b502-690f-488d-9bd6-dcd7cacf620c,0000016
18f70673-da7d-4d68-8600-b34c8d5879bc,0000017
450d3bdb-ce18-4163-a46b-d99bb69d7916,0000018
c8fe38d0-cdf6-401e-963e-41564cad4860,0000038
b9862b34-3a04-4bc1-b015-d7bdc143d41d,0000039
a5f6ca8b-5ea6-489a-afa9-eb8b6e4b77b4,00000157
eaee70b2-8c00-4df3-b4cc-ad751053e77d,0000040
50e21af2-2c5a-4f2c-b779-787379a877df,0000041
bc0bb985-7e9a-4f1c-9204-fb4f589423b9,0000042
e4793069-7e69-45c8-9801-e28c8359a673,0000045
32073718-0237-4252-8a68-d490e01f6a77,0000046
d7cabcb2-7431-43ea-a2cc-0dfe5bee17c6,00000158
c2bfb944-3a7e-418a-b574-bc5583af6f8b,00000159
b591772d-2562-4ba3-84e7-0f8995ef2276,000002
75a14970-69a3-4fbe-b3ad-a5f7e96d6f25,00000160
60f5de8f-1d5b-4ae3-8028-51df0641260c,00000161
e3d7d3cb-9ea1-4617-b415-21efedc2b4bf,00000163
302d24df-1a6f-429e-916d-ebcb4ee56a30,00000164
194e74f0-fd64-4a9a-9b7f-31e97f5e1048,00000165
17c08970-13fd-4ff0-b6cb-0dc137c32485,00000166
a670482f-0302-47ec-a3ee-df5caec91c01,00000167
a2ebb1d6-4665-4cb5-87ad-c6cf685c489b,00000168
0051d41f-33df-45de-988d-7f1acdaacd6e,00000169
840bee31-289f-44a2-8e6e-c1b88b0e398a,00000170
bce0fd43-5275-4173-b9e4-b61769bcbb66,00000171
cde268ef-345e-4d2a-871a-713fe9924937,0000019
2850af8b-bf8d-470e-b231-1417f2fdf958,0000020
7bb41d2e-71d8-4b43-99cf-c21a1f26b535,0000021
b829b41a-de70-4c48-92d4-18da44c3aa34,00000172
5ecfd7db-38fb-4396-84e5-bbbabbabe0db,00000173
f593f4ca-4839-46e5-a5fb-5ae51f169125,0000022
7d5219b2-67d3-4644-bf86-4f7ef56740a7,0000023
bab3a900-58f9-48a5-a6c7-f81642312cc1,0000025
65886d75-1b2e-4587-9212-a751cd68c100,0000026
8e15a26a-48df-46a7-806b-f3b06898fb25,0000027
f292864a-42ec-4180-aa3a-2c91d1717a74,0000028
86ba1da3-b763-4d38-b8e7-056f2b10a54f,00000174
050852b5-dbf2-4441-9d77-5a8ac51db2b0,00000175
194867bc-7ea4-4246-8a6d-ea87837ab3fe,00000176
697f494d-9e8b-456a-9104-99867fb4f23f,00000177
520cf423-51d7-493a-ad99-5e99f8feb80c,00000178
6143dcf7-442c-4c7e-b80c-bd847c90b737,00000179
307f1692-7e9c-4387-aea3-b15533814561,00000180
3c08ad1c-edc3-4b38-96e0-66cfa0a3ba09,00000181
8deed280-d080-41e5-b98e-81f02802862a,00000182
01da574c-3d1c-4931-8156-4999ce79ae24,00000183
ff83e54e-645d-4449-bbaf-213219759f64,00000184
84333196-60b3-467b-88d6-579978e67449,00000185
074c5ad2-e7c0-455e-aef2-cefa284265c1,00000186
b38ae33f-af53-4bf7-92d0-a9172acf4f2c,00000187
edd1c51f-680f-473f-8e91-a0640522e41f,00000188
e3c214bc-9661-4740-88bd-39975f16f86c,00000189
606adab6-31b6-47cc-b582-936f7fa269f6,00000190
f82aa864-1c37-4fd8-b409-444b0d27be09,00000191
70c748ed-29ba-41c3-a55e-9743934436b9,00000192
67a2288c-b085-444e-8b49-cd6354fa2323,00000193
db0fd604-eb8d-4bf7-b9da-69739838d40e,00000194
2619d602-7f02-4780-a3b4-b2b5d16dae9a,00000195
6d2126c9-4965-4d69-b7fd-2560bdc78a8e,0000024
f0b7ef7b-31ec-4904-9cf3-6e0ff665eb4c,00000196
020a5e44-d057-4a4f-9c78-462a3a398cb9,00000197
abc8c7d2-9cd2-48fb-8047-a2bd29b62518,00000198
5607cbdb-aba9-4be9-8fda-3e2af4729b09,00000199
874be1a4-44b7-4aec-9565-0cb6c1baaee4,00000200
3e75baf5-0cd1-45bf-bd22-27ac2c2b3063,00000201
710942f3-f41a-4d1d-83b7-eea54a0a273a,00000202
d9d1f127-7d2e-4726-82c6-e0a9b925e753,00000203
8dc37590-c2e9-4578-b726-904067b6391b,00000204
9c188f97-8656-494f-893c-2e3df6498e5b,00000205
088616c8-6556-4c8c-a6b3-9898e88edd95,00000206
f40ec2f7-85e0-4ef2-acdd-9d9ce3dbc78b,00000207
3c681910-b3be-4e1f-a02a-ddd67a8103ac,00000208
93038d05-9de0-418d-bf5f-6ca7133b43b4,00000209
d9c05d47-6cd0-435a-8c4e-1934f67c4ce6,00000210
1b4d0a41-157c-45cf-aece-a8722e1c0a8e,00000211
6f8ceff6-a9e5-4853-a197-b18de83b64ab,00000212
f1abfc83-9332-448f-b23e-a9ced05d4dfe,00000213
8a2e0dca-31e6-4cbe-8b73-4fbb162ba607,00000214
8f488792-3d23-4035-916f-0c22ebaf9dca,00000215
aca2f936-e009-4102-9731-bd7271106075,00000216
d284a658-3094-4ea2-849a-5f5eef4714c5,00000217
7051a823-05b2-4b30-9fc4-b97c442b36a4,00000218
aa18f3bb-d8ad-4ae1-b549-013947de619a,00000219
9e3b7de1-1347-41a0-b9e4-045c7d0c151b,00000220
64c5c64e-49c5-407e-b2c9-f70d5e32ece2,00000221
ec82fc67-d1a1-428b-897a-d8dffbe146c2,00000222
4775732f-c56c-4a9d-8f43-84266a5cfacf,00000223
2115dce6-3131-4b5b-ad88-dc1955899d1d,00000224
94928dba-4b95-4b53-b2d9-3f39b3162a97,00000225
1d7f65ac-3dd7-4c2a-8bb3-3ea9713cbfe9,0000043
e45b43b3-f03d-49f6-9b2d-95adf9a66c15,0000044
1945bf19-1e89-41da-840f-80cf3183ae01,00000226
6125ec98-cb49-42df-8382-44534ff609f2,00000227
43ca3b5f-caa5-4bf9-b37f-909cb19f1897,00000228
ca58329d-90db-48d9-b849-fd1b6a25c79a,00000229
8a91115b-00c4-45c8-bce9-e448b0ca4271,00000230
93231951-d175-485e-a1d7-36106ff3207f,0000047
57256a6d-1bfe-4fa3-aa25-ba685974bf84,0000048
8d6e26af-4c7b-4047-a73a-fd45ebb5dd70,0000049
6813daed-fa35-477a-802e-fa58d3010d71,0000050
ea0ab865-5355-4c10-b310-aec04e52d8c5,0000051
86b3d5dd-55b6-4bac-af23-d909bf9bc955,0000052
cb4152ea-5220-480c-9b73-b473e042819a,00000231
0b9c21b0-51af-464a-bf03-935d1db7e6f2,0000053
7ef6b684-fd1f-42dc-a528-a60e1b4a8cac,0000054
b2d0d9ec-8f72-406e-83b8-748348986d77,0000055
e907e941-900a-4a20-9a96-0c4092524bb3,0000056
969f5061-97a4-4cbb-afb0-d5b2b26ab558,0000057
b7ab988c-6d22-4d29-9285-1689cbb51cd8,0000058
ce83a615-abd7-46c1-9285-e66c63774476,00000232
c08f2308-6dfa-45c1-9689-7d500991fbc2,0000059
2623ffda-a047-4aa1-ae7a-c75eafd52113,0000060
2c234094-a044-4e88-9fdf-221446ba44d9,0000061
93b869f9-0768-4b9d-934d-2d13f7448047,0000062
224b3ee6-c92c-472e-9e4a-0a231ca44450,0000063
97f0928d-7bb2-4c7d-8668-5cedb742c68f,0000064
6d14beea-4037-469f-b2ce-5b4b5d943fa1,00000233
d8de8f91-0d10-4da9-a13b-177d6674933d,0000065
e8217cec-b921-4569-8f0e-d1e96cca2216,0000066
4901d324-bced-49d0-8941-7a96ac548f95,0000067
6d9e4840-5114-4cf5-affd-2ca0282752a1,0000068
0bc4bd85-c7cc-4e55-9a82-8c6c19681a30,0000069
fdece65f-acf1-445d-9160-6fc200745c58,0000070
771d9b5b-52c8-416d-9e5e-bfd22420a9c5,00000234
b28b0e26-f225-4d8e-91fa-ce7e1cb537c9,0000071
2d6c8b20-50ea-480c-ae8d-a5a993c44fcb,0000072
9662f865-ad86-4fbe-84cd-4bdba1bf1f9e,0000073
dae88ab8-be7a-440f-9d70-e6e626984703,0000074
e8f4f292-3305-46c7-85e4-b76e4318b6b5,0000075
26bdd31d-45de-4e95-a208-94ed241c6081,0000076
509b24cb-7b19-4340-b921-209b81580baa,00000235
5183be6e-653e-48c5-8e07-0a9e452c3b7d,0000077
a17ae2b3-4bd3-4d57-ac1f-be1d5be9b4ff,0000078
2e6cc634-1cb8-44ee-b52a-74cc4b097fde,0000079
9a389526-ad43-42c8-97e2-81edf17b188b,0000080
f65ccb25-9fec-4bfb-b2c5-4ef560147963,0000081
9b5a234f-2d1b-4dbe-9955-86d1cbb9573e,0000082
1e552961-f2e4-4015-9709-a337ca57be82,00000236
b0d2cb3a-4c07-4b65-8a06-46a6a5013e34,0000083
eb57faec-0bcd-48cf-be47-8135c58ac013,0000084
a57b99b5-daa7-47f8-8ddd-fcb0014fcde5,0000085
ae875c35-7213-4794-b41b-a09d43351ca8,0000086
b9c02744-ea6d-49d5-b87e-4bcb5af99370,0000087
3feb432a-92c0-4452-8898-1d87d973f19b,0000088
3664548f-5c12-43b5-8920-c52053bb8d6b,00000237
b87dc652-fa63-4f71-ae65-dbe02fdc11c8,0000089
61c46f26-f968-4fb3-bc2c-54ddb1d6f3a5,0000090
b28418e6-799c-4cf0-8a57-7a04711262f1,0000091
0ce03d65-e1ec-4290-8e73-338fc4d8ea33,0000092
fff606e5-4d01-4a63-a2a6-ec628c26cf58,0000093
583d04e8-2ba8-4bee-bc26-354d778bf08d,0000094
59e57c03-684e-4e84-9dfd-f709ae34b4a8,00000238
678d527c-f33d-431d-b52c-b892c2a82844,0000095
2602e00e-93d7-483b-890e-1dbaa242290b,0000096
9ad9d806-6cd5-4943-b1b5-2338fe784151,0000097
d8869fca-2e89-49ae-92b5-1505bf3cd597,0000098
53930c09-5c59-482b-b0f3-e7e0027f3623,0000099
0d146acc-54c8-4d3d-97d3-ff4bd2ce5bfb,00000100
f9aba347-0176-4613-8c46-3047c4057527,00000239
0a2a2282-64b5-496a-83d4-e533a5be1256,00000101
b27ac3e8-3a29-42a8-ab8f-5a1bce3d97a6,00000102
7f62f67e-4147-47c1-9467-dba467964644,00000103
83483826-d82b-4165-b201-5af7c36b7005,00000104
ad635e65-2209-454f-9036-14932131d0d6,00000240
b00e0329-df6c-4185-a66b-61540812c3d1,00000241
20cb223d-b350-4cbc-b2ea-a064ccd9871e,00000242
89a9bdc9-4ab8-49ad-a4cb-116ae13a439a,00000243
24420b3c-a3c5-40ba-aa01-ee914d48b668,00000105
2e21d03c-aecd-4eee-ba18-69e3d3707d9d,00000106
a8e0631a-2961-46cc-8652-42c131070d1f,00000107
85ebb8de-db74-4c65-aeaa-1ecf255462b8,00000108
4dedaaf3-c88c-4b89-a3f3-906e63081e3d,00000109
31657546-e30b-4ea6-b3e5-18a26b8dd6f6,00000110
71dee1b0-9b6a-4e8f-b4bf-cd6b648d504f,00000244
6e5bc3b4-54ae-4af8-a303-8ad6eef8ba33,00000111
de6d0f1d-2f6f-46e7-8da3-15e69d97011c,00000112
8f7728e3-795e-4842-991b-c62ce7c49db7,00000113
cf87e7f9-96b9-42c3-8710-318187582393,00000114
e96b3c21-cd6d-4ee3-a2cd-acd448324879,00000115
d9d25d40-35de-4abe-8b8e-079a7fa2da13,00000116
de956bb3-310d-4149-af2f-5e13b27c4ebf,00000245
2bd5aa34-9d5d-4a5b-918c-251c3770d3b1,00000117
7c257951-cfef-4e89-bb7a-e0a3a9883257,00000118
14ed8bbd-6226-44e2-9ccb-82d46673e28e,00000119
ee1986df-bc6d-47e5-9ce6-92cb919fd159,00000120
73f763f3-324f-45d1-829f-a3fc43365783,00000121
fcbb86c2-9d55-4895-bc5f-ee97547974c3,00000122
4cf36596-5ac3-4cc9-800e-76dc3d908920,00000246
df6e8078-1b52-4cdd-bbd4-2c802d0d3c9e,00000123
74044e5b-ca83-4283-85ee-ea2a0c98b699,00000124
f79e57ca-f397-44da-bab5-4960f23c4c5a,00000125
a6a12f76-959e-438e-af09-de7c6b47fcbf,00000126
a199038b-c557-466c-9f34-476ec2754719,00000127
91ccf921-10f1-4236-b138-a6ee96448873,00000128
3474ed26-a7af-47b5-bb8b-2f12cb25efcb,00000247
2a107e7c-a6d3-4976-8d29-ea36beaa95a5,00000129
d126273c-f9a8-41dd-86f4-9ae77be8593f,00000130
abafc06f-ed46-451a-9ab4-3871adee7ab1,00000131
f500c14d-d485-42ce-a2f3-321371b823c6,00000132
973088e8-4c3c-468d-94ab-6ef0cefd3acd,00000133
ce38ad58-b8d4-443f-908f-b1579fc92874,00000134
e6b3e0b7-2c36-4d82-9e65-3934569fc13f,00000248
0fe8e840-1185-43c4-9b92-ed9db8bc04c5,00000135
1561602a-1791-4427-b5f2-bda2eb126ba9,00000136
090968e0-a9c8-4a3c-8485-87a23c8fd1eb,00000137
c0867707-b912-41b7-931a-8df7462673c8,00000138
dad69393-5f06-4ca8-87e2-30eab8edccee,00000139
6737196d-aa1b-4c07-b7cb-fb0724d3a831,00000140
ea14cbbe-822d-4cc8-920c-7510a5ff5ffe,00000249
51be444a-11f4-4b1c-a02b-2a0b1f11e8f9,00000141
ace5dab4-d752-4ab3-9800-44dc3dfdf729,00000142
2a4487de-747e-4274-854b-8b6cf74584a6,00000143
78344712-4c03-44bb-85bf-5ae68017b850,00000250
3b66b235-2fa4-435f-b9f9-2d5c76924bd5,00000251
6913fc8b-bb5a-4209-8312-e807c58db583,00000252
7e24a797-ac32-4772-afd0-397fa909b58f,00000253
ad6e5bb3-70f9-401e-8523-c7a69edddbab,00000254
22c47c7d-fe87-43ae-9336-ba53653130fc,00000257
55ba67c9-2a72-4e11-861a-b5364b51f511,00000258
f7ba0469-9a15-4418-bdb1-c725af0e0b6a,00000259
004feb92-e2fe-4a08-ae63-23cf37c93cd9,00000260
42d38461-014a-4efc-abbe-82665581d0a9,00000261
5a0af565-455e-447b-9188-421c30df4a62,00000262
0ecee8dc-42d3-4404-aa7f-ed8e59b68cb5,00000263
0e978f2a-6878-46b2-8dc1-6690a248c241,00000264
c0fa41c5-d54c-4a5b-8a3f-cb1c38717f81,00000265
2e55dd2e-95dd-4572-a625-ccf51934ac1e,00000266
35f070f9-dc83-4e2d-9aac-350e8d100688,00000267
80a4aefe-188e-44d2-acdb-34e7fdc60599,00000268
d56526b5-dd1c-44f8-b226-281858848f7a,00000269
bc5126dc-3bb9-4ff6-afac-2c60ca261d18,00000270
69dd0b8f-5feb-4ef7-8dd4-def473d427a8,00000271
8fb7cb9d-65a5-483b-8a60-4e930d80e1b8,00000272
fd385469-937e-4530-a865-f383be8ca831,00000273
1e6f2332-d5a4-4af9-9239-79f065ec6e74,00000274
c6f24228-814d-4f83-9eae-4b20cbd893de,00000275
ee99ea62-2fde-45c6-bc4c-4e0b1bb7703c,00000276
9219aaaf-259d-43fc-800a-f140639986ee,00000277
dcaf1952-8153-4fef-84eb-45db29a94760,00000278
48d0068c-ac21-4eb7-b922-e567c8ddb665,00000279
ba4e6d6a-ffe2-4d23-a64f-9b7a4481a586,00000280
aaffe57b-3e8a-400c-92cb-599521a88186,00000281
8382719f-a095-4901-a3db-2a7567bb3727,00000282
3e0cee07-0c57-4dec-bd75-e7deea7713c5,00000283
41bd657c-441c-4c4a-84a5-41f90b8a5722,00000284
96321ce3-3625-4eb4-9f0b-f6f82af5f22f,00000285
bb2fd2e7-fc79-4a01-937a-a9b50f8d5c1c,00000286
979476f7-b48c-49cd-9ff7-377f671125f3,00000287
69a61b63-c1e9-4845-b875-7c49855fd56a,00000288
95862dd8-c1aa-4253-8cec-dff7c8b56d7a,00000289
f1502959-1722-4b8b-aa5b-099b22fb356e,00000290
c6a1d2f1-1003-41d3-8fc5-c365f5dd2faa,00000291
4f6a5a06-b003-453a-b24e-ba2cc3928b0f,00000292
c7533824-7895-49b3-8d47-843df30e795f,00000293
efbd33a3-7555-4975-9a2e-8c4b3e8ea31e,00000294
e8f72986-79f4-4bd9-8052-e91f5fdeae11,00000295
47d712f7-c304-45fa-9a1f-711ba4dae36f,00000296
db6c6509-096f-4153-a8b4-2f705b9ef2a0,00000297
7053b0a8-fcc0-4dfe-bcae-37b34691f413,00000298
daac1a15-ead5-4021-b15d-2212fa4c853f,00000299
c5d22333-46d0-4849-90bb-3c8881e82b80,00000300
40b74c2e-f510-4f56-a5a0-4bf7b61714db,00000301
5ae92a6c-4f50-4b65-87eb-048829b6d85f,00000302
449eed92-6c9b-4c1d-a725-18b0676ff578,00000303
5db15223-ea4a-41f7-a6cb-80f81c314788,00000304
64d87f47-78b9-48d4-bb20-4541bc5d15ab,00000305
c5398a72-e6b8-40b2-b891-cdb8231bb8a0,00000306
b904d259-ce55-4522-8702-4f0ba9c74262,00000307
797cacd0-e915-4aae-bd5b-f4aee7349e98,00000308
05b77343-c8ca-485a-9f0d-7ffcaa8d6184,00000309
927d7869-dc09-4ea5-aeaf-9fe6d19987f8,00000310
4edc4220-3df8-4018-9f61-625dd03278ad,00000311
06834a05-3012-4ca5-8554-ed7406ebebad,00000312
dbb58fe8-f1d1-4e66-9277-c374c65b8025,00000313
292171b2-c4c5-4470-836a-c5bd3ca8bd9c,00000314
e72ec6d0-a3de-48ee-9bf9-02696805c119,00000315
819f4afd-a5ea-4abc-88f3-60c3cb7965b4,00000316
601c4b08-5609-41d1-9de5-d4e08cc7ffcd,00000317
bcaaed3f-1d29-44db-985e-aea4f2b46bd8,00000318
e3b11ff4-8274-46ad-9f55-977d39e829fb,00000319
f3823abd-f1be-4045-a2b0-413dbfba4d41,00000320
2ca8d3b7-628d-486a-8a05-219bcc4e55af,00000321
44cf9d11-a472-4757-b6c2-b66f8b7a362f,00000322
74937e97-365a-4733-a87e-9fa94b82fbc3,00000323
e1f441fa-fed0-42dc-b90c-f5f858b9f48b,00000324
8cef8f65-ad14-4093-aa71-7ff8ea14b2b0,00000325
5d7836d2-fb05-402f-99d2-648d8eb2b8ac,00000326
1fc426cc-b050-4d1d-a1b1-a18a905404e0,00000327
ff54b4fd-bd39-4b97-9982-6809b94da501,00000328
d2eb936e-712d-4877-8678-d2c6e266953b,00000329
7de5e004-ab7a-4a9d-847b-3b68a703334c,00000330
94989b0b-0d1a-4d2d-95f9-dd61915c0990,00000331
ef3b1eb3-17bd-43b4-920c-df0a7b8360c6,00000332
4244792a-1abd-4df1-8154-bda6ce1260e5,00000333
d9c7117c-bbc5-4157-8e0e-400c3826b6df,00000334
9dc6b403-2d42-4cad-845f-b97205fb2260,00000335
c87aab52-d307-4977-a7b0-3dc965926ef1,00000336
b066178a-af70-41b2-b9c5-5e96fcd077be,00000337
e52925f6-f053-4acf-bcc7-379d19cab91c,00000338
25507ced-7915-450e-8ea5-8af96c7beac4,00000339
25e2b2b9-10cc-4a9d-9d18-96df167478ac,00000340
5912dd7c-0867-4e1b-b793-3b6bca1d7fe4,00000341
3ea57eba-e021-4f98-91d0-615106387895,00000342
fdcb60c9-4cb5-4d5b-9daa-db4e6045a674,00000343
ba292bbd-f86e-4699-bb48-b62f8991a26a,00000344
221d33c8-91e2-4d2a-b198-b3628f9f0734,00000345
4e6b2745-ef91-49ee-b41e-b3e5d944e3b5,00000346
0d852124-f984-4cf7-a7b1-730b08f37b37,00000347
f4a9fefb-ddbf-4bd3-bb79-60993f161f89,00000348
25c0b7cd-a7dc-4b69-810a-bbcfe08f6f7a,00000349
138e20e7-0914-41d1-b10f-ec55284c975f,00000350
82bf15cc-5bd7-43d2-9da3-b8b2a688635e,00000351
dbcedc85-0cae-433d-988c-ff71b9159bad,00000352
afbb4d9e-a761-4270-af1d-01c13ad9fb36,00000353
39e1eed7-d868-4bcc-935b-1bf09b93d2ee,00000354
6b991693-e4df-4307-81b3-2d6330375353,00000355
ef8478fa-f272-4e93-b92b-f87098499123,00000356
7bfe41e5-b23f-458f-bee9-1b6827bac001,00000357
ccc06105-9341-4f18-ab8a-d27a582dd614,00000358
79280da1-008c-426a-ba06-e97bb7805b0a,00000359
8e778fe0-7725-479f-bee9-aa6c04e0f7fe,00000360
11f3d3cf-c3f6-40c6-bdb7-6862150ba507,00000361
950137bf-66c9-4c78-b961-8cf5c47f6692,00000362
b1bdb95f-5c39-49bd-b41f-43de2b567d30,00000363
fea5f402-61a3-4c3b-9e10-13254feb009e,00000364
01dff5f4-02bc-4e59-9296-55161c1285c2,00000365
9d944675-ab72-412d-a90e-515cd4e1004d,00000366
90df6cca-0eb9-41fc-bd87-4e45b9a07ca6,00000367
1776ed7d-8f16-4180-b3c5-1bd71bdd6e0c,00000368
9fc4639b-cef6-4e6b-8afe-646580ff8140,00000369
8d2b6619-899a-40c2-bf2b-82e3ee73ff90,00000370
aefc698c-48eb-43a5-8c56-76b89e682130,00000371
d4ccee62-6a30-478c-86ef-8078739f5d32,00000372
93ed4b5e-0308-4ee0-9d77-daa038dda504,00000373
616ef25d-9b99-480c-aca8-2912bf16a62a,00000374
12f8dc0f-19c6-45be-b983-cb3a1075cfb6,00000375
630a4ca3-85e6-48a1-b3fc-73c4c406c1c8,00000376
d7fa0c1b-6ffb-43a2-840c-3e2d2f21c914,00000377
4e4a8429-491e-44de-8530-d99f0de01c5a,00000378
89a498d5-f67a-4486-a1b1-f8462d6b2a53,00000379
b9853197-9249-4765-9f6b-c0895f58b670,00000380
c149f9c3-5802-42a5-bb43-78991e5b6d19,00000381
006ae4fe-c596-4f3d-9aa1-2bfd4e5f6a58,00000382
c0602190-4a2d-4a9b-abb5-bbf8eecef9a0,00000383
e9feb51c-0add-44a1-b992-71ab3a4c2fd1,00000384
70d91522-afb4-423b-be8a-40a925635882,00000385
5699e16d-c601-4bf4-9ef9-154cf5ab173b,00000386
b0bd78eb-a02b-413a-838e-881822492353,00000387
4402d996-6a8f-415f-8d4a-bf774429c803,00000388
77ff9e98-59da-4ef1-91c1-eef33bf923d0,00000389
db70513b-388c-49f1-a2d0-d5c05e181ae1,00000390
82f011ca-efe7-49b1-89d4-1982cebc38d8,00000391
884b3eca-bc2d-4372-b635-a453f248c8f0,00000392
092eb396-a4b4-4ac2-8b22-4faec2ddd74f,00000393
480b3c5f-31e1-4768-add0-6835a3352fd1,00000394
e0e3a35e-290e-4e1e-847f-e0f83560f3bb,00000395
6205ce08-c7c3-4cce-af6b-5c8f6358ff2d,00000396
4ee84178-bd2d-4a66-bce9-961b7241b4d9,00000397
c076560b-147a-421f-8275-a348f50b01d7,00000398
555fc041-0d23-467a-af1d-aa1b84efe4bd,00000399
b45c1d8d-d57f-4aed-ab34-ba96b40575cb,00000400
b806728f-95e9-432c-9bb7-780fe33431f6,00000401
f2404552-c985-4cd1-9b57-730cd8777104,00000402
ba3e6c98-04a5-47f5-a390-137c778b9588,00000403
ecd95bb5-7164-44b4-a8cc-1c68292e215b,00000404
7d64624b-b33d-486e-9297-4b7df8d1f300,00000405
976f5659-e3f0-4211-ab36-afb4ca43ed81,00000406
8b2b25b4-2d59-4ce0-8a30-8e4f6a21098f,00000407
efd18af1-e91d-49e7-ac5d-e28019da4f61,00000408
e10b46a2-e167-41f8-8f3b-d2d2bb5df979,00000409
a6b81253-ec0d-4630-a72e-a4fde8aae71b,00000410
3920bff7-f324-447d-bde7-2210944b962b,00000411
bf19372d-da88-4964-a5c2-59f27f462859,00000412
1374472a-74ee-4267-842b-1c71fbc9b930,00000413
46d4a400-cc15-4a22-9a60-e7a3edb5d83e,00000414
36fb241f-1e5a-404c-9b0d-30484bf30993,00000415
98db362f-45b1-4d62-8001-6cc217f6bbd4,00000416
ed3c27e0-dfd1-45dc-a984-bbfacd0cb15f,00000417
63aaae8c-34ea-48ab-ba31-7da83d436af7,00000418
c8ffe5d1-4722-4f65-b9a4-10c73831625e,00000419
78836921-7284-4aa7-965f-7344e4a142ed,00000420
1e14b437-103d-4e2a-9c27-dd5b9a2e4984,00000421
627c1d44-307d-4ec9-9e55-2d73ed2a7444,00000422
71eee00b-afa4-428f-9b55-9a5b9e084130,00000423
6eeeab76-e7ff-43b1-adeb-33bc380c10fd,00000424
e9ba23ce-8851-451b-8ad5-411a21cb2df0,00000425
4ce05320-7172-45e0-9ef1-566549186f45,00000426
34630345-39e6-45c1-9632-0979fc1ef9d4,00000427
58e6d498-77af-45c0-9b83-b6be9be434c1,00000428
285ed065-a30e-4ae3-9d42-1def3f600c03,00000429
92d55227-04a0-4aea-a3d1-cca177cbf8f6,00000430
341b1a22-2ce8-42a5-b6b4-b13a29829c19,00000431
db3aa925-9501-40dd-a279-1ce3f4702021,00000432
c60e5f91-1ddd-4242-bc7b-dbdde39044d5,00000433
e22b8fa3-5446-49b7-b8a7-0f9813875489,00000434
fc53b94e-c28b-41f6-9f04-6c49ebcd7b25,00000435
2e07b8f8-9813-429c-9e38-7e905a1aaade,00000436
d9fb7a7e-8dc3-4655-b052-7067b0a1c499,00000437
c256e9a2-ecef-4751-8bf2-d5dc93dd9d7c,00000438
27644b24-6fe9-4544-bf6a-d751a601a880,00000439
17e604ec-bf83-4a0a-bcc0-de4517eaf6c5,00000440
6503bfe9-e063-4584-8e5b-576fb85e47de,00000441
5568eebd-b986-4714-8e0b-e7f51310e523,00000442
d71bfe1a-ae2a-48b9-b3d9-99a181f8a122,00000443
6087d7c5-259b-4d34-8c07-a55b6f009951,00000444
a109bc7f-cb5b-45a9-84c8-695efce7c0c0,00000445
439bf6f6-3bfc-4176-946f-a3328393c541,00000446
9cb1b5b3-cc9b-4a56-a03f-401447e5e62d,00000447
5e7d9aa7-9476-4d37-a22b-fe53bf3bca62,00000448
c23fa680-bc31-4adb-adf8-d8039494e237,00000449
62a233cc-6200-40ca-a281-48729931f406,00000450
ecdfc99a-1f97-4973-bdf0-39eb91a28642,00000451
ecf5b4ed-6396-4d89-af35-e8e78e5e1644,00000452
52693c69-d5ad-4dda-9032-e2a810a85d2a,00000453
09f7ac66-2aa7-4c1f-8a74-18be42fc3557,00000454
a570856c-a2ad-4490-9499-26f58319bd4f,00000455
84e3795c-f19c-41db-a084-3b9b175bf388,00000456
a74defef-fe4f-466d-8df6-39014593e444,00000457
616c05bc-df10-4739-9810-47d87a277c54,00000458
390d5bc8-fcab-469b-8158-d447f97ca813,00000459
a9e011fd-732d-48ba-a42f-55e0b4b3cac1,00000460
254f4718-df51-40c3-9c4e-a9f6eda3c27a,00000461
b054ffd9-130f-42bf-977e-6982091e797b,00000462
d53ae785-4411-4045-94d3-21f1c428f199,00000463
e581845f-4ca3-4203-b14b-4d98e0fd1774,00000464
ff088f93-a131-421f-b160-461f40fd35f8,00000465
35bd6a01-0b7d-4a22-844a-1c27775a954f,00000466
bce2b41e-5ed9-4903-af7a-1e4173c8aa06,00000467
b378d42e-08af-488f-b77b-ef4db0bc6de8,00000468
20811c83-dbec-44e8-9142-e10e70015275,00000469
b42a1040-4cba-4ffa-804c-0cdc59258fae,00000470
92a79254-f4c7-4fd9-954e-a8d447d22cb7,00000471
e97ea2c1-8ad3-4cef-a258-0f727d13a8cc,00000472
88084f1e-0868-45fa-8631-fa8573085f9b,00000473
194269a8-55b0-4e9c-b232-a6a751ce9dd1,00000474
b5c6554e-a75f-47e1-8fe2-ffab082a1e9e,00000475
31946ad5-88e7-448a-a1e1-5bfaa2e8ecc0,00000476
73f3c9ee-2093-4cba-b0af-24f7e50800a3,00000477
93e94aaa-ab4e-49a1-b8ac-733e4f0cebce,00000478
686dfe65-578a-4fd9-a14c-2c403b907405,00000479
6d215dda-b6d8-4f54-8b04-e4381554ed19,00000480
1a91c010-a183-486d-96d5-d820f2cb9dcc,00000481
aca7463e-e93a-4eba-9024-f961eb58e3db,00000482
a67c664e-d607-410e-9ea2-f4648f4f2f06,00000483
3d66c2bc-66b4-4603-b833-5b9ea7e8ce3e,00000484
6238e28b-a379-4275-b22b-16904fd1f33b,00000485
23d93388-0b7d-4452-8c47-7162730bbfff,00000486
2c61248a-d659-42ee-b9aa-cbbd51028586,00000487
d03afdff-905e-424f-a333-8076c75dda3d,00000488
36b569e0-bd07-4e6b-a1dd-bf1aeebcd662,00000489
d25c082b-f4f9-4e50-af2e-0071a1217db1,00000490
b94ec631-d347-46d4-a35e-2e4d3362517e,00000491
ad371f4a-25a9-4eec-913b-a4bfb0e5c1af,00000492
c3af1937-5ea9-41df-a71e-f259499482a1,00000493
00cef7f7-26d6-4378-8538-adf94e9849f8,00000494
972e95ac-a075-498b-9c44-c1d30e23e570,00000495
02425f60-963f-49d0-b8ea-318c26565c36,00000496
264862a2-b39b-457d-a4ec-06b1fda2e53a,00000497
5903ba71-ff17-44ae-a89b-d8f24f5fe90f,00000498
728a949e-fcee-423f-b22d-2e583ae023c2,00000499
50ab7110-4bc9-4ef3-8c99-8748a69b7128,00000500
8fe0fc8f-0824-40cd-ad04-944936be62c7,00000501
c184ec49-7685-4b22-b2e5-18eda1d1f314,00000502
98d33acf-2fa7-4840-bba3-2a143c487709,00000503
e7b05ace-d2d5-47ca-b6be-27beb83cab26,00000504
9e010638-6d8c-4b9f-86d5-be8fe0360c41,00000505
9ba56362-5376-4e77-ace3-7d386402b96a,00000506
4e99b851-2301-4ab6-9a1b-6956623757c2,00000507
a1d80137-39af-4cd3-905b-839391257a46,00000508
55758a28-c121-4034-ba37-3ad9d9f1b80a,00000509
ada89454-14f3-4f46-a941-f11b1a102acf,00000510
d11ca0cc-580d-4002-b991-772cd64da387,00000511
7733b10c-912e-41ce-aa3b-972e8274d2ce,00000512
d35511a7-e6e4-47fd-9f74-b93ca92c290d,00000513
718c4692-fd5b-48c1-8086-38dfac4f0ec1,00000514
0bb58367-8e33-4d30-b9b8-17e6d13099d3,00000515
747c1f49-1405-4c6e-ac08-2fd7416d6786,00000516
ee68440e-126a-42d9-8cba-1953abf6b8ba,00000517
9d039629-8a32-41fe-809c-6b6f47089883,00000518
38bb5d6c-4e9f-46b6-9e38-83126b914b51,00000519
bacade35-7898-4a24-98bf-03debb85fab4,00000520
e5b9ead8-9cb5-4a13-99a3-979558400d1d,00000521
d19b2c1b-6313-4947-9094-f836b46d413d,00000522
32620242-84fe-43de-96b9-c19cb3a0bf88,00000523
3bbe97a8-b904-439c-956c-e1c094091258,00000524
b852b3f9-ea2e-4415-8077-064bdc27434e,00000525
b893aeeb-0c5c-4af3-96a5-fdc1351bf340,00000526
1288414e-5323-4770-b62b-c859214cd279,00000527
ca4b782b-41eb-477a-8c14-f75ad91e7813,00000528
9b5857be-37e1-4f31-a3af-0cb5a4994e92,00000529
2448ff29-bab2-46cf-a71a-54401d87ae49,00000530
d2709264-74df-45f2-bafb-a9f88a80e055,00000531
81a9b4c0-3241-4ee3-981d-f7222ad8f780,00000532
4fa45914-c010-4645-b24d-29ea34c5ed81,00000533
deb231ee-f192-4304-aa11-daf49b974d0e,00000534
a34d13c0-9faf-478a-b9b0-6246c8659f6b,00000535
8a5367c2-0f4b-49e2-b2b6-a926f40f6246,00000536
5562326b-3b08-4f99-a6fd-5dbfc43e95ef,00000537
d6f97e16-f4cb-4029-ba55-48ba94df25ff,00000538
cf5bfc31-10d2-4ce4-a04a-bd5cb675ab43,00000539
bc4a713c-3e5a-46c3-9d81-19ea136d86d8,00000540
0c8c6d3a-5ed6-4d07-9969-0d78c806bb95,00000541
e9bbac1e-3a49-42f5-a3f5-3d24841da0e8,00000542
755b732e-c7f6-4b19-b67f-7753e4258804,00000543
a6c97c36-0d82-43e3-87da-fa7b9b40cdf0,00000544
76ea4d7f-f540-4482-ad10-2e709a5b6265,00000545
c61496c1-d20a-4c0f-aa33-36757825bcd0,00000546
ab9116e7-0907-4384-9918-bd74c297fff1,00000547
8fdb8c1c-1e5e-4e18-8409-fae844e7c5ad,00000548
57b1f235-e9e8-4d84-b867-c9916362aa30,00000549
d2b4f429-87a1-4380-9e8e-1b3c9d04e377,00000550
05f3a4cd-2d15-40f9-8d1a-5c897b9da046,00000551
fea2556a-1e59-4c98-9991-7a896ff8ce34,00000552
954d7f67-895e-4cf4-afeb-3ad03efe3f45,00000553
5a95ac58-8caa-466f-a7a6-65ed0416be74,00000554
feecea0e-3308-4847-990a-5ce341cfcb3b,00000555
a8ed0c46-2631-453e-bb9e-9c075383ca7d,00000556
af4af85f-6fad-41cc-a5a7-22a3085e3035,00000557
9ecf8558-fbb8-4679-ba87-af0c6c6b5b7f,00000558
38e4ef79-1d0f-49d8-a069-f4a3bf3f24b7,00000559
916bedc5-f60b-4cc0-afd2-4c2d5877bde5,00000560
bc231124-ee9b-4ff3-a1ef-8ea79e5ec58b,00000561
69d64305-cee9-44f8-a6e0-8024f9d7d3a8,00000562
e49628ca-b76c-45d5-a55c-7a328b2bd008,00000563
7093b51e-3e3e-485e-9ce0-de3f1582be8e,00000564
ec96e574-64dc-4a0f-a9e5-b7066c466118,00000565
9fa6cbf9-a907-491b-843e-57e1ddef1c19,00000566
b3a8f38f-723d-4589-b4a2-1606a321b02e,00000567
2db09548-6386-4e2a-bc58-f3cb37915fe5,00000568
a9e6e7e7-6642-4108-b77a-a42fbeda57c7,00000569
ab2210ea-a8d0-4fc5-98a2-79b8c50698cc,00000570
39d66295-5887-4a62-85ed-e32e90bef05e,00000571
ef1037e5-63e7-4982-a549-428c45abf04c,00000572
eba0d407-ba25-4634-abb1-c7acc8f3a4cc,00000573
b3c737e0-76b5-4609-9848-0bcd92761c8c,00000574
1625cfe2-b3cf-4dec-ba23-e34a8bf02683,00000575
76683b57-e5b5-4ede-aa69-9890729a48e8,00000576
f75ab797-c862-4c3e-9799-05d5ca10ae8d,00000577
4aedf96f-7899-463e-a6fb-5270a1902b6c,00000578
9ef28bdb-c1d8-441e-bd16-7afb5a3e780d,00000579
d09fb0bc-74b4-4e61-b0e4-76e618333e6a,00000580
b44dc088-f995-4b16-b582-d9450d7ce518,00000581
114b9681-2fe7-4e66-8807-f3bb28e62624,00000582
3168a6e5-0ad8-4ea1-9add-1910dc27b308,00000583
f4b38b04-7692-4c54-a5a5-962da6bf36bd,00000584
5080be23-b752-41b6-b375-87113bb84251,00000585
593b9c94-8698-40ef-b487-be92643b9135,00000586
4f4e07b5-1679-444b-b5fc-f37672d3959c,00000587
33d0a600-3234-4679-9f0c-04bbb565873e,00000588
66157c6d-08dd-4af6-bfd8-497a51ed8d03,00000589
3fcc01ba-c53e-4951-8dd5-e6a8aedbc18e,00000590
4d0ee128-f2a4-4126-a86e-bc2cf52ef874,00000591
844f2a1b-c24a-4786-8ee7-28ce8d429202,00000592
2bb6eb68-9ba7-4b71-b951-f194268cf95a,00000593
d503ecae-b2c7-4ef8-8fc5-4f684f3acbd0,00000594
4dea50b7-40ef-4ac6-b22a-e2743cafc255,00000595
eec8593a-8ee1-4ad3-a54d-4ed3f1b6c2ca,00000596
2e3091e9-2b3c-48e2-8e40-f858e7086747,00000597
9988ef09-9cd0-4b9a-87dd-c48a63930815,00000598
f0403a91-28d7-4ed7-89c3-715951fbb302,00000599
25fe408e-ec3b-4f21-b778-423ad888f871,00000600
d4d149d6-ae79-42f3-a80c-ddaf57046763,00000601
c97c0602-9261-4cee-8da6-5e0999808576,00000602
ffc56e7e-0d77-4f8c-95d9-b0aaab238310,00000603
ff820bbc-375f-4ec9-ad66-79a32f8a74fb,00000604
f426f936-86af-43aa-89de-7cc8b60cb580,00000605
0b11a4d4-53b5-417a-b803-72f162f34924,00000606
9606199d-4e15-4d2f-ba8f-588982b68720,00000607
ff2b2540-12f2-45b8-97d0-e9dc5c212405,00000608
82c21bdd-ab42-4aef-bb32-98931457cf3e,00000609
0b506e5b-85b3-4560-8f57-5b8a654cedf0,00000610
6a827fb0-f98a-4b5f-84ee-33877ab4d645,00000611
03e82b86-e568-4f98-b046-0104e4820e61,00000612
a91e782c-67c3-4916-aaa7-06aa6b1d30ef,00000613
2b8b935f-afbc-4c90-93bf-e6e93892ca04,00000614
85d238fc-1242-4074-9cb1-662a643db42c,00000615
072ab9de-642e-4a7b-b0de-1a8efddb08f6,00000616
bd15dc8c-127d-46c4-ae23-11ddb6838470,00000617
5cde11f6-1583-4e38-9a64-97db0793da64,00000618
17914199-7a8d-4468-bb6c-2bf8d97c20fa,00000619
cf0e5629-5cf0-49de-a5c0-9064a9e30617,00000620
04c67710-173c-45f0-b1d7-3b5d3cf30ad9,00000621
29969a14-323f-4e02-8411-a6ec9194a0ba,00000622
c03e8917-483a-42b3-bdc4-e2deca6b7071,00000623
cc328da9-0482-40fc-94e6-3d99cb342c79,00000624
f29ae84b-6f8f-4135-bca2-450c80746635,00000625
36007cc3-cbe3-420c-a61a-8cce342555c4,00000626
26449657-33f7-4aa6-a989-2fc121a12c46,00000627
734441b8-9250-4fbb-9739-98b1dbdf5266,00000628
308ba73a-c617-4f29-acdd-3bebe234ea4c,00000629
493c7144-799b-48b6-ad98-1f0dd36796ea,00000630
18bf413f-245c-4969-af95-79dfad1ab28e,00000631
61fc746b-5afe-448d-969f-a9c105030325,00000632
18967563-9dd5-469c-8beb-0bbc03efec2d,00000633
a47c25d9-f97a-46c7-86e7-fb048a7a4af5,00000634
a7b19fa0-cb1c-403c-975b-224441f497c6,00000635
0bbdebb4-820c-4d50-aea4-14d93a37011b,00000636
a13bd155-fba7-42d0-9c4f-8b3753aa8302,00000637
2d2c871d-8279-4cd5-8c18-7dac8d12dcee,00000638
1ad83bbb-e975-47ca-ae59-5f2e33ddafe8,00000639
c372c209-d84a-4666-a00b-dc674d43f226,00000640
59e50f26-ae7f-4bfe-8933-054d867e367b,00000641
f6a6d95a-207c-4412-b797-1434fc65468c,00000642
3ac38c69-8caf-4881-ac51-a1d77cb6aaa0,00000643
91c9fe79-1ff1-425d-8cf8-b391ea40c774,00000644
82577bc1-41af-44ab-9d6d-515b6ed3db40,00000645
fb8dc297-0830-4933-a8dc-3366eca8c48a,00000646
c69ce2a1-cc49-45b6-aace-388c309fd65a,00000647
0631bdd0-0f90-4be6-bbd7-cbf3d8662e05,00000648
4b4787d5-a897-4dfb-b38c-b1410fabd41f,00000649
b214394d-9c63-4957-94cf-995e98b3c6c7,00000650
fd72c9a4-d974-4476-8906-7267bd91ba7d,00000651
a34f1142-26b2-42f5-b11a-f6870d910ff7,00000652
3bad07e9-fae0-4a90-9808-3f112a5f25ea,00000653
eab7e9e2-d11b-46a0-9826-2bc48215f608,00000654
5380622f-58c6-4cb6-9f1d-aadd0eeac79e,00000655
dceec82c-91f7-4de3-a618-acfe9928b968,00000656
7cd167a3-25a0-4f8d-b2a4-70d482b3ae1c,00000657
0a696c7d-a0d1-4788-b661-c26d7bd3b866,00000658
65640b57-71cd-44f5-920a-d30b8073b1bd,00000659
d790b87e-a756-4efc-9616-df4cfa51eb23,00000660
7fcccba6-ef5f-4d91-ad3b-b27f1dee35d9,00000661
c6bdf3fa-3d44-4604-9e38-9bdb6b5609a0,00000662
642da871-82b9-4832-9c54-df21e08f590f,00000663
48e9e7b7-3c78-4563-ac19-d3851e19b6db,00000664
dcfb4a42-e9da-428b-873a-d4deeae310bf,00000665
ceacedc8-4ea3-4fb8-a490-0398194b8ffb,00000666
1504f588-aee6-4bdb-8ba8-9917c0cfd8a5,00000667
a80584b1-88f8-4ac3-bd0b-72127b7e6a2c,00000668
083ff5b7-d8c6-47d9-bf84-cb0b119fa824,00000669
ca5b439f-1ee8-4de9-991d-d1c2b077a5f5,00000670
2880f624-1321-4c13-9ffd-8a02bd4522c6,00000671
a906e053-6c97-4887-b0ab-deefe27ce5aa,00000672
e285843c-8d69-4d61-b675-66583687b299,00000673
3a5bff51-0a6d-48c9-91c0-53cd0858e675,00000674
5bef2c4a-9ee1-4faa-b1f1-f0e0cfe35879,00000675
973a3b10-870a-4f59-984c-ea1b27cbbe26,00000676
103327b5-a551-477e-ad87-3d20bc39afd5,00000677
9e24b00d-66cb-405a-b346-bdb687e42b24,00000678
de6c9cf3-95df-4caa-b840-1c60e86e7021,00000679
2d16279b-ea3a-4f57-a25c-46f404b9708e,00000680
1700ff2e-1e1a-469b-960c-09a5ec26cba1,00000681
d55abc57-abe4-478a-a3f8-68035f13fb1e,00000682
3ccc25f8-4200-487a-b84a-72f7038055b4,00000683
6c9b7e67-685d-4fb2-9e2a-2accc84d64ca,00000684
c0840a27-9022-49c4-81b4-9f794e06dceb,00000685
42e79f94-973d-45bf-b885-8530e05ff2e8,00000686
42f85e4b-fff5-45a1-87f7-f0c7fbbd88bb,00000687
ab5bbfed-cbad-4431-9c4d-27ca77efef4b,00000688
0cd8102c-da1b-4a74-ae8b-f0f7dbd66061,00000689
91bdba59-8084-4697-90dc-34d6e1b83afe,00000690
e57c1a4d-a6e3-4e42-b9e2-7c3fa0fdd0c3,00000691
1de07dac-981f-41b1-95ad-96dd1158174e,00000692
2c1fdc9e-364b-4ede-8b5e-49d8e37869d6,00000693
8615ac11-a33b-43b3-8df2-5820643893ae,00000694
6e5c12da-2572-4c26-85b3-37e716c146c8,00000695
968a30be-57b0-47a1-8a7b-b66b28b8df5c,00000696
b861b5e0-02a8-46b1-a6d5-f4ebde8f8223,00000697
a60d6aba-fc46-4301-820f-118ba83eb10c,00000698
43bf7103-7363-43c3-85a7-af492da6af1b,00000699
1638302f-729d-4222-a805-3252c481daef,00000700
f82c49cc-5a15-4ad7-a4c6-cd920b8eccde,00000701
8db0c91f-7dd2-4547-b335-599b5aec9c90,00000702
49db7031-b29d-44af-91da-8c04a7f9e226,00000703
2eb1d068-e536-452a-9721-3c02b3460d14,00000704
a2a25161-e99f-433f-be37-2d08168ab589,00000705
0afa424f-340f-4937-b95e-6525e6b0c142,00000706
b7df7474-33c7-4316-96b5-66c33a6e4857,00000707
85f6e628-a749-4aa7-bede-39d3abf0e365,00000708
3243d41c-7ef3-4e97-92d1-bf26303948f2,00000709
d69b48e3-04ab-4822-aa5a-7b0e0d6e9e64,00000710
4da5b500-b84e-4e66-b409-acd6d1ad28fe,00000711
1eae3ea8-15b7-4d19-8e9b-10e37054faac,00000712
aabe1c53-1f5f-4c75-a615-9ba3d5d72b5a,00000713
7d6232d7-2c10-49d5-9ca9-2edc35fdcec7,00000714
9904c8fc-9344-48bb-a24a-9160922882a4,00000715
946528e8-532e-45f6-8bf7-c892704c4d05,00000716
c36c6cb4-c86f-4d32-93ac-fe0f910176f0,00000717
0c9448b4-2f22-4529-9739-01cf8454d265,00000718
548eac1f-ad61-45d1-acfa-c3563ea7f9ad,00000719
ea01dbe8-e541-4686-99c4-fefe7f6b1f93,00000720
97ca181f-50a4-4f40-912c-086d4c0c9e5e,00000721
0d00e010-4c94-4fee-8e51-984575f7b249,00000722
776665e5-5705-40b4-b8d6-4a5634342620,00000723
656d425c-cc1e-468f-b847-c7510cb8faff,00000724
11c823a1-2ed8-42a8-ae8f-d5c8fa476120,00000725
7c00e274-1815-4642-ae89-15a48861f359,00000726
7b8f0e03-ebb6-44c9-afa1-4a1782edf936,00000727
31bf2be0-99a9-48fa-ad76-9eb8deb1607f,00000728
5cce5199-9313-4e4f-9475-548fbd0c3342,00000729
959a5968-9c0e-4d87-a2eb-3b3d2fc5a57e,00000730
a0dadb38-0dcf-450f-a31b-38e395847b25,00000731
745d4812-8f84-4f85-96d0-5ce9fc15d470,00000732
e2931a12-2d2f-4e4f-9dc0-8c10c18ecb67,00000733
851afe41-0843-4a12-af7f-bb85788cd90a,00000734
83bf2b0a-7109-4a72-8f70-d4990338397f,00000735
2389c74b-9da9-4303-89c4-be5a4495547f,00000736
316a3a00-cd45-4337-9969-3a4d45505b12,00000737
fc2dd291-3ccf-4ff9-8392-aeb7fece9a43,00000738
52fd187e-95e9-4850-9ea9-95b8c258b47c,00000739
23b94d7e-6a96-4cfa-803a-9b3d3b6fc938,00000740
d99c4efc-108e-4f8a-bf28-db4fd5e1747b,00000741
e04d1833-bf03-4701-8060-27b8d5eb43fb,00000742
924c3261-cf31-46ca-b0a8-43cb85934bb8,00000743
3a152f95-cc12-4580-8a5c-c98f867e1b19,00000744
07a2ba0f-eccd-4497-a69c-b622277b407c,00000745
d836e6f9-90b8-4c6c-b5ab-38fd3274352f,00000746
7079743b-2cb4-4858-9d02-4f165570c7b1,00000747
2b839355-5321-4f46-bb79-0968cb922ed4,00000748
139c3bec-e5f0-4d02-963d-48f8c3730382,00000749
6f622a82-264e-4936-bea2-6939b5d4d567,00000750
067c7c9f-9319-4cd4-894e-e2fa594a7ebb,00000751
127e248b-76f8-44e8-a642-e2903b2add85,00000752
46203fab-da51-48f6-a862-58a4cf096efb,00000753
8dc08c7b-06b5-4642-8ddc-af297cadadf8,00000754
f4ae1721-513d-4a2e-ae9c-e1865649f060,00000755
efb82c04-0183-43e2-b2b2-8ed9685aeefa,00000756
5eacd2e4-3422-4207-912b-0d0046f57e12,00000757
ce192f1c-53ba-4f05-b3a0-4a80baa3e613,00000758
3047a6b2-c27e-4e16-89a8-a96efd42d838,00000759
56ed079c-b86f-4dc4-8f9f-4d73c6e58f34,00000760
17722a17-a516-44cb-8919-375d2b95b0eb,00000761
de35dabc-269e-42de-a38e-68334a3c57cd,00000762
de2e63af-fdb6-4a72-abe5-1b9623262c31,00000763
6d53993e-b6af-45ba-b5af-2005670e57fa,00000764
4f61b0a4-7817-4fab-928a-d23828566ef6,00000765
5ffb3787-2e8e-45ee-9734-9c5f2e44cb90,00000766
ed9ca751-cc79-490a-9730-661cab211965,00000767
fc7561bf-380f-4fef-b0f0-efd7ba5d0a5e,00000768
e0d9389a-4acc-486b-8925-7048c02414ef,00000769
a11796c1-8775-4b47-bb95-0f7b022d92ee,00000770
855f075d-3041-45c9-8218-0877a2934c46,00000771
2b8c3d15-a372-46fd-b218-ee80555841df,00000772
652ea538-d96f-49d6-9fe8-9292b7e2cbb2,00000773
e0816d4f-5a76-4ceb-8bd2-45ed0749efa1,00000774
8a8ddd52-fba8-4a41-a1ee-491778ff8eed,00000775
dcf55853-a41b-42f7-8fb0-52e15e44cf00,00000776
02b411bd-c59e-46a4-a0cc-57991d889455,00000777
a2bf4cad-05bc-4d16-b3e4-4580574be626,00000778
11db1733-7414-481b-ba00-608cc887de0e,00000779
0558bfac-2cd1-4194-94a1-3b01f71825c8,00000780
0b37539f-9480-4b04-8364-7f8ccae49723,00000781
bc81f74f-d906-441a-a7db-b3d6dc1babec,00000782
369d635b-aa4d-4588-a117-63c069c4be9e,00000783
aa1198f3-9353-4cbd-8670-94a743a83071,00000784
4d804b2a-0479-4515-bdd3-991a06358a2b,00000785
2495cb4b-da7e-40f3-960a-13e0f2e94d83,00000786
d66c682b-ee9f-4c79-ae00-05e9f5e99114,00000787
792b0e9a-8f2c-46fd-ae55-df1739e1db07,00000788
5295b513-c57e-4a8a-a141-bc6b92184c47,00000789
187d0068-4b63-47c7-96bf-20359d44a6cb,00000790
ba7c9ff4-269e-46a8-8453-bca92a601e5d,00000791
e4d99d74-11dc-43a3-b2e3-97644900310e,00000792
8a8cc8e1-027e-4538-9ddd-437bf3f6ba83,00000793
e788e36c-285c-42ec-a717-cd6322e23c4f,00000794
4780db95-f80a-4152-ba33-d29202922a53,00000795
c0de6b62-762e-4b97-a254-20fbd2080e82,00000796
59926c4f-984f-4737-b291-b98de6e88294,00000797
fa010c9d-6c85-4b6a-82c9-6f798e6561b8,00000798
23a45b49-f345-4a02-80fa-3abbe29e52a3,00000799
f9b564f3-dd5f-4b77-813f-0e610390174b,00000800
516979e4-2f0d-436e-89ec-c914eca5a249,00000801
f30d80bf-665a-4405-bda9-549c8d97ab71,00000802
68be5cf0-3f38-4a1a-92d6-cacf0aba8e5c,00000803
cb5fa220-1807-49a7-b9ab-072ea8ceafd3,00000804
39b4fd49-d31e-4e0a-afd2-b28dd23842f8,00000805
d4036b11-4cb6-4d84-8fcd-8fd8660668f0,00000806
80bb599f-c966-49c9-842a-570eeb611b9f,00000807
401fe8aa-7f7b-450d-88ce-896eb0f166fa,00000808
bb0568db-b23f-4596-8aa2-f66e45a2deef,00000809
f2187adc-32b4-409c-9f78-3994802dca56,00000810
9c12a747-d27a-4a28-b336-de57a3e67e64,00000811
f4d8a93d-95f8-40da-a245-0d923aab3e9f,00000812
392740d0-7bf1-42f4-a4f2-5e42cd7263d1,00000813
1e0125f4-19c9-413a-a094-3cb1a3a295fd,00000814
ecf3b7c0-c4e0-4511-89fc-be55c1171509,00000815
09031d60-a03e-4940-a6fe-77c3e6a41dd0,00000816
2805848a-bea3-4a7c-a067-b96bec25146f,00000817
19c8dd84-3803-4e56-9a0c-293054d8fa12,00000818
5fe3b7ac-7043-4ad8-809f-53a6061453ed,00000819
cee951bf-c36e-4403-9824-78618e669013,00000820
b3424a9d-e7bc-4e9d-a4e9-18532bd08d44,00000821
dc3a6e4e-b40a-42cc-98b8-88144e03c1d9,00000822
e1f384e6-0140-4830-9f3c-1826a5a37c65,00000823
4a4cadf7-e748-44e7-b06e-eb3b0f580091,00000824
7686ebc6-aed7-4e02-93b7-d697dcd80ce9,00000825
db7ab0b5-7b76-4956-a462-c594b9fe97ca,00000826
654b5031-63b1-4861-9fb7-601ada714eec,00000827
31417bb1-4100-4f41-b866-083a877656af,00000828
3f03c27a-3d02-4cc0-af0f-64bdafcc0b26,00000829
717535b9-8f28-4af8-a06e-e2605717ff6f,00000830
18feef5c-5b32-4d1d-9a39-5bb149619a16,00000831
a7ba34dc-c309-41d7-8a85-cf833019cde8,00000832
5e946e72-6baf-49c4-8528-5e8d7171258c,00000833
ef59ed9c-cc2c-440b-a341-f103f4df6cc1,00000834
5973d2bf-3345-4c71-88dc-73d00a699679,00000835
f90981c5-2e4a-46a6-b1f0-8e55fe5493ad,00000836
3882d9d6-dfab-48c5-ad11-00725e0813f2,00000837
b6dd121e-d8c7-4e99-96f7-d8dfb467d957,00000838
78fb6ea8-84fc-4099-9722-ab744e7b6e76,00000839
4e7fd951-a5fc-4b19-9f22-8eeba99d587f,00000840
47c1269c-8f83-4bce-a8f5-4cbe2aab9bbd,00000841
c45835f6-4ca8-4fa7-abf3-17b04888be5e,00000842
83e354a7-7bb9-4d6f-9ef2-ae8e281c0432,00000843
56e7261b-8773-42fa-a95a-70ca8d004181,00000844
c73fd233-69b5-40e6-837c-7da4891d9b01,00000845
61934320-d552-4445-a8b5-0d9481d573ff,00000846
7b196a73-7638-4ab0-ae92-37efa0bcdb67,00000847
883e53e0-7b42-45cf-86a5-7b3c8599a3b0,00000848
2c3fba8e-450f-4a13-b77a-25f7999bf215,00000849
bfc02a6f-f264-4254-821f-c16229fa4212,00000850
31636e97-83d7-4e6c-be8a-b16e24fdb11d,00000851
440468df-0547-471d-8267-85588526c325,00000852
9b3f1bcb-26e0-4fa6-a84c-cb304071413c,00000853
7cda2c45-7b6c-4be6-8de3-7b6cb0cd19dd,00000854
d781ff32-d0c3-4876-88eb-a261f58a0681,00000855
cbcf59aa-a0f6-4af7-bd48-1343e1ec256e,00000856
92bf2643-ff59-4f01-8987-fef125a16399,00000857
aa1db2e6-7224-40b0-94ae-68ca659ce72e,00000858
dc6be041-f201-4cbd-80c6-a50fce9e2df9,00000859
2717b08b-29da-4499-856c-e6361b7aa415,00000860
a5d98f3a-f9d9-4a84-ac5c-f5fd0f249fac,00000861
41c26f0e-57a8-4520-87ce-912f68ade954,00000862
e7ee2bf1-fa0e-4ed4-9882-855e729c181f,00000863
07bd89c7-b4d2-4fb9-87b7-d5652e1cf052,00000864
67988c2c-6eb5-41e2-81ce-173a0b217cfc,00000865
9590f1bf-20df-412e-bf9b-76069052a3c3,00000866
708a50e2-e852-454f-b42c-dc52d2778819,00000867
a4509012-95eb-43a8-8afa-c9e77ad9b917,00000868
1459fe2a-95d4-415f-ab97-d4f4279b6e9a,00000869
29188b8e-eeba-4614-b08b-91320ad76249,00000870
689446f4-1603-4b29-923a-a98245e31d04,00000871
e4cc4ccf-b37c-4503-bb0d-813a4829757f,00000872
94ace024-feb6-42e7-a05a-d3aa0f7d490f,00000873
f4b1d30c-8b15-40d1-b641-a1618d88105b,00000874
cd45b8c7-910a-4edd-8fe7-9442cda2cb1e,00000875
001164c0-5466-4822-86f2-dcd2393a7ef7,00000876
7867519d-69cb-475d-8fe8-8a418669e506,00000877
3032d91b-28d2-4130-889d-8a6b12e41dd0,00000878
824105d5-5df9-4439-9b8e-031d95c99c59,00000879
25364cd7-6884-427c-a7ef-db68759e2289,00000880
21a02883-8f42-4270-9874-c1da86b42e81,00000881
c2bc8e37-3965-4fe4-81cd-8b06f286848c,00000882
ed40def9-5160-4d72-8815-98215786d551,00000883
e64c1d23-85ba-45d9-b7b8-eeba2dc417d3,00000884
e8f0126a-26b9-4cf7-81a0-e88ff18352b5,00000885
7e2831b1-a5f7-476a-8fa6-50f074e0f624,00000886
50ff7280-f2f8-4138-beed-a27ef943657a,00000887
15b54b14-180f-409e-9abe-fb9195301fd1,00000888
33bbdaef-adcb-42ec-a26c-9e6cd1658de5,00000889
8b6a7e86-f563-42a4-8566-45b881732b5f,00000890
eb9c2d50-7f7b-415e-95d7-6174d99129fe,00000891
9fddee90-2d9b-473a-a6f2-6ddd00459e70,00000892
9e906e07-1d7f-45f4-99ac-e3064bf3519e,00000893
b694f131-1f05-480d-8ec8-5197566a43d1,00000894
a909a033-7659-4ff5-af20-f247f0932a05,00000895
cc75019a-b6c6-493c-a8c6-0b3b9ee0b6c7,00000896
8741f5ac-9c21-477b-aef3-d8cfcec126b2,00000897
b11664bf-f7cf-4435-9b12-32ef95bb63e6,00000898
61efb104-015d-458f-9c11-3364c55593df,00000899
f7d304de-b696-4a57-956c-41f00b44b2a1,00000900
b8040c3e-a2a2-4472-9b74-f679ac0d6d36,00000901
a3c3fe13-a498-4e9b-a125-9591eaebe8a1,00000902
946c0334-a3f8-44bf-b4dd-cc940c40a539,00000903
872f08f5-10da-48fe-8c9f-b8fdb1dea10d,00000904
af3528d5-cb69-44cf-bf2c-4b4136083fe1,00000905
ae0197df-212e-4b8b-9dc7-84af4eaef302,00000906
e7245794-3e37-4c9e-adda-827d3f7f5c26,00000907
a52eb843-2c1c-41d8-b9c6-8ab30a2f2c38,00000908
b6f30203-fc2a-4ed8-869f-5deb29b31b8a,00000909
f021f09b-cbfe-44ff-9065-0225d8900efe,00000910
8a8ff355-f0ec-46da-949e-887788425696,00000911
5b2a3a28-3ce7-4d12-b2eb-591672dddc6a,00000912
f57e587f-86aa-4f04-8cf5-8046b32bf1cc,00000913
b72d2213-d849-4a67-8dff-5d2bf455c334,00000914
cc4d9457-a6e0-40cf-8979-c8409c1da1b3,00000915
56a46589-6c3e-48d0-9f55-62c9db38a3bc,00000916
bfe63b98-a146-417e-901e-588cdc17b57e,00000917
19dab9b4-b2fb-4c4f-b9e0-778ae2e6a5a2,00000918
14d96470-754c-47e4-84fb-1998b900d286,00000919
c3b4530d-f67c-483d-86bd-27233b33e267,00000920
16b93403-ffdc-47fd-b0c7-4bfafe69169b,00000921
af964ec4-bce6-4ce2-a61b-f540fa34c1fc,00000922
81b026e1-08ec-4141-9ce1-d54e3159f2dd,00000923
1c087b01-02a1-43c3-8aac-02c8180fd8f0,00000924
66d72901-7775-4d87-8d5d-d597728bbd1f,00000925
9194797b-2e25-44c2-8441-24fc69491d33,00000926
2fc1e8b0-a2e8-4824-a068-22a7c9505996,00000927
199a19fe-bc99-4b2c-9f92-6cce40194297,00000928
0e9e4c1c-c667-4a3b-9fbc-cf7cd2c044a4,00000929
0964616a-8ad7-4f5c-b644-756e4924a52c,00000930
8df3ec13-9720-412b-91d1-e979c77889ae,00000931
74f4067b-349f-44ef-9aa9-b4aa3a83c81a,00000932
969e75ad-2eed-45c7-8aa7-8e7bb4905fcb,00000933
439da047-c0f2-4bf0-85a4-80c9d08cdd4c,00000934
6744de5e-7014-4ec7-8c40-ad5f37adc049,00000935
ab4c531f-9463-43ed-ac0b-1e78d4aaa95a,00000936
4680c80c-4391-4939-8ccc-3450f3d52cbc,00000937
e9291485-d1f8-4b5f-b521-fc733092efcc,00000938
e1529f25-6770-4f61-b813-c60297c4cfee,00000939
7deaee5a-6267-4ab9-b54e-c4bae4807318,00000940
1dda557c-8fe0-4433-bf94-6f679805941f,00000941
c57b51db-eddc-4dc4-aa05-ffa4f9f942bf,00000942
a067923d-9a4a-4bb6-97ef-35b5a36f632f,00000943
302737b8-d175-42bb-8b27-2010203627cf,00000944
0371a7aa-27f1-4b68-b1a1-0343ffb7a699,00000945
4525f7db-bae1-40b0-9d7a-24908b683c73,00000946
d9e1a2ec-b22f-4310-9580-ea4f4f43a73e,00000947
494d1cf2-156b-4b65-a33d-b02da749915b,00000948
dc551f67-d5ed-4e93-92fc-6d23a9643e02,00000949
bbbca54f-2031-4b5f-952a-17cb97143190,00000950
6c018c49-ea23-4a53-b33f-79e76c8b2aab,00000951
217e1300-47cc-4903-852b-2c107efee1f0,00000952
44a20db5-0dc5-47f2-97c3-08301ac682e3,00000953
603a1f2c-f2e5-4862-9d2f-aecaf819b088,00000954
571cc260-1e07-4cb0-9fae-d3c54d4a0bf6,00000955
d3bf815f-a1ad-4da5-84ce-42a90af7a011,00000956
5c6f0b05-d4c9-4787-8f59-f321927dbd86,00000957
56053ef7-bd8b-48ee-b059-82baa132e06a,00000958
4f19d4a4-936b-400e-8a53-506f68d92260,00000959
13704cfd-8ba3-4fe8-a24b-53174bac53d6,00000960
cca2193c-83cc-447e-8801-055a95a543cc,00000961
30f0cf59-c532-403e-a742-a85e3136c3d5,00000962
eba047bb-2853-4d05-83e7-f74554f55ca4,00000963
de1989e1-eb5d-474d-a505-af6be7f764a3,00000964
40de2001-ca96-4280-91d0-e3c480f44f88,00000965
b9fd4e89-cd25-4551-a121-7cbcd894aee4,00000966
f09a259a-63b9-4ee4-95e2-dd0f9256ddd6,00000967
ec3fc46a-4508-4546-afb8-6415ddfe2395,00000968
5001d1e2-6fc0-4397-a7e0-bf30a0f27add,00000969
00accc21-590a-4c34-83a0-e1c545e6fd3d,00000970
6c72f151-a70a-4464-b881-06251bf39ed7,00000971
07c63482-36fa-46e1-8db2-8edecef05c4a,00000972
0de75e09-6eff-4416-9e6c-9ab959d93138,00000973
4f107c1f-3caf-452f-8da7-e43935aa218a,00000974
f428de26-93e6-440e-8813-f60ff4eaac34,00000975
a6d6ec79-4995-4d16-8eff-4144993ba4d7,00000976
9c9e2684-f309-49f8-82e2-87ce8191f0be,00000977