65075bb1-3a63-4446-ac45-dcb957f4beae,Maki
1d8f5bda-956c-412a-9f6d-30b4191c9bab,Feingold
03aa6db6-f8e3-4301-9548-6ab0b3ef2f21,Thorsen
2ac43d6a-3945-4d99-87ee-7a8281238572,fs09000000
1e28050f-1f5a-4f53-8561-68d0a872d9e0,Strickland
038b1d91-abb8-480b-8ba9-3a7d8e5456e5,Keenan
a3d9c6fe-8e2b-48f6-99bc-016a42b5ebdb,Houston
13aa844b-ca15-44c0-a076-129a8d8f0802,Mincey
6c12aba7-6810-473a-8aff-6f4ff755c3f7,Steel
cbd24ba6-e09e-47f1-83b4-675b0a6e9234,Cagle
78b3b077-acca-4c81-ae2a-d93075e63389,Terrones
23571202-946c-4e71-b989-07cd3d8e5e5e,Greer
42cf3f94-e470-4db3-bc3a-f1da1b730438,Whitchurch
d8b3e814-07a6-4fc4-9695-9470186e8320,Read
381ba3e2-def3-4254-a670-1026e35a60d4,Killingsworth
c8bc9c28-7785-4178-a6b3-a2ea88159de7,Bennett
f56b8fe3-73a9-4de6-8d28-8cd9902d276a,Camacho
0688cffb-2cfc-4232-8658-7fd39c49ec88,Scott
2b42a553-e42c-40af-bf19-c9b530b92cc7,Johnson
c8f5142d-3172-4ad7-814f-4d13b5bffd1d,King
6f5afb75-813d-42c2-ba1a-7f1f5f94d41c,Bauder
6f39d9ed-20c0-4478-aa4d-f19f153113fb,Orosco
ff9e2880-0d64-4712-8f02-7bada5896701,Rich
a713f52f-3e47-439f-9df6-76976bad502d,Ellington
535320da-99e7-47d2-ac3e-56c4c9ac6a85,Mendez
efeb84e2-d79a-4e74-beaa-5eed85daa862,Smith
e15ade40-9e88-4a1f-a60b-bc6c17876a4a,Roper
8888eb93-21c4-4861-8900-43b856d12a95,McKim
d70a82fe-98aa-4d71-8a83-35ec3e3c33d8,Donohue
b49c823b-6dd5-4427-91e0-d426884bf88a,Davis
3cc652ca-3bd2-4ded-b79c-1103df20dedd,Smith
9e072676-746b-4ccb-9ffb-5b5fac8e3b31,Arnold
a449e359-1057-4401-a20f-7c0a95aef232,Lunsford
54a4f435-b731-47e2-9570-e68f20e82a39,Lopez
0c900a1d-c332-42b4-a661-23cc713d2909,Lackey
818de47c-59e4-4c79-b5c4-e61a04edf912,Perkins
11d387b2-62ff-4446-863c-c2f94b347449,Reeves
031b6c4d-9fc8-4820-a273-39921d9f9cd2,Robinson
388e3999-ca93-4e9d-b620-5a91df0da7a2,Goss
594e8d0c-febe-4ab5-9b2d-acbed6c3b997,Chestnut
f9c48e5f-5215-440e-a2bc-48c33db42eef,Parker
fcea27f0-4d3e-47a0-92d3-53a97301ebe7,Vardeh
2c48b706-0f61-460d-88bb-6017cd8feeb7,Jackson
a06383a2-050a-4f86-bef2-e4b81229920d,Middleton
d4e84e50-b1ff-43db-b5fb-9cfa1767fe70,Roby
823a150b-a215-434d-8ee7-63649dd66e23,Puig
d6764f7f-9bde-47ca-a997-2134ab894bd3,Yelton
1da57a8a-2951-4d13-b79a-acead5f89f6d,Bowley
b9ea2a3b-c8df-464d-a30f-2143e35dbe2b,Alton
67b1dad8-943b-449b-92f9-c478f1da67cd,Rodriguez
796d86e1-0a32-4e8d-906e-37bdd4423702,Flanigan
c65fb86a-79d6-4ca3-ba44-e0b8cf875fc1,Durham
62e708c8-982d-4483-a0dc-bf4a88a4dd52,Gustafson
65a3ca46-e033-48d5-a33b-650d6c1888ea,Rose
5e346c64-2811-4121-a2b2-2d3734295ad4,Fernandez
7519f7e7-8f9e-41c3-92e9-ec7ada31dc9f,Desalvo
015620d3-1300-410f-8e29-9ba1464318f4,Jackson
8111c523-de81-4d9e-9951-a7d9631c2059,Peterson
be49b61d-f704-4050-a2a8-5221ca75faa0,Simons
51c8c1d4-6aef-4db8-a494-572108eafb73,Spenger
279859d5-73f5-4362-ae8c-e9b2a7897a65,French
5554bb67-57c8-4ebc-808d-49571e828f4a,Simpson
b5d9767d-e7b6-4e3d-b6e2-145e91ed53ac,Drake
43215858-18a0-41ad-8547-4ae12d67aab8,Arent
866fa72b-f85c-4bb8-8a28-f14599d873df,Rodriguez
827e8d1d-d26f-469d-a430-386608594ac2,Beacham
dfb8e95c-e363-404a-be6e-8592105894db,Yamamoto
54d48ac9-0485-49dc-9571-bff23347532b,Cazares
8cf502c7-2962-483a-be17-bc576d39f838,Forsyth
45b6a1a6-5c9c-419e-992d-41818b06d3a7,Lindberg
40abeb7b-956b-4d96-8e27-39da26b477a3,Kerrigan
4dd30687-dfe9-4e6d-8904-18bddd48e844,Buck
19ae5aac-3ae4-408b-aef1-a6ec37c99476,Waters
a7926289-f3ce-4e29-91f9-9999e5e1ea95,Jones
c830f72e-520d-47e5-b780-5275fe2dc6eb,Boettchertest
8246f9f2-4e53-4ea8-9183-c1db14de9f18,Czarski
14e3fa8e-546a-4c6d-ab45-a18de8a43aca,Knapp
ffb3484a-cd36-4f45-952b-2aaba87f0d2b,Gottlieb
4b7974ab-5e5a-4d55-8f0f-3cc38f10ddd8,System
85d12e1a-a10c-4001-a2c0-d62d0e41b316,SystemDataExportS
223f6d22-401a-4431-8225-1348d4b5a39f,System
1576d8c8-3a94-4c94-87f1-ed88795094bb,System
294dd469-5d34-4009-9511-642d7fe6975e,Richardson
f8487369-8032-4f7d-835b-352596afa6b4,Rosado
9a4e9b21-8404-437e-abb2-76998218ab73,admin
92c169fa-b3ce-4e59-a5d4-485ef983b1e3,Hemme
101abfb7-ee6d-4e1c-9bd8-a4ded216340c,Mattes
30e44dae-4c73-44ce-8ed7-b6c6a053ac71,Sußmann
f842065a-4b48-41c4-944a-cd8362a75c02,Damato
5d83f563-632b-4a6e-9634-2291fa36e6db,System
f563de5e-f002-4fdd-8e9c-374d5efd9211,Stone
abd0fb57-2201-4f25-9aa6-6a4fce972b81,Bayreuth
9612dffc-120b-4d24-84b3-661def635ae9,Williams
cf6544bb-1e4a-422e-96aa-0f5540bf23bf,Suprun
f8cacfbe-1ffb-4420-81a3-40d617ef5674,John
d28a1154-3939-46bc-a114-e03c62aeafe5,System
f20bb679-8ade-40e0-a72e-03ea7b966708,Tull
dd76b38c-d603-4ce1-b8e6-316521007ba9,Chaffin
8dcd99be-914b-4688-b05a-3374bec79820,Rodgers
9ca0265e-99ae-4958-ac0e-1a553d14ec64,Edwards
43100149-2b68-4045-aaec-fd1e00824f32,Karlsson
9959537f-33be-4f8a-ae6f-ccc7b548158b,Millar
22627270-6176-4a69-95bc-b8e646813539,Magnusson
1224669b-1367-4ea2-b1d2-ca6f696f1dbc,James
c96625a9-f3df-4630-b8f0-c7ba08417bb9,Herbertsson
422cd993-2c7e-4277-9d7e-7d2b81407d65,Smith
a2b3e160-e233-4394-a637-449306fbe137,Perry
9ac5227b-a97f-4360-956e-8d8d0514879f,Dinapoli
413ec5c8-c5bf-47e0-b288-8cf4387b2e6d,Powers
04feb8fb-da56-4819-b586-c185e9611106,Garcia
5af34638-f16e-42d7-8e14-0c4eef7de9b2,Tharpe
79303fc9-b583-43e9-8754-6d3f762abaff,Weber
3d4ea96c-c298-4e64-82cf-3af8a043a563,Brown
80c2e9cd-cd48-438e-8de2-b1b1a6701584,Master
ea7367e4-9c78-4a2c-bed5-2c0953ef6a6e,Osterhout
cbbbdd0b-97d4-4b7b-b5d5-6ed5d5ac5b8b,Reyes
e761e1fe-0153-4ba4-a684-b09c04cb7b33,Marlin
df973e32-f6a8-45d1-9750-0ab4396c46ea,Teixeira
b9779dce-fa69-47df-9a01-9bee83e639b0,Boucher
30e000ed-2c7a-4966-937a-0c5f113c8fb9,Hom
92833afc-74cd-4794-b35d-d7734ebbe49f,Bohn
9445f2a0-1108-435d-97b1-d011b8bae0bf,Zorn
5cc8e2b2-8c24-4a45-b9e6-0219dd693b0d,Palmer
e94e4095-4784-4c7e-8f46-4b4b941ed8e2,Welch
e233211a-30c1-44d2-8d32-f7d7652ca4cd,Keyes
01fc1c80-c36c-4ddc-bdfe-6721c6c0a5d5,Ramirez
82317873-5a15-44b9-b360-d982fdca689e,Pawlak
47d3a4da-59be-4d91-b52c-b6d47538ba6d,Schwarzlose
333f5ab3-4fa2-4ffb-a656-017e74657a48,Hamilton
9bcaa406-2842-46b3-9d12-aa732acfa26a,Carter
03bbcb27-1d79-4f93-a419-eb575eb44242,Reynolds
01b3e8c2-1f37-4f2e-ab9b-82103567a078,Beckwith
9f68fc1a-6ffd-4ecd-a8ed-cbc8016ccaa3,Coles
89498f4c-eb52-4ce0-b652-58fc74e2139d,Prieto
c5c40775-20ec-4edf-b68c-ac19bc31d4bd,Bowen
44d113e3-68b2-4f19-9e28-d8edcffcccab,Bingham
d3d02b87-ad1e-44e2-8b52-54713da589ba,Nickerson
d0e454bc-9def-4886-99df-e7aebb485c53,Schwarzlose
38fb51e6-31f4-4fae-871c-b07becfcf37c,Scott
9ae026f2-367b-40a9-849a-79e9207130a5,Forsman
ed1fbec7-0571-4bc1-9e76-e1cb0d0a7f63,Trapp
c3426afb-9db1-409f-ad0b-68be6908d87a,Arnold
cb1a5192-cb6a-40c4-836d-4be6146a3055,Logan
d9bf58a0-fc01-4364-a746-df1ba7173262,Cloninger
a5d88069-5dc3-4b44-ad97-cb70bd764dd7,Gandy
d24ecec7-a8fa-4d85-88df-4a3f8987313a,Morse
52976040-4e8d-460d-992d-f3c9418fd6be,Sörge
5d87957a-0ad0-4d7a-bb04-3521ddd3ea5c,Levenson
fc9b35d6-feb0-45b1-bd74-e25ec3cd12d7,Pierre
f0663074-c191-4485-8c00-945170f76cdc,Wingfield
9aed2268-aca7-44bb-b322-5e698828d6cd,Phillips
56d31033-ad3b-4ece-a21b-9ca4dfe64ca1,Cummings
a52419c9-6175-4044-be8c-cbe60cd7fc7a,Søndberg
b8ca0040-29c9-4b38-b39b-766294c566ff,Herron
91d85bb1-cf85-4f64-81e1-1d37072efe57,Jones
d8f727e1-5d80-4db1-8357-48fc681ad658,Parr
d0367694-c2af-49e6-b21e-cdf0093a9e6b,Whetzel
b7ea1624-9c5f-4d31-ab92-9b794b2391b6,Rios
df0a7c4f-afee-491c-8f2c-44a01515229a,Stærmose
3a3bbd08-4b65-45c3-b380-74de65890859,Petit
c8940972-b7fa-4020-b6d1-0d6ec76da72f,Reid
90127183-3f50-4d6f-bada-cdfa956f2751,McGinnis
fea608c0-e3f7-4258-b575-340c2c6553c4,Wotring
138e33ed-db32-4f4e-894d-4b3dd2875f94,Watkins
d42e032c-415e-404f-8b08-1fc2f7558681,Testfelix
34aedd8e-cf92-402a-9894-cc67346851a8,Peterson
253790bd-2f39-4030-8eaf-c5f62557322a,North
4d8146f5-82d1-4164-998a-902a87f71297,Miller
a8334017-bf77-4759-8920-cbbc56317608,Sutherland
6d221ff9-be98-4901-a3a5-6e4e35e2a04d,Garner
f0959139-9193-424f-9a5f-9dd745c8ec6e,Parker
64c7e160-c9c1-454a-abbe-abf2fc36b44e,Miracle
4c526809-1a33-4afe-8f8b-77e4ed062d7e,Möhre
d4bcc111-1256-40dd-b048-145aa3df1eec,Lawson
19b9e59f-f4bf-413b-88c6-54d1f5103a06,Vanhook
5a4a8902-4c40-4872-b35e-c48f9af926c0,Lewis
82046efd-9158-4081-8cd0-87692fefec78,Breaux
bcc9024e-c997-44a7-99e6-c8ce1554bf17,King
52df2130-7001-4c0b-8e6f-5e482a24bff6,McGinnis
f310cd93-06a1-46e0-b6e8-f8d20a527244,Miller
73c18237-051c-4e84-ad44-986b223ae145,Black
3e999ec3-2481-4163-bc89-0fd9d647d3f0,Corbitt
c4488af9-f991-412e-a96c-2205da98f4f2,Olivar
e417e818-2b54-4c45-9dbb-803e97a298d2,Benningfield
f86fb93a-bff8-4f67-9eaf-a53cad951716,Price
9f400258-6bd1-4090-8482-a8c9d3c0971c,Farr
968de9bf-2c14-44ba-8bbe-acf681eb2b88,Posey
1b264d73-fa03-4f07-ae4d-2cba40d45f48,Hakes
fb562174-5244-4521-9f30-b5baedd6f0b6,Hitt
8efaaf06-b5ca-4ed8-9e5c-18b79042ac83,Ivie
b967dded-c8e0-43a2-a272-48ac9e63c9a2,Martinez
a733a4f1-65b3-4719-91c6-7accc952fc33,Barron
62fc2764-33c8-4e84-be82-7e4747944b87,Graham
0b3c0269-a6fb-4d90-94a1-8e36d60e916b,Tucker
8ecebc32-8db1-406b-9850-4d34a42fad5e,Brown
1749b26d-f8eb-4661-bf7b-cf3d70731860,Brannon
56195340-1dfa-4325-89e7-f2cfd03f9c3f,Engen
8a13bb50-1aea-41d4-bc99-0ec14c89f987,Decker
cebc1c79-5ded-41d4-9b81-58a5b16ff0d9,Tremaine
f5fe6656-d0e6-42a9-ae77-f7a1f2b590e3,Hood
b9700530-9df8-442e-a4a4-b3ad9dd9ba52,Thomas
d1bfc24a-fe38-4d3c-a4ff-42f506a6f7b4,Pearce
4f0d6650-038a-432f-b097-4351082cd6fe,Brady
731382a4-1dcc-4379-b1d3-10b5bc9f2c2c,Costello
7e65dc72-4c51-48c4-8389-a5e07f54369b,Sherman
0dae4d6c-4d9b-4ff4-836e-936bde293ca2,Lawler
96a4d7ea-01e6-4cd4-95c2-ef0259c01f1f,Gregory
80862ccc-9108-4939-991e-72c2e127c0c1,Lopez
74331dbd-fb89-4145-9604-5c59b480988f,King
95f080eb-df62-42c8-b7d9-56e3aee4dac2,Wood
c11ce958-960f-4089-9afb-763bc2418e58,Hopson
58a4e136-fcfb-4503-949c-a20e87d06d2b,Tyrrell
0ae87355-bc2f-4992-a365-1e919e18a0ce,Boese
012fe406-35e0-4143-963b-7c31dbc44a5c,Chambers
fb1aa37d-9675-4ad7-b4e1-85a963eeb899,Rivas
08088485-2c3f-42d2-8d40-0748ccbd96a7,Thompson
4cb6c2a9-0e76-4fac-b635-b7b314e988e1,Layton
d0e83aae-2ed7-4534-a866-600d0438c0ac,Baker
aa68c423-c017-46d6-b533-7960fe767e5d,Castillo
51376a37-87c9-4dc8-8c35-b9afd9ea1c71,Prudhomme
67651f08-c831-45fc-9c9e-58fa76176254,Kamen
291bd446-064c-4b78-a451-6700c3f1d875,Hirst
18820ace-a95e-456d-9dbd-e3ab8a30a3a5,Saunders
7ab875ab-f5ed-4fa1-a77c-fbf7cd14be1d,Boles
a25450ac-a111-4f87-b6e7-27118839287b,Christensen
3f0eae63-8a9f-4233-b404-802a35161815,Cook
178b8db7-0928-412b-b33f-6dec89dc1bf2,Sapien
6cd90a5f-a974-404d-aff7-615177e2e35e,Colon
d739871c-f46f-41d0-ac59-c1342ad07071,Ellis
66b51ab2-ab2a-4f7b-8ad1-cac5c238a52b,Lobb
8d2982b6-51a0-47c6-9e0a-271846f31889,Bernal
302fd141-abba-4df6-a1b8-cba8d1aa01df,Grijalva
f5526674-dc3e-4915-a060-ed457a3be75d,Harris
ed7a0f38-87d3-433a-a585-0bc49aa5c612,Robson
8a107507-99de-41b0-b011-5fc5cffc3034,Henderson
76d95af8-d743-432a-bbe0-69ff3b329227,Harris
bdd96aef-047b-46f4-9dae-e976e0f44cd6,Moore
d67f459b-a34d-4a2a-884d-2455986e7a0e,Yates
18d6ee64-2187-4dbe-bdef-f7b99fb7a14e,Johnson
8c10941e-1554-4db0-a8da-2dc39314dc4d,Scheetz
e1419ffc-077b-4461-a51e-acac8f64c802,Butterfield
455268f8-5453-4e98-9312-f094f99b4813,Book
6f64a693-3594-4280-9a0d-01c7eb5af99c,Reed
fb3169a8-cf9f-47d4-8d05-b6755febd6a1,Vicknair
7c634aaf-c037-4711-b6b7-2ed44b9cea61,Brown
34dc99a6-f64d-4f8e-88f8-f4952c06c8e0,Ross
c956f53e-f9e8-4bb8-b9bb-ee06b54a32df,Marshall
b409b8bc-0855-45b8-bfd7-629ab08f810a,Ford
3c11038a-778e-4039-bcec-d03b63dda3e5,Williams
69a989c9-2eec-44db-9d3f-e7d25553f734,Burke
81c5c28d-86f3-4651-9e33-0a330d72660a,Lum
52ed38da-0052-4bb2-8a13-c66f88811174,Ayers
2449660a-d7f3-4411-8932-9bc124b39d69,Cushing
5b3862fe-2743-4dce-be14-4d53aef12ad4,Ward
4f689c78-b661-4b4a-b1cf-e5c060ac045a,Martinez
ac802691-52fb-4852-8dcd-8535c46bf79a,Guard
3501613f-aa11-4dcc-adc1-795bb03f8b59,Scheerer
b7d7acdd-a407-4f54-9421-c4749fa33e08,Parnell
23a2d255-993b-4d9c-888f-3931e2c71895,Delacruz
7e2e8951-b474-4395-8155-ec36040c3454,Clemmer
c4643ff9-bbd4-4443-9bbf-e770524964db,Gonzalez
6556ba11-b4dd-49b9-9990-b057045f5907,Shepherd
5ea80d35-ac25-4184-b541-58661f85a87d,Aragon
3beaab4f-0002-4533-ac88-b43184a66573,Hagen
3d706e83-1657-47d3-82b5-0720d80e2232,Cronin
61e4666e-a273-4f86-88a5-7ec06fa50204,Waters
3dfb2ca2-50f0-4216-8e58-23bbe601ba4a,Blackwood
ebfc1518-81a9-45b0-8535-b1c62ccf9377,Davis
d6f3272b-5cb9-4095-9bf0-b35ba1f114df,Reyes
04d7a4e6-c0fa-462f-b8f1-5dce9df88344,Abernathy
3a635f61-6c0b-476f-b344-62904d4e9101,Skelton
978691f0-a815-43d8-8437-f009bf6f6953,Blatt
9b821117-133a-413e-9e6f-3f19255cd2a9,Call
3b6e6f73-dd1b-4f4e-abd8-5aa19fe1015a,McDaniel
617abf52-0527-4929-8fe5-cf401dfc9609,Williams
3b82bf82-dad4-4fc8-8409-db99ebddbe1a,Smith
b3f787ba-f026-4069-82c3-05325c1f6654,Meadows
0c1beb04-0d42-495d-ac6c-7b7c94ffbe72,Little
83fe2463-07c6-4f26-9d77-eb27580e2a2d,Gilbert
c480da99-aafc-4a16-9d6e-704260cd3a43,Canter
513000e2-1f83-47a4-b0d6-f005cf4e4412,Powell
e18e0fc9-0f1b-4d68-b4a2-e4fea72ed3be,Kirksey
820bd1bb-e25e-41d0-b763-b96a9189e7b0,Brenner
a76b4a48-7f37-4f57-bf81-ea4e28e945a1,Burkett
10e2833d-9cb2-41f3-b296-27bd1880c1ee,Puckett
3e5a4a8a-3817-44b7-8e3b-b85666d643d7,Mackey
685754bf-59ec-4c3c-9aa2-8c0933d43888,Crawford
5082197d-f238-4df7-a95d-e32b579bbbbd,Hernandez
44c74ce5-f44f-4de7-9e3d-ced0e8575530,Taylor
c0199002-1038-44f3-8a67-a41485439dcb,Dotson
b4fee467-7b34-4f1c-aec7-218f4cd23532,McKinney
f565d3b5-26e7-4bc6-96fa-af6ad636eb8c,Snider
8bd43390-c2db-4142-bc50-ec6353ee1fab,Vanleuven
a746d12e-ab0e-4631-afaf-44a5e2a7385a,Lee
1cd5d444-e8ae-426a-b6fe-6655780a2fa7,Shuler
a322023b-4bf4-44f5-8159-7d5dd6396b6b,Powers
a0315a9a-1de1-4cb9-982c-45d169bd893e,Croteau
0c9dfc68-ef1b-43f9-8569-f493759b8069,Perlman
eddb72b3-2ffe-4a94-b713-f94235faae16,Young
d72f3629-8cf9-4f32-8f6c-a1adbca8da39,Grant
3ae08fab-17fc-4526-86b0-16fb322a9270,Smith
fac624ef-a44b-425d-b379-6f62459f00c3,Searcy
3cd9a0f1-1cf3-44db-80b8-1583dab81a30,Wheeler
e9c9eebb-30e8-4d33-a081-3ebcdb39f95e,Musgrave
314f1fde-6f4b-455b-93c1-342e8a7df311,Arenas
13c1b56b-3260-4bcd-9063-a47e816780e1,Tews
c3db2167-b3d0-4fe8-b45f-f8efb0d44c70,Wright
986b6f2f-ca22-4bae-a7f7-0b6ea855841f,Rojo
bf4fe8ae-359d-476b-9470-624a75c1a0b4,Michael
307f1692-7e9c-4387-aea3-b15533814561,Lockett
8b82ff94-4076-43a0-be98-65859c55f458,McKnight
5d77fddc-c723-4854-a030-f3641162f340,McDuffie
892a6279-19f6-49a6-8cd1-b2301c6e6ab0,Turner
d6e398dd-48e7-4d15-9d77-c63bf6a4109f,Moran
51498f24-f6f2-4f18-a765-0047f1cdf197,Blackmon
6ace4854-7304-4686-9401-ca0ecd24f688,Roose
a94c7843-7bbe-4fec-978f-e4f810ce21db,Allen
86b55973-4f00-4ce8-8d17-4566279c35b4,Garcia
006fff05-5378-4413-8a30-737836e4c377,Villar
d58f38f8-eb4b-4607-b48a-d7d4cb6c559d,Vaughn
891e71de-e015-48a7-bcb5-7f0c1089ee1b,Hicks
2ffe91af-d97f-496d-bfc9-dba54ab95c14,Bermudes
94802356-cb6c-4046-9285-a2f8d06ae60c,Danford
b49d4432-df36-4e9b-91d9-d450c178bbba,Harper
d258f4de-d496-4b00-9bdc-32542c4f8b70,Lambert
86f4de66-eff4-48ca-a015-387ac72068bf,Reinke
3c08ad1c-edc3-4b38-96e0-66cfa0a3ba09,Castillo
0c81a39a-9452-4c5e-b3b0-57771ab8e20b,Melton
44ee8dab-6ea7-4ec0-9305-f5330dbff3b9,Berger
ac6f62fc-297b-4e2e-8f14-af48d8b61560,Blake
bb5dd32d-a1d0-4711-be07-74bb5206eefa,Cleveland
b934aa1f-6ae5-4c42-9a03-9a8253d93986,Wetmore
50a73f67-7820-47ee-8d8a-ab2fdb267ac2,King
e17ea810-2bda-4ce8-849d-0d835411bb4b,Sacco
8640c3d3-a93c-41a0-9ecd-0d7b2133fa74,Thames
e2c2fe76-c692-40d7-a559-413041003699,Collins
aa7ddf8e-4a60-4503-b5b3-307528dc47eb,Wright
8f488792-3d23-4035-916f-0c22ebaf9dca,Caballero
17702414-6162-4622-aba2-1c4045463a1c,Hund
f0344b48-1568-451d-88cd-0d254b4b6c75,Bridges
38b726a6-b5e9-4dee-b9e2-26f7cdaccd07,Wilson
2cb554cc-e0e3-47a9-b35a-95fbc50c6ad6,Schneider
863cdaee-06d5-4a97-bf59-3d9caa88fdc3,Moyer
4d43c4a7-16a9-4939-b1c5-eff81f83bea7,Marcus
1a437f64-c0c8-45d5-831a-3b0e331f8bd5,Francis
7c2fd6a6-f722-4e54-b039-250740133f22,Bollinger
9927419c-1b0e-44f9-beb0-f4771fa671e1,Davis
2ad1ab97-9429-41f2-8cca-a617c9359bba,Kavanaugh
ee58cbd4-1b40-4d12-9815-1c3d06f05225,Kappel
59fb1b81-54d5-41cf-a5dc-8aaac88f403d,Compton
de52d230-003d-47cc-b5f4-e62191cef4e6,Williamson
00dcade5-a9d1-461c-9fd2-e1e2def4f660,Redrick
0df10a8f-cb56-4c7c-98e9-e5dc065e143c,Bloodworth
dd33659e-062f-4664-a250-8391f32ce1d2,Sparkman
b9ecb781-8e5a-4d58-8ea2-20d93b235075,Magee
a67f01ee-ebc8-46cf-a2cf-589357d62abd,Stevens
876abfc6-2749-490e-9350-7b054f1ee644,Oshea
4ef4a5d6-8933-46cf-919e-6e25ef6f8b30,Melgoza
080c1d48-026d-4595-91f1-b579d2d9abb4,Rodriguez
d9cac43f-741d-4b54-8acd-6a70d2e552b2,Thompson
c12ed632-d662-4798-9d96-9956f06970af,Barker
485dea24-e385-4ec0-8136-bc59512a2810,Jackson
8f42f7f0-67da-4c7b-89fa-19a567db76d7,Glover
01da574c-3d1c-4931-8156-4999ce79ae24,Talbot
e797cab2-f713-45c6-b32c-9400aa315bc8,Blair
87acccba-67ad-4f3e-93f7-48623ad71236,Martinez
1e990f3e-ad16-4f9f-a015-76a7750f992d,Frausto
e729f308-bffa-489f-b3c1-db16c0975ece,Zamora
52b27de1-6bf5-4e1a-98fb-25f6cfe67030,Sampson
66bafe93-cce2-41fa-b7ec-0b59cefab993,Conner
ffcecd54-1662-4ae5-8163-a51bcb92eae9,Floyd
c6e5a2e1-13ff-4724-ad79-7da3f656a50e,Fitzpatrick
2d43348a-9767-48d8-a191-b168d0c2ba28,Weston
1694a3c1-0b4b-463b-a822-0f7ccd84177d,Hall
b1970d0b-b8b5-4e68-a4e9-e118dfd54824,Mercado
875bb426-e82d-44ed-b7dd-ab8ab86c5d40,Matos
875090b4-2117-4766-b63d-5329f3d4c8bb,Delatorre
3a9528bd-bc52-43f2-ae33-a67789967045,Davidson
a4c2f53e-d698-41ff-88ca-e668b1bd0a90,Snider
0b24d019-32b7-47a0-a201-76831efca541,Demarco
229a1d63-b25c-4929-a730-7a8b9b68cc30,Drake
2b020018-0aad-4d67-8e3b-abbf41fc3fba,Walker
5e6e7280-6c3b-4a3f-a750-37a77a75cd5d,Kindel
96fb56f4-69cf-47c1-a98e-0ceb1fcc8568,Wixom
fd1ca8c8-de3f-40f5-9c26-c102b36dc53a,Avila
35026899-b099-4f84-b3e6-6908b5371ce1,Dutton
b28420a5-850c-426d-abfc-f1d03ffb3048,Moreland
16f45c40-6d07-4552-be0b-620baa77c4cc,Brooks
b9c3f7d7-3ef4-4a88-b240-ca0949d5eebb,Bufford
fbf10f8f-8a7c-4a42-ae6a-d21cb9a9e263,Aguirre
1b698196-b798-4845-a2af-d8015a3e2c02,Curry
822a6f49-ea0a-4821-80eb-55c8c17786bb,Gholson
0f04f3b0-e523-4b5f-a855-9a9d228c6934,Bean
ba726ca1-1748-4ffa-a5b9-3a5fcca5bba8,Herr
f71ba2d5-c49f-487f-ae63-725c392408e7,Vang
17d8b43f-45e2-4e46-8dd0-aa0db70482da,Lamay
2b2a5a18-2e52-49ad-bd35-0cdfd9d11a3f,Hardy
df17b4e1-96a0-45f3-9447-c94dac214908,Garner
6434bc66-eb3e-4e7e-a880-6167eee5ab6a,Martin
8334b912-c293-4e8c-902b-f1342ec41ebb,Cunningham
5c672040-b82c-4d7d-a701-1f4fd5616101,Massey
a1ec72f9-0860-43ee-938b-0a2887ab041e,Rose
d5862699-1888-426e-847c-1250a388072e,Hawkins
80e4c43a-4828-4c71-b26d-4223c15a5d6a,Vandenbosch
cfa2e2e3-d857-451d-aa80-66173708c472,Davis
2416ddbb-07d3-4944-814e-bc19cc9def60,Ferguson
73d0f460-bd63-4a0f-9b75-66a53e17431b,Mayfield
00614570-ef31-494b-948e-e8f805601c26,Coleman
c112ed9c-be10-48dc-8fdf-e5768aac460e,Key
bc55134d-ee8b-4478-b6e5-645a38e748a7,Fleming
cac255dd-d43f-4ec3-88bd-d223aa4abea3,Graves
1e0d4fd0-a43e-4e1c-95fb-9bf3d807d86f,Campbell
253d5c82-048b-4b72-a895-8b2ad94af30d,Dabrowski
35ba027b-29eb-4224-8ab7-922f93d402d6,Drake
1e31c3b8-a1c9-46c9-9a4b-856797840fd4,Robbins
3e2a49e0-accc-421e-9567-483452879f9b,Barnes
eb2d6b67-b9b6-45aa-8d7a-f7712fe3050d,Guess
2f7ef35b-51ee-4c76-bf9d-9c6e1d9e3628,Stalter
fa00e6c3-591c-4b0b-8385-221a65547233,Bearden
d6fba114-e6ae-4b72-a077-7255191fa132,Martinez
0f78a822-55f9-4ec4-b6c3-c8625a4d5c2e,Key
12340e1c-0299-40b8-9221-b2cb974f1218,Leis
b6f0cb6e-5c24-44eb-9484-89e5b80b2a8c,Davis
154273a1-124c-46fd-868b-760a8ede9a45,Brown
9d3b8350-61b6-4ca8-9ce9-92cfc56b7115,Banner
76967d5d-4d5e-4c71-8904-30bb613c7685,Jeffers
0dda500b-bbe3-4995-9678-5513e146b5eb,Jacobs
d6992d33-2d29-4db1-8a35-4788d3e82647,Sneed
1f7318d2-5de1-43d3-a76c-08d589f37244,Greer
8ece90cb-41ed-4651-a56d-05908eb00c51,Harvey
0e14d1f7-d7cf-46fe-a542-e475a1ce3187,Hooper
b1c2df6c-1f4f-49d1-a0f9-3ebd782295af,Mann
1a4c7230-de53-435a-9a1a-7033934d81de,Ritter
c2c2ca2b-161f-4aa2-b4c5-fbc994216a32,Manning
eae6a90a-296d-48ad-943f-fa16515fac67,Callahan
5ee663ac-90fc-498c-bb82-f675a03cea92,Johnson
f1c024eb-e1ab-43ce-b97b-cd9b26105d85,Johnson
e78402d9-7a5d-4b8f-bec4-0f2b409fabb6,Berg
66283231-2bfa-4aaa-b946-d2acf93603fb,Williams
bc4a61c4-9994-488a-a03f-cbc685f2e927,Harder
1582d192-c677-42bb-9fa6-9d402c86eef0,Harris
b4550140-e510-4804-8311-89e2409d224d,Strait
eea84ddd-1f40-4113-af73-5f19caaef609,Ott
3f527e2c-63e6-4244-bf61-034a85272c3f,Walker
27a518af-200b-4fe8-9d55-11995176d0ba,Sims
2f61cd4c-59f4-46d4-a058-9575f674e1a2,Scott
394ebb3c-d3f1-47d8-a394-f89f6715091f,Healy
114798fc-9e45-4377-a487-def4d867e749,Konopka
6e87cdba-a6dd-4349-aafc-99f9a6640cc4,Robinson
e099926b-86fe-4eb5-8b1a-4a8bf0e5bf48,Libby
f9a74f16-aab1-4a88-b352-3634cef4b8e6,Beach
da6be507-1b84-47dc-af86-9d684ca23b43,Eickhoff
d341ec2f-dd57-42df-808a-6022f051f077,Sowder
742714c6-b784-43fc-9ffc-95987be0a8aa,Hayles
adda90eb-b46e-4bf4-8460-950d358a34b3,Hill
34586d0b-150d-4338-9492-a1ac2bc0f911,Stevens
0b025f27-fa49-402f-8f4f-a0b7deb63c83,Sparks
04b3e684-486a-4ee2-a3f0-4ff1d8e67c79,Schrader
955a6510-c12e-427c-a289-fb5d3aaed7a0,Fisher
0c80676c-bced-488a-a8da-22976a7d3998,Machin
e43f9a11-8dee-4d2d-a86f-fcb09471417a,Soukup
f308c7d8-63e8-4277-96fc-9421ad7a6467,Ratner
3590ac37-c392-4913-b80e-26f7bae63744,Zurita
069bb839-3622-4adf-bd43-1f6b8075ccca,Harvey
d5562360-8f26-43ab-aa70-a7373604cf11,Randle
7882eebc-81df-4b76-bbc6-abfe932ad04e,Dejesus
4870362c-8f4b-433c-9559-f1c32df4def9,Arellano
f593c40f-2b7b-494d-af27-88cb143253b1,Vallo
fc6a1fa3-70a9-408a-9743-044c03800ccb,Rivers
82bdf7c8-066c-4875-9ffa-b0db92d00aa9,Meyer
5b4e3484-4cdf-4220-89d9-bce2f0bc9bab,Lemmon
29e1418a-83fc-4de9-a9ff-be93493e8968,Harvey
910904a9-237e-4219-873f-2e60f68261e3,Johnson
ca8d4fc7-77ad-41f8-9a6c-4ae50cbca602,Washington
0b8facda-ed82-48d4-9533-4bf07ee56198,Goldstein
684c8177-4858-4a73-bcd6-1a43d8320319,Stovall
75fb7987-1c3d-4b34-ad1d-dcc01053ee0c,Steele
c64adcef-a109-4f7c-a3a1-2cf8506ab72a,Whatley
f883bab3-ba1e-4770-93f4-d248170bcb2a,Sparling
e47e8b5d-de77-4e2a-8338-b96006f68212,Crandall
48378fae-1b65-4fc3-bed7-8ab026d6c70f,Whatley
d3202e4e-e6ce-4c50-bf98-ef3a0ff173d4,Gibbs
29534519-188a-4a5d-917f-3f36dcf5bc2b,McFarland
04589332-23d8-4fcb-a24b-6b3a134d4eb0,Duncan
053b0814-c275-4760-a1a1-5cd7e63eb7c3,Robertson
5256a81c-9363-4166-aff1-cfe825598068,Baker
e10a1115-d9d8-41f9-b972-35a791d5a78e,Riggs
4a0784e8-33c2-4316-9681-f0783023e982,Murray
41cff09d-8384-4677-910e-c5bd34945b7f,Serna
e47c9128-d845-47ae-9eb0-5f6e280d0c78,Christenson
4e95d403-1b8b-4cc6-829c-5a541ed84593,Horn
834fa5b6-42b9-425a-917b-cbf2dff5cf24,Salcido
c7a5713e-fa91-4a43-8208-2b5a45a2137b,Haase
2690a845-5b27-44e9-9cb4-990199cd0f7c,Contreras
8b825f86-7bb0-4d99-9918-a898c0cf7886,McDonald
4aad06d7-8331-4daa-b954-ca289d38226a,Wilson
f3480a08-c637-411c-b349-78528c33c99b,Young
aab0b9b2-33fc-4475-af45-65f2eeae1917,Mayer
b750ff3e-5f51-41f0-b5d2-b215e57b786a,Moore
bc67c414-68b0-4d34-895b-5ccd8e56f490,Smith
9f6629f5-6ef8-4047-96d7-cf41b8fc7364,Lane
07688ec3-ca51-40cb-8620-6dd3900d40e1,Jennings
56233918-12c2-4364-ac5a-92abc97cd3fa,Perry
cea608dd-c398-4177-936f-bba7b4a64ad4,Martin
285683d7-52e3-44a8-8138-b41d93f70ec0,Gilbert
1f0cd0e6-eab5-4b0f-bfa6-dc733b13e121,Ballard
caa5416c-3e2e-4d27-bc32-d2212c681ac9,Atwell
70c6e8ba-326b-41c4-866e-ab0e0718ce42,Lindsay
f912da62-49d0-4dd1-ab9e-0c1b0abcbe92,Simon
feb21588-fb31-4b11-92c8-aa5b7e300d07,Kenney
8b832458-c3fe-4808-b821-318c4d5630cf,Maxwell
beef4338-5e42-4ce3-b010-d272b2841d6f,Somerville
8f5b1f2f-5c56-43ad-85f1-cfeafc28b711,Lockett
e14cecc8-8385-448e-81cb-1b9ce01b887f,Freer
0fc003a9-d437-472d-8a08-8d59d3f13d80,Webster
4f73b71d-217f-4e57-8cc6-a7c0cc27e6b3,Bethea
0ce3b44e-c5da-4a13-bdad-bed0dbce93ad,Lyman
a05bcf92-4d2f-46ad-ae3c-ee8f39732919,Hunsucker
8811433b-6c8e-40a4-9670-1f4fd883ba97,Conroy
6ffc064b-41df-4318-9064-13961ae3f510,McCloud
0fd30869-df05-4807-b16f-6b5b329a584e,Jackson
aef1d97a-cfe5-4655-a6b2-664a60beee61,Buch
39df17c9-fbbb-486c-9d39-655a805ed333,Burnham
12ab113e-f0d0-4476-b3f7-58544a6fc65f,McClure
7cf22e90-2683-4278-8348-1b8edf642d43,Jackson
2022b205-44de-4104-9f65-fd9ef52c7ca8,Rivera
7f6a415e-3a6e-40be-980e-2f71192a7bf5,Hughes
5f1240bc-5d8d-441e-815d-9cd600ca0e43,Morris
fcfe6c78-11d9-42ff-980c-3513af65bee6,Smith
5d1154ff-c0d9-40e4-b3e4-c674d18f4409,Casillas
6b3079f4-6e01-4d56-8163-d08f8baa2058,Adams
d9a2abfb-b114-4e5b-99b6-5de8ddf70cd5,Louis
2feaef4d-349f-4c59-b485-bd57cb1610b9,Yates
b084850f-f926-4684-ad1d-0ddfb9d5efd3,Castaneda
114f1349-3e84-46bf-aacb-e17615b6e3ac,Kauffman
a77fd994-b2c6-4a1c-ae12-87559d7624be,Hurd
7825213c-6068-4878-a018-30672aa03396,Dang
e1870ac6-d053-4fd3-a7aa-f53e29795adf,Rossi
6c9d56fe-1af7-4f02-944e-e5daa0aa1486,Grimes
7b52eac8-9062-4660-b793-b8251b9c6143,Quinn
c46902c5-95d0-419a-9027-27a5ff9e7037,Wheatley
937005ae-b5c4-4b64-bc58-d21b8d5fc397,Baez
30a24f60-dbc5-49b4-9edb-89edb2b0b693,Enochs
87918c2d-4653-4246-96c7-4d760ac478ec,Wash
63a6a0e2-92df-479d-8997-50037b101879,Smith
489a83a8-6f8c-46da-afb4-ff7ddb03aed3,Russell
8593ea2f-09ff-4256-869c-155266b4f6b3,Moreno
4ab2e53d-c6dd-4cf8-9407-c61c08edd2c0,Lebo
d23ff791-d4c9-4308-a973-e6a63abe5403,Moore
e76d4fee-3a2f-435e-aefb-65e2efe7b4c3,Hughes
f4b9f6af-b395-405a-b3b8-cfb4c26da723,Chen
de6efdc5-9eb1-45d5-ba06-56e2f853bd1d,Hopson
9fca089e-5c9c-4d77-a6d7-b0fb9a7922b2,Rodriguez
3d3cfc53-9f27-4cf7-ab81-14b091404f1f,Lewis
3d44b0b6-7119-4f31-bbf4-60e4d98e3bdc,George
b361d8bb-9543-49e7-905b-80f893445e1a,Jemison
19fc0e4e-e0ec-4ce0-91a8-0d13fd22db1e,Thomas
c877bd69-fc5a-4d98-8ec5-378e8203fb88,Phillips
99d5f44f-7758-4b0c-b709-d715a451ddfd,Jaeger
8df7da68-568f-4c66-8ec5-8c6bc4ab292f,Fair
db5996f5-0424-43a2-9665-f03c43b87fbd,Brewster
59a819e4-6f30-4327-a53c-a11db2a26d27,Edwards
f87fed36-5b94-4a6f-bfe8-3e99bd902750,Lopez
ad21327e-b3c8-40ae-b873-2426e8e7ab11,Cervantes
8adfbaf3-cfd5-480d-ab1e-ee05a62c5c6a,Rowell
7388cce8-3375-4586-ae23-9be9dc21e4e7,Johnson
693bf99e-a17b-48a3-bac0-c244bf2c184b,Barlow
3288c641-704e-48d3-a3e4-59c925e4161d,Robinson
e7002630-fc21-4ee4-bc75-1c4d27e2de3d,Brown
b7aa9651-af0a-4502-abe8-281a1af69ac8,Hornyak
33284690-1ab6-4676-9702-d97ee5f19bbb,Stott
6e09e33e-6cb8-46c0-bd09-21daa4588edf,Hamilton
70c273bb-5aaf-43bd-b90c-8cfcc60b9bd1,Eder
025ce1e3-6773-4471-9a37-3b76a4775d35,Baker
093e9c4f-85f8-430b-9133-e0cdb4464586,Lee
b34e059b-3afe-4eb2-a11c-4159342c969f,Wertz
61bd489b-a2e8-4592-974b-ecb7d46621d3,Ford
ffa7c955-67fb-4037-b08f-51f7647de93d,Roberge
626d2559-314e-4a2f-a926-66b8184c5475,Mohamed
f85fe3d8-9eb0-4085-b727-2b1f73e95e6d,Williams
b41e9145-d97a-4d26-b96e-ee0e6890c5e5,Fuentes
e7abef85-f2f5-4cc5-ab5b-a15fbb6814c4,Rocha
bfbd4ab8-f064-4745-b5bc-cce30beb18d2,Garcia
f6453689-84af-4e28-b39c-be8cda97b401,Bordner
b1ff1341-4ea0-45e2-9c1d-f548a659e78c,Hardin
3827efc0-7471-4b49-ab3b-07ae5d226c92,Lopez
6a806f9d-16f9-4ec6-9399-185feebe8fa3,Kessinger
9bfae785-6635-498e-8709-43450c420ce9,Joplin
d4fe72ba-cdf5-4c89-821f-239b6d4de5de,McGhee
db2cbb6b-54c1-476a-bec2-302ceedc9587,Couch
3050b2ad-ee67-4733-aacc-0acb16ad8495,Lawrence
a39143aa-4229-4f7d-a5c2-e504582dd4d1,Wallace
0bef08fb-112f-4cb9-9fa3-727f55606c2f,Simmons
cabcb8b4-68c8-4be7-8ccf-47dd3f4fd618,Ross
b571a4b8-780d-4918-9751-40650ddd664e,Thompson
e104eb86-7ea2-4dd9-915a-21d74c3a79fe,King
5f09c944-b131-4173-8588-0668b37fe5d6,Stamper
c4de4fd4-9ac8-4154-b50a-d5049e97d947,Torres
0bf20280-71b5-4de9-bbe3-be36032571a0,Robinson
f6d0e89d-98a2-4264-952e-a21d02892932,Cantrell
faa53fbf-1fb5-44de-b993-dfac426fcdd7,Coleman
bdf5dd1c-5b95-470c-a5f1-32d3b4ad3ec2,Thomas
f492378e-b7ce-45b8-b1d9-76b4686df96d,Bradley
e8b713cd-168f-4ae3-a2bf-bd5b081ffd1d,Smith
a031212d-4fd9-4fb1-9374-4842df24ee50,Pickens
a3b9a1b1-5d63-41d6-bb08-f567211190a2,Hughes
eb9e29da-1f56-463a-b012-80ce4c524757,Weber
ff96bb90-25e4-4acb-b651-c4da5e487279,Guerrero
8597fc61-6d82-4da9-93a2-af9b11873e86,Shuler
b8f0f865-c3df-4557-bfca-7f18730f28e1,Ballard
addcc7f1-3475-463d-979f-c96d6c95b326,Shepherd
228e1139-2440-437d-994e-3faaa2956236,Okane
64f93e32-562f-4ec5-9759-7492f607dcc3,Randall
52da6326-a03d-4617-9ef4-e5d4dafdb0a9,Jaggers
93987556-8c0b-4301-b869-244c9a9a9a45,Krull
fa1c8f19-5102-4fad-b9de-ed48b04e5de9,Washington
ea050bbd-1c24-4810-9216-de9f9c1a4053,Orozco
850038a1-bdfb-477b-9a1f-342210018d27,Woods
084a42ef-25d4-43a5-9cd6-9834645f065f,Brown
5e7ba15d-493b-4511-9c21-3de9d169e84b,Carlton
a2eb9726-6807-4468-ab1a-2be9645f07d1,Keen
dc1dfbcd-1f82-4b1f-8155-457c522bfa70,Whelan
c0fc2bfe-5439-4555-8250-8a273f76f09f,Jones
ecdc7780-be19-4101-9c5e-1bcf20a35070,Wakeman
a0f43fbf-eb4b-4bb3-85f8-bca9ced248a0,Bober
103fcb6d-1849-4cc1-867d-20fd591e2767,Happel
39681152-d83d-4393-9efb-0ffc268f4681,Lemon
ac603eee-b68f-4b36-8c63-6f56d5349520,Garrett
873536c1-d625-4d15-8e00-7b9e7f0bc78a,Baxter
4037aec7-1c35-493c-9e54-e67ea3595c49,Wallis
c498e268-4b56-40f4-99e3-7e661d3729f7,Centeno
da7f953b-174b-4a07-ade3-638c147c0701,Hartig
01d1f7a5-e85c-46e2-b38b-4e7da28e438c,Wells
90f33741-4f81-418c-806e-04c3033a7fe7,Dickens
f5a8e259-128c-4fc4-aaf7-a6b7415a4088,Williams
2d8a958e-4835-434a-bfc1-4efee29262e9,Mahan
7f0af07b-b45d-4739-9827-a0f89d901172,Hornick
0ce9734c-f8db-4224-91a0-c8c20318e9f4,Johnson
9edeab71-cf47-4d6b-857b-9bbf42a5106a,Buzzell
970ffc6e-5d9b-4534-b68d-88df2db4dece,Shoemaker
a7bea1e2-f982-403a-9090-63bc58d0d4ca,Puente
2412903b-c481-47da-b1f3-f01a90dbe819,Merino
130e8664-7ab7-4e17-b8cd-8b2fa73c886f,Waterman
245ec74e-5c2a-4f5b-91cf-7e76e5df8a48,Hall
3a615e98-342f-4332-83c2-181bf5f6b979,Dean
d6162005-9496-47ca-9d22-0f5558aed7cc,Essary
d46c6110-1645-4b46-baa9-2e2adc492eac,James
1e61e243-7300-45ba-a1d0-f26aba6d1287,Gilbert
e33e7ccc-18b3-4c84-9fca-c6a3ec75dfb0,Castro
6ede8f75-6e06-4998-a138-3bc9fb5ba37e,Tiano
928b6bba-1b20-4caf-8a3b-b98c22ec5172,Hudson
409c2021-1725-4a8e-b1a1-4d1e3d85a8ed,Lesniak
87134d4d-93f5-4563-8f2c-abd8b097b739,Alongi
9f577a4f-a4f2-4cbe-b12b-8d300f0b65bc,Nash
fc5cf1a9-fcfc-43e8-a2a6-b24292219037,Long
dfbe81a5-1300-44e3-9c6c-1c1c9946855c,Edwards
6d4fac93-e195-4744-9fd2-9e238da3cdbf,Devlin
e6358f23-d6d7-429d-b4e5-1d295a43f331,Salas
3be5c59d-f86b-457e-862d-9a2fe7e32911,Edmonds
b95b40d0-acd5-47a8-a3c8-e4e564570c75,Ohlson
888ffdf3-66ea-4c80-a1c9-7f978e543815,Alexander
b4bd2b87-829b-4c18-81a5-0b8b6f3d19c7,Turner
12e2f46f-f653-4764-b5b3-a6a2637a2104,Hoggard
3ce53f43-e37f-4336-922f-6e847dce3100,Hyde
439ef80e-813a-4144-87f7-1e2d3a457eea,Pylant
bef6933c-1c24-4c10-a5e7-53b36ec598c1,Yeager
6b765294-0901-4cf3-9936-d5f570cf073b,Cabrera
b441023d-fbd8-4a66-a3ae-0e6b2b71bb50,Judd
a7c553cd-c501-4522-9664-b66457b01bb1,Wood
951065a0-a6ac-4c17-be76-75a36171c251,Damico
d8d20fb2-7056-4fb3-ad74-19c45e64fc9a,Taylor
7ed736c0-d5c7-4016-aa42-675107327e14,Devine
63a71e7e-6045-4b47-93fc-0212f39349f2,Meyer
5492929b-7cd1-4075-b00c-d6235683213c,Leonard
8968c0ea-def9-4064-9822-f196ef8ffca5,Tower
12f74578-8dc4-4894-b044-7108e0fd0bd1,Thomas
4b2717f3-de4d-4ad8-af90-2acd339cc22e,Rubin
04dd19aa-010e-4059-b561-ff73c3d94478,Snyder
672e7525-b7ce-4635-94e9-e840461a3903,Elkins
6d3c4e1a-54ad-412d-9352-76d38f0c053d,McCombs
29d8f7e1-a292-4ac5-ab26-9102610553b8,Bauer
9787d3bb-b1d0-4d23-a448-7c3420e460c2,Roche
82c8e579-317e-4178-b9bd-3314c6cd05d0,Cooper
262157cc-381a-4dcb-ace1-22a6ea384d5c,Land
dc4e64c1-e9e4-4119-af06-5f3ee8551bbf,Graham
d19653bf-eb32-4a7d-9a33-b615f37664ca,Gardiner
bfbf87f0-0f3d-40d2-8781-9e78eb309c7e,Lee
5d44a12b-4497-4fc8-8ecb-3d37ccd38bc3,Cha
20e7cbca-e75f-4ec7-b77b-365a0690e869,Pierre
4563e5c4-75ae-40b5-bf96-539871804a7d,Basel
0a2aa127-de6b-4196-a5bb-d45903ff1957,Knight
793dbff9-1c1c-421b-bd09-2d080f8d6b11,Cooper
24a99d51-b15e-4998-9cd4-be49c0bc4c5e,Johnson
ec3fc46a-4508-4546-afb8-6415ddfe2395,Bass
d48d870d-cd46-417c-8fc8-620021cf264a,Correia
2fe1720d-39eb-4eb3-bf39-73a307acd675,Thornton
78665496-7db5-4c1b-8ab0-1646c0102b09,Breuer
90ec4603-7d71-4722-be96-66bf999d16dd,Chavez
59abd50d-bc2e-4656-b548-88dc8fe387d0,Rogers
0a4649a5-0a4f-4279-a301-201f818be2b5,Davis
740956b2-7eee-4551-a793-012de6c32694,Whalen
4b0c2c5c-e84e-4a1b-8acb-2ec6363da747,Lujan
bc5ddcbe-b466-440d-ac74-dde39db1ce17,Legg
b31707d5-43a3-4a96-a894-7c0c354586f7,Clinton
7299bb83-b26e-4b44-9064-5699ccd1ffd7,Lewis
30f0cf59-c532-403e-a742-a85e3136c3d5,Durrett
40820ce7-56a7-4954-9df2-d72606338733,Rios
e5aff868-c4da-47e2-8e78-82f368780752,Shockley
d420286f-ac1f-461c-8409-d1de6a4c28e2,Martinez
56a000a3-06de-4d72-9d54-d404d7ee30bc,Cox
ec4842d1-2e46-4bd6-9df7-86e38ea91022,Railsback
b302eb83-a068-4b7a-a48c-d3fc38a39b38,Wright
f5f6d1c3-5012-4103-a709-0ad9962385bd,Karn
c23789b5-8f3e-4bfb-be0d-5c8cde0f6e0a,Stanford
f8305957-08ff-48d6-b629-0c99bf2297ed,Wolf
71cb15c4-c323-4d7e-8f9b-806d76dfb656,Harris
22e76c14-5ca2-4849-be56-f849b19533bc,Latham
3d9fc4d5-e36c-43b9-8ada-b4248d2ac5b9,Chatfield
fd78cd86-f0bd-43cd-9a8e-c90b5119e314,Ruppert
5141c0cf-03d3-409a-b5ea-29374f1b287d,Coleman
20f41228-cf58-48a2-b8d4-d1c489823176,Regan
9614476f-0c2d-4b59-b579-ec28a829ec65,Oldham
d6c2793c-fb49-4e6e-9bcc-ba9b04562fc9,Rivas
4ca823fd-bbe4-4f3c-bcd8-ccebdb19c5b5,Anaya
b303bfc8-1444-4109-b378-8bb78b4dda43,Wallace
cc31a449-799c-4275-a300-1afa3f5966cb,Rice
798a12c3-35d8-4f31-b93a-bd3e608c6a4b,Corkery
c02ae3fb-2800-4a27-b334-00f1cfb25bef,Barnhart
d3afaef5-cdb1-495b-a0a8-1b2e1fcb96de,Dent
53ab99fa-6e85-4f42-a56a-fd9c0a6e7701,Underwood
25c7d6e9-9dfb-48d0-9611-84cf17c913d9,Thurman
366acdd8-9245-4d3d-8fcf-a70114b3f78e,Newsome
4587312a-560d-4ce8-8e87-4ba019c15927,Naylor
53411241-6ded-4281-a0a9-9ab15ba6e58c,Cobb
28e5cf43-7fdc-4c08-9c09-a3cfe8afe38e,Brown
1dda557c-8fe0-4433-bf94-6f679805941f,Krueger
e66338af-ae92-479c-85fc-814981b75fec,Holder
59f98a20-1a57-40ab-9277-9583af3cacbd,Hafford
a58b90d4-04d8-4edd-aaaf-2f5ce937d92e,Ogle
a06d357c-22b0-492d-b08b-e1366c051926,Curtiss
cfaad3d3-f706-40e1-9712-8e1b2ec1046e,Towns
2a107e7c-a6d3-4976-8d29-ea36beaa95a5,Millender
daf13c40-2e7c-4697-9db8-4b4fdbfbfb00,Collins
1602b4ad-bc75-48ce-a6a1-538790e03e0d,Lovett
1f7f95db-35ce-4ee0-8b45-a66d87f11606,Peppers
a199038b-c557-466c-9f34-476ec2754719,Robles
156138d5-0151-4d3e-9812-a0e42bfb19a1,Danforth
e33221b8-7a5a-4486-a33e-b54568628433,Arneson
fff7f522-f793-48f3-96fd-2d721f67e0bf,Stengel
f658ca70-1f13-4a8a-a65d-6fe656270db6,Sullivan
791e01a3-1ced-44a8-9c89-e700b34325b1,Boudreaux
056087d5-be27-4f63-a3d8-b10d026dbbb6,Poff
1d052fd9-29e6-481f-a63a-a6d462ee032d,Vela
1f59a197-26b2-41bf-85bd-09ea7303133a,Reed
fd2df8b0-f378-42d3-875a-e3fcea6d994b,Smith
f1ee4a2b-2a38-441c-bfbd-49c0c248fd55,McDougald
6ebb6ab3-cf64-40e8-a3ef-8a44a7706f55,Flood
44420146-de03-4f1e-b589-38150b036cb0,Jones
588e06c0-1533-4912-a72b-38a0c8631681,Vargas
ab4c531f-9463-43ed-ac0b-1e78d4aaa95a,Crum
a3c242b1-5eaf-45ea-addd-6739fea28818,Russell
0a499186-2343-47c4-afd7-9322efc13e52,Singleton
3fcec2ea-19de-415d-88dc-82d1e08e23bd,McKinney
d38671f0-57f1-42e1-b8d2-0358a1830e2c,Johnson
dc40d6bc-9f9f-40dd-bb03-0e95db5c5e99,Reeves
64cab3e2-5ae7-427e-b175-6d339ddd6dd3,Lindstrom
34fcc15a-a7f7-4e97-8f0d-bb86063842f2,Avila
be1bcbbd-0af3-4822-ae54-e1d7316ed0b3,Michaels
d49baac6-3a93-4b3b-af17-947db5c795ee,Schubert
24a5f0f7-9e99-4047-8d06-ac5357a0fa1b,Wiegand
99154d53-216b-47d9-a77c-1a16a3f4f1ae,Liberty
fa8f48ee-d004-4c2f-9d13-2370eb67eac5,Hastings
25e2a654-aa0c-4008-9a62-720dfc37215b,Blank
c5ff9306-9fe1-41a1-b1b3-6e54d58972cf,Thomas
e0ee5cc5-2bf0-42bc-8ce0-fa7d34817fae,Suarez
91d3495d-e410-4648-9a7c-46d4c072fec2,Pulver
9a02d0c0-bb6f-4ad8-8480-dd8c5cd309d7,Huey
39593f74-242a-40aa-a856-0ccfd2583d9e,Remington
02e46c5c-5bf9-43c1-9647-45819e3c7104,Burnett
a9e14ca4-e27b-40c5-9a22-2a45962c9c04,Brown
706f1a97-d94b-4cca-8a91-c25360c4184e,Harris
a0dda5cc-dfa6-4ead-925f-86beeefefa93,Brown
da3fff7b-748e-4c87-9f2c-54f80ac515a2,Lang
9c1ceef5-e6d0-4493-a0cf-128a33c37c75,Wathen
01bc572c-c36b-444c-86c7-0a25f4fbd2a5,Mullins
ef2b6bce-6236-4688-8384-c08e8cc5e651,Jackson
4046c34f-ad6e-4a5f-ab38-d729b458d3de,Paulsen
fdbe3b71-3192-41a9-a6bf-e4381bd7d9c0,Dvorak
ca839166-2972-4878-b850-cb57f82a05b1,Hanks
2139c27e-0ef5-4aa9-8ff8-facda07c6c60,Larson
1020df8e-0915-47d6-9780-076116ab800b,Whitehead
d114382f-64aa-4807-ace1-688b29020fbb,Brown
8afcb067-99ad-4ffd-9a01-50a77b86b455,Lundell
6c7cf41e-5608-4a9b-ae33-f3206a226079,Singer
d0ec38ab-0420-4b2d-b882-b4d6e11e2b7a,Alvarez
7deaee5a-6267-4ab9-b54e-c4bae4807318,Brill
04f79ab2-42d5-4a69-bf85-17fd06bf8968,Hubbard
a5bb112b-3d6a-4452-b5fa-a6924fb44c86,Trimm
221a2b3e-aed7-4caa-a4b9-28858beb53b2,Back
0e61135b-cc05-4590-90e8-50a2b1450b32,Rausch
6a051c72-2501-4f6c-8345-ae385dae8daf,Stinson
ac480dbe-9d11-4fc3-8d3e-4c46b9586928,Weatherwax
3de2bd0e-bdf8-4e0a-a848-1182fc47034c,Spangler
17e5fa30-cbbf-4a3f-bee4-a7dee7be1877,Nguyen
87d32fb0-e426-482e-b1ca-3e65f73b84d0,Russell
cbab5130-5866-4b37-bc4a-85cf3a565857,Howes
859aad15-95ac-4eeb-b4d0-9a3f24108070,May
2e7352bc-b129-4e59-9ee2-03d93c39a568,Bohn
1f16e187-b5ac-4605-a488-84fea4c007a0,McCabe
a89ca4c4-ec32-4cd7-ae11-139ae8807de0,Leal
fc9e802b-7c72-4c27-8577-9c46e37ee7a9,Stovall
a6751b46-c025-4506-bd3e-7b8faaa08e1d,Ness
c9b50d58-13ac-43af-ac1f-3f4f32ba53e3,Mills
6f706bb0-43be-4166-a6a2-f2b3d2877bb4,Barton
39d5be78-e1ad-4522-b9aa-cea551b340b8,Mayo
f1f63d1c-c384-43c1-afc9-414f7feb7757,Harry
e08948a7-71cd-4d8c-b188-fc5fb963d3da,Garcia
cda0fb71-c19c-4e62-8456-5c0472fcaa0e,Varnum
ddbf779c-b025-4b8d-a911-e81187d3244e,Gamble
9fb49ee6-6a68-4ba1-9864-3c3ee2ebc24c,Matz
4a13460a-97d9-49c0-8c83-0b183e882ddc,Scheller
13b39d41-c527-4150-8d14-f764cc7e1525,Hamel
e42308b2-d5cd-47fb-9c25-747de23f7ec0,Carpenter
4fe68df3-036a-4ce2-9a2c-34823eb08fc7,Bill
1bf9e6b0-c215-42d9-bfd0-eba22c946b5d,Labbe
c03e6f87-8371-4ff1-a0e5-6a6a2f7a4bb5,Joseph
cd00bdef-673b-47e2-a76b-5ffcf1b00afa,Fort
3d0d105e-2d90-4896-9351-ea6a7de3a8d3,Alvarez
3233e2c9-76cf-4586-aa06-479480fa6e49,Felder
94cdc9e1-002e-4943-adcd-752b84c5d335,Clark
a2b1aff7-cfa9-4e76-a364-7a2c3d710ad9,Hastings
908d7959-c3f0-405f-a672-c337b7c2303d,Phillips
f235c323-6354-466e-ab0f-59a18c69c961,Wilkins
5a23a569-a009-4164-a0fe-b31d610312be,Wood
16aa8d3d-4928-47b8-8b48-167d636cc7f8,Boisvert
5bbb68e7-f1cc-4be0-bc9b-aa7c0247d454,Gupta
8be034a8-f1e8-41be-b041-c5d6d74cbf14,Zaragoza
9f3c909b-d4ba-45cb-b2d0-0c02a6216db7,McCullers
306aa366-5d4e-4400-9431-e986dedcf364,Swanson
91c661ef-33bb-4674-bac2-0efad3cdbadb,Null
d1b75d68-e3a0-48a9-8a03-335a9cef169e,Richards
6fada3c6-01fe-4a2b-9bb6-8682aa3a111e,Baker
50cd0861-39b8-485f-bb81-3138f82366c5,Perry
969e75ad-2eed-45c7-8aa7-8e7bb4905fcb,Myers
fc504ece-a570-4707-8bd7-e7523a935e63,Smith
74248302-b5c9-40c6-83e2-2fe877420200,Bennett
7e08342c-dba5-4e4e-b109-19509ec55598,Roseman
5ec31521-48dc-49c2-a435-0006ef468477,Randall
0f19d920-e351-4bd9-ba4a-25a59b31b989,Weiss
7a8ccbff-ebc6-4d6b-a3c2-a17b54deeaf9,Arroyo
445b5b36-5c93-4f1d-bd21-96f618dfaa6f,Hitt
f88b9d3e-617e-402d-8e15-ff3a65974317,Prunty
af686b03-fa1b-4aa8-96d4-6a218fa1b929,Christian
2414f09f-e45c-4d96-8064-3a5b060a9708,Piggott
8177960c-99a5-48eb-a3f9-56d3f97e7a30,Roseboro
58134cd6-d756-4b8e-84ce-4720623267e3,Dyer
5974e7d7-af02-4d3e-b19a-e9fa958d9372,Garay
6abf55b9-badf-4c6b-9e8f-d2d69f075624,Thomas
bc595999-d646-40de-84ae-4d28a50d4979,Judy
427f978b-00aa-426b-b27c-4b39ca87125a,Staley
ac7ee64b-03fe-4555-8574-e24afab506c5,Battles
0e9e4c1c-c667-4a3b-9fbc-cf7cd2c044a4,Wiley
feb0cd2a-4cd0-4cd7-b1a8-1a6f3e812852,Schroder
886c4522-2ffd-457b-bcaf-58507d5d8ede,Krebs
32f6eff4-0f72-41fd-bf53-5ece1b13272b,Zullo
0827b344-73d0-4835-8680-6173a56af922,Jordan
27751c5c-34fe-4be3-bf4a-3bbef6c61694,Thompson
e2493687-542f-4b41-a394-fd3900baf285,Shepherd
1d5a6c64-51bf-4237-bc38-0e468870e407,Campbell
f723ab30-2794-4335-84ab-dbdb13ef2715,Holloman
2ed86e8f-a3f7-4015-b395-a09d21cf3038,Daley
e91f6c78-288f-48a3-9bd8-b5ea2ed9da3c,Moore
9a14af51-dd19-4bc9-9a5f-2d465eadf3b4,Allender
a6c349f0-f594-4676-80ef-ef381e6a9df5,Jackson
aa133f86-65c4-470e-a5ff-996ba47b2443,Thorton
37d78a0b-873a-4c45-84a5-d01b1c949c44,Quintero
fdb8e263-5705-4e35-af13-a2fa19821c57,Foster
cfcd378e-2781-4c3e-800d-9a790fb727bd,Karle
e1267793-8436-4751-bd20-eb80d7a101a2,Ladner
d8e23397-08b3-4436-a845-326b3a65dbb4,Mancini
862fcc13-9082-4d5a-8e89-1b03dd29ada7,Stanfield
d3cb4d32-d7ad-4f56-a5ef-0b45c77e8dc7,TestUser1234567
293192fc-0e66-46c8-8ac5-771ca38266b8,Anderson
bc17b4b1-410c-4c41-b026-3af099d1ba79,Monsour
b768204c-306b-4e8a-9a0b-abc46c94be9b,Hoops
75c58e48-6f60-4ea8-b1ad-b5b4bf366485,Hughes
50e30978-1c41-4c68-a43e-b317f64d507d,Hansen
9a0f6cff-9f48-481f-8bb7-97b9df06e34c,Boone
6c3f9932-2e04-4dc7-aa77-7ddb9aa20c0a,Simons
0aa2839a-88ba-46e3-a32c-5b9d1f5fc8c6,Perry
0516ffa4-43f3-46d8-9284-59ed79348a6b,Robinson
af964ec4-bce6-4ce2-a61b-f540fa34c1fc,Moore
26d14fa9-0cb1-4026-ac05-2a1b5ea112e5,Martin
92b119da-b797-4a5d-a1f9-0005fefb66e7,Stanley
86e15be2-e4f5-4c6c-8bc5-1f7104ed5aaf,Eby
95f9ffa9-2186-49b9-adcb-17c780451dee,Farmer
d577cd83-4540-4962-8ea0-395989b4bbb7,Jones
efe84022-3e66-454e-b49a-c5a0bc502caf,Brown
31993607-c4cf-4a8b-8534-3765106cc666,Mathis
6cda4fc3-4f89-4c87-84e1-0bdea99dfc9a,Dibble
17622087-ed36-45cf-a10f-87da9d46114e,Smith
0859338b-9d91-48a1-90ee-976ee379e05f,Hochstetler
2622cc69-d626-4fdb-a582-9bdac5709b77,Cordova
7beb4581-a552-43a4-98a1-909700c5996f,Montoya
369d621d-bc8f-407f-833d-02fa2893f334,Cort
bd29be4f-2a31-42b4-9d8d-c329e72c8cd9,Nadeau
535eeeeb-440f-48c9-8af2-a9a44f746afb,Ryan
a9745bab-58d4-4d0f-9c76-dd4645471fd4,Davidson
2cbf41a4-0e92-403d-8949-820d2d9a6687,Fennell
e8d59ebc-dcff-4907-b11b-101ba3ec8cb9,Johnson
674fb277-309b-47f8-a709-68390d706aab,Evans
701af0b9-ea5b-4196-8a5e-95b1f5714a72,O'Reilly
b09ad764-08ce-4ced-9a8e-e06db2fa253c,Chumley
8308fc78-f579-4777-8af1-dfbf632ca9d5,Hoffman
a49e1e8b-b49d-4803-b091-86559fda54d2,Black
808d02a9-25cb-495c-a05a-8d4ecdb4d17f,Fussell
42a453a5-6a85-4a48-b48a-2a686a7bfcfb,Anthony
92dae770-3b80-4dee-93f5-dc9b14ecd87d,Jones
7048e983-51f0-4e3c-9fc1-7009d611e707,England
d49558b0-fa45-4eda-be0c-753c85b9a022,Chavez
65f8a4aa-2a9f-4cd4-8f3b-e0c1e0ed2f65,Larocque
6664be09-bcea-487b-88db-a4808cb56c8a,Gilmore
8bbb88a3-69c1-464f-9f99-1f63b4c1e5dd,Winchell
ce01e230-7802-41f5-891b-bc89bb2ffbff,Burch
55da568d-0a87-4f14-952d-77c45387bc3f,Mathis
f6be5903-4d22-4f7c-a368-88dfdf8040cd,James
fafd6a79-e7b2-4a35-90f6-6134b59f1b9a,Cook
0d98ec7b-8be2-45d8-ba56-6834796d18d2,Jaramillo
54ea6538-2fdd-443c-bb3d-673c28f51a3a,Sease
9949c295-1303-4fa3-9442-53b8bef37bbb,Barnes
c9bfb3d3-7721-447b-b47a-95c6fee20ef6,Fletcher
15cd4d52-4e22-43a0-b1eb-6cc24d030ef7,Sutton
0852c1ea-5d0e-4317-b5d7-b2692a755e1c,Greene
d4bf3583-f1e2-45bf-9024-771285eb0e4e,Heller
83de08f3-068a-4636-ba97-15cb43f9a93e,Cooks
5a074c4d-9ee6-4cd6-8f03-458c2a889de3,Laseter
dbf8523c-16af-44c9-b5cd-7ac31cb453f4,Mitchell
7ebeefb7-b70d-4731-97c4-88f15c3b5215,Nash
2cf7f22a-6920-4c9e-844d-35b9f89f13bd,Parrott
5686db17-3f25-4530-9ba6-54ec844f0fc3,Wilson
98347692-d970-423c-896d-d42757d6eef9,Noland
a9a5908f-2cfc-405a-80ac-60fbda380eed,Herd
52bf9869-ad94-4be2-8be5-f836925659f6,Tyrrell
0d721ff6-ca05-4c57-bec9-b4229bb77c1e,Campbell
9226ee8e-5b50-46b8-8c27-5ce3e0aa63af,Simeone
1c812cd6-953c-4d6c-bff6-cbee62cf42c3,Baldwin
86d0c152-85e7-47c7-b21f-670b1061d333,Kelly
cf83abcd-275e-4877-abb6-7b7a79bedd24,Hargrove
d0274ba3-ce5a-4a2e-8dbe-c73079f338a1,Wilson
ee1907a9-6695-4e32-a374-9daae4e84823,Zepeda
5b88eecd-20ed-4dce-899c-aa22d13e9b39,Reed
3cdfd2bb-9d68-4787-9954-1b264b381d03,Mendoza
a2185537-d215-4513-bf0a-33e3553a13de,Oberle
47b606fe-8084-4cb7-b99b-e0a6d0e5b21e,Bustamante
cfd1c015-580c-4399-ae87-d6758cfe8243,Pickett
005de89f-bfe1-4bf7-a1e3-f34a707ace21,Rich
872748b0-0888-4fc6-afba-57d90e7f9c96,Felts
1e512fff-a6bb-4795-a122-f8e989eca3a0,White
3330458c-ac6a-49b6-9681-dfffa542670b,Toomey
2a8a6918-08ff-4195-b6db-1d59302d5bca,Whittington
80cbfde5-ab5b-4829-b1c7-31e289db29f0,Daniels
7795cadd-c9e4-4c89-8474-efc5b9cdf123,Brown
51a7abfb-77f5-4b82-a121-093e97db945d,Harvey
aa65f4f0-8594-4de9-a427-3403d4e22fa2,Dinges
08a330ac-b6d9-48a7-9bed-a8e5fbe2b907,Smith
00b75b76-bc1a-4205-a216-7a5b83015496,Davis
e72e83f3-2fcf-443c-8bdc-3d5bcdc5e45d,Bishop
ae022bf6-b6be-478c-ac77-efe8e3bf388d,Dearing
a11e02d5-41a2-44d9-9827-188147e924ba,Lowe
2691e675-9431-4d0d-b464-0116739b42a4,Goforth
5a6d474d-2ed5-4bbe-b23c-dd3692ebdbec,Hammond
0c8cbc4e-d3cb-423a-98cc-5a6913fb3814,Hamer
9f77c2a4-5120-4905-8fb6-abbfc1ce731f,Byas
f63488e3-0771-4e6e-bf91-d772e5a9d3df,Larsen
b8081bd4-1aca-482c-8160-45ae2feac08c,Blackman
44d84c12-66d6-4e5f-8767-f6818acb9843,Wigley
c5ccd1ca-1cbd-4923-bd14-674e995900c3,Ryan
80bca5ac-a653-40c8-810c-70b00731e32e,Langer
7285b9df-abdb-4fc8-ae75-ed13979e074d,Eller
caece684-6fc0-4dc0-acbc-e6b6954f5dff,Wells
663b03e7-4771-403e-998f-27bcfefacdae,Stamper
f57e587f-86aa-4f04-8cf5-8046b32bf1cc,Cummings
1bf9d8e3-42f4-4ddb-8c95-52812e727234,Collins
d1f8c42a-914d-4782-bb9c-f310b6a46c87,Lowe
ce1f8cc3-d771-4661-b769-99e7511cd302,Villasenor
f9413425-7e6a-4242-84ba-62019f1ec1e2,Summers
17cddd30-5d4c-44dd-9a3e-4520f872704a,Boyer
8279912e-fe57-4928-8a90-054b79f1a84b,Long
021ca7f4-ec66-4009-b8f3-2ed001b932fa,Pryor
70b9c1cb-2927-44db-a919-48419012a352,Zuniga
a56cf486-4033-47da-96f5-a939a66ef393,Millar
014a56da-7dec-44d0-b982-227c3dde3ba4,Watts
5a5f766d-1113-4087-b18c-4c19d6693b8a,Canty
b28418e6-799c-4cf0-8a57-7a04711262f1,Kahn
fcdbe935-1edb-44f7-9b34-58f5062a1d55,Boyd
13c4c8f8-567c-4d76-8a47-6fb892029cc8,Gallegos
60a8d099-5714-4a0e-8b1d-8f74ec80c132,Bullington
ed225a22-8f66-4d55-9ef2-9a89b80646cc,Finch
c87a47d5-a074-491b-812a-e1b494ffc4c3,Steadham
6d4c1718-9a71-4806-8a81-58614910314f,Gonzalez
80e4ce44-c411-489c-8cee-df02b80c940f,Carranza
d8c7f17c-f4fe-4173-9534-6d6bbdaeb3bf,Ray
cb5dddf9-3903-41c5-a808-f6a8ab9f7d3c,Farmer
01e6fc54-48aa-4c65-a08b-07fc71622a4e,Rupp
9e43879e-6dc6-40d5-8c02-3c067d9f27bd,Bieber
9cf2208a-7c92-4e56-8e35-3c0a3a808e88,Shunk
622e8c09-c8fb-458a-9130-653939e3d9aa,Herrell
fd0a2b15-ce94-47c2-ba98-34f9ebef18c3,Byrd
fd8ef059-409a-4112-889f-4ceb669ad281,Knauer
99b7ee37-58a8-41d8-8c1b-57979cc87b71,Ewell
538fa0ca-7250-4217-9bf4-7aa8de4ceb5d,Carpenter
aa9d84a1-8bca-45fb-9108-dbdc31678fd8,Johns
d55457cc-81dc-4a7a-bd86-46454698cb21,French
3b3fee12-8e01-4858-ba49-967b7e2f0a4c,Oneal
631a9f74-b12b-4e8a-998c-69b961460c32,Terry
ab524917-96cc-4dc3-acaa-04a4f12cc31d,Holbrook
c2a52ad7-1b6c-42d0-97a0-a8bb6c71d5d9,Host
bfe63b98-a146-417e-901e-588cdc17b57e,Wharton
91aae0c7-706a-445e-bde1-d379b38409d4,McCarthy
208369ca-05de-4aab-9ec8-eba4658d389a,Perri
b8eaa09f-9e3e-48c2-8b02-297f0f45c304,Nolasco
8b1d166c-a36d-4478-847a-26348245eb60,Graham
59ef0a3b-f3bd-47c0-9366-af1f1612b010,Miner
cc4d9457-a6e0-40cf-8979-c8409c1da1b3,Grady
717bd8c9-b34b-4cad-87ad-030452b7c7a7,Albrecht
789d816d-473d-4d5b-b294-23bcabe4af87,Harris
9ca8c5cd-c909-4b64-a811-fd201a094e0f,Linn
4c71774d-772e-414b-9f56-82b8d932e2a7,Gordon
ab24d51b-d802-4a18-ae20-03a4e74c9422,Bremner
7e2831b1-a5f7-476a-8fa6-50f074e0f624,Wilhelm
39fc35d5-3dbc-4df4-9ac9-719b91efdfae,Preston
a1de34da-5ee3-4368-a03e-53ef0f775d83,Miller
5f7a9312-4088-4c98-a6d8-d7c909f8d5be,Wade
1a66be67-5f24-401d-a0fe-97c5e0cdeded,Garza
10994a60-0275-4764-8a6c-447b1ec53d8a,Goebel
9f829b3a-516a-43f0-836f-a23eb3f51104,Collins
585ceb21-7095-4925-b9b4-0c640667a850,Hutchinson
ce2cd21e-9752-4f97-9d42-3ea34a237b62,Tejeda
4e31116b-2bba-4d5d-afe0-e651cb52858d,Moore
cbdb9215-c47a-4642-a723-f1e0ff4b9b47,Spencer
0b334da3-7063-4f09-92dd-f984c52a082f,Chan
ffa9d659-54c8-4bd4-a3f7-46a6a876c5e8,Lightfoot
ee66502d-ffc6-43a9-b756-ffd1ec73178e,Baxter
5941db78-ec9d-4dbb-a31b-56c52a32fd6a,Goodnight
0480bc7a-3112-448e-ac10-1a3441a412cc,Bennett
93613fa1-a808-4d80-afac-bbd93b539753,Peck
01d231ec-c21b-463e-84f8-281bfda857f5,Brown
a5d98f3a-f9d9-4a84-ac5c-f5fd0f249fac,Hedrick
8374bb06-ddeb-4b47-8f52-4fe8d324562a,Bradley
ab64175a-c68b-4a28-969a-50cbac3378dc,Miranda
46ede8cd-db16-4f66-85af-103dc311ad87,Lowery
5de9bbb8-5e59-4a0b-86ac-9a919bbd7e0f,Colon
9e43da4e-cf5b-47d7-ac3e-410504c3dd48,Anglin
7686ebc6-aed7-4e02-93b7-d697dcd80ce9,Jones
7ac63562-cd13-4365-b83a-9d9562e91682,Combs
b3dc1c27-7007-49a7-9b7b-097f6fa7466b,McClain
39738a7b-2ca6-4215-8459-e4be107f1870,Gray
9669b937-cad0-42d8-b28b-3d261883e868,Vandeventer
3ff0eefe-6d7d-4fa5-b104-21714ff727a2,Greenwood
e96b3c21-cd6d-4ee3-a2cd-acd448324879,Rouse
2bc8806a-075f-427f-8b6d-120372b58f49,Falk
529cdd4c-2b92-46d9-b7f1-dc1a77f521c0,Rowe
1ff9c561-866c-404d-a588-12fdf0a1a731,Madigan
5499290b-546f-41f2-82fa-67541504f632,Herrera
ebfc9b6d-8747-41f8-8f9d-a912d303602d,Still
ff52f58b-e1e3-4258-b953-d0683e8b00da,Hinkle
31ed652e-ca2f-4ba5-a293-622ed30d83d6,Richardson
8c887968-2a86-4806-8282-e24b5f3a473c,Wyatt
20771e08-d18b-43a7-afd6-ab2965b1e9be,Burke
0f4e3b2f-2148-4443-b8df-66e22e23d47f,Gilchrist
ebf00b05-73bd-44fc-a8f8-a3e27e360c0e,Moss
90ae5194-cce8-42d1-b564-503d51590a21,Hickman
a1f62480-308d-4aa1-a153-882461c7ec0d,Figueroa
8710cb9e-aaf7-4f60-b0be-9a3a76fdacf1,Polanco
b7b9f366-a8e1-44d1-9a9b-36ff3c218477,Hale
cc2f06cb-7836-4910-a0ef-df10bca39dce,Harris
4cceebfa-1269-4a0a-ba88-f5d6ded00a2a,Chamberlain
7740351c-423e-4891-a7da-071d4bebd1cf,Frink
c2889f10-d6ef-472e-9462-c00bed0d2c6d,Chau
22ca4164-ea9e-40db-a5ce-b4e3de88f6f0,Juneau
d729a261-09ab-48ae-be2c-61b0f87a3dc4,Carey
2c4d9a46-47e4-44b7-b753-be5f223b5765,Moralez
8dcecf0e-e837-4497-9512-024437756b34,Wright
c0de6b62-762e-4b97-a254-20fbd2080e82,Wood
e551bc54-ada4-4367-8729-498b97a6ffb2,Grimes
f8fe9c43-fa8e-4a74-b457-7159ff08a4c5,Strickland
c7e8a114-257d-4f62-9613-01a06fb4adf8,Newton
ed6150dc-7dfa-49cc-a44d-360bfec737c1,Potter
4c53ee3b-ba8e-48ad-a918-bcfb484e51bb,Harder
6d53993e-b6af-45ba-b5af-2005670e57fa,Morton
41d355cc-2531-40e1-afda-912e71f4fea1,Guerrero
4318cf28-cb1c-485d-aa49-01803c88e61c,Delgado
a74c7f8e-615c-48c9-b547-0f3b43ba4c34,Garza
688b78dc-f178-41ed-9e6b-01f2f92efa96,Volz
17e3609f-06da-4e4b-ba76-c39cacaec00f,Weaver
64171a39-9356-4de2-b5fa-5a4b04f98b59,Bell
476341bd-a148-4fbe-9bbf-0d3a92560fd8,McCleary
bdb8db14-80b5-4985-aadd-37baa5d35a3c,Wright
2a6dcac2-a14a-48ee-8c6b-a2bdbcd67d4b,Duong
0d3624a6-e084-46b3-89c5-4710f8e4e491,Leon
9d4e705c-8c9d-404d-945a-f23f6cbccfd7,Tucker
ac56ca45-d22e-4c5c-8006-6ec47904ba9f,Fenwick
c9434a7c-6a49-488b-8976-674be095ea90,Orozco
08503e6d-3286-4919-a338-e259a517ce80,Tipler
0de0a9fc-57e8-43e2-ba25-14c8b971c595,Qualls
d474c9f9-a9f4-434a-9a25-194b29bde6a1,McElroy
2fbdb12c-f921-4b24-84e3-a32033143559,Coulston
ddd1d62f-c639-440b-80b6-1c907fa85b5e,Edwin
2a84264d-e8fe-4888-830d-b12bcd69f03b,Beal
7c179435-0063-469e-b73d-18bcb963b7ce,Meadors
40ab9883-d274-4dd4-be5d-ed349b9e9dbf,Shepherd
9847f514-9f98-4507-b206-05345efaf032,Martinez
20658d89-9f97-4968-b411-b789f5a3b53e,Crum
bd36fc4e-7a2f-495d-935f-1757118998d8,Paredes
20c6bfe0-6555-48a8-87e9-9dae43fa5901,Burnett
bd18a009-7aaf-48ab-8911-c9e4a98b8911,Donovan
7e4f6bf8-5314-4c86-b8ae-ee1f3d189cb4,Pappas
aaf97784-7cea-4a7f-b837-8b76f1d72859,Harris
1284a3f4-4422-40c7-bd66-c94f1494445e,Yang
26bdd31d-45de-4e95-a208-94ed241c6081,Fehr
8f215887-0070-42f5-beed-316baae177bd,Watkins
acbf607e-c457-4fa9-a0b0-b6bb0dc9ba28,Backus
b66138cd-84cc-4c0c-a99c-bd84a32a4485,Wilson
23507078-1201-4b4a-b91c-2d729c6896a8,Linker
070539d8-bd0f-4b2f-91dd-3a2f02a7e102,King
5eacd2e4-3422-4207-912b-0d0046f57e12,Wilson
75ab0b61-a97f-43e2-ac3b-6e30651dac05,Reed
87ed9675-2f3c-4df6-8fbe-ece6156fb567,Bauman
81876d43-203f-46dd-b4ed-adb2bcfdd751,Bain
ca113471-5567-42d5-b4be-5f42b00b65b8,Mayne
58e75d33-fc00-489c-9b7e-cd084f234f06,Reichert
07a2ba0f-eccd-4497-a69c-b622277b407c,Talley
ffcc3d12-3860-4bce-83ce-7b510b5ae0ec,Dennis
0bd10149-5fb4-45fa-9228-9c968cd91bdb,Olsen
040a771d-f953-4d54-bc59-c888aaa426c1,Ybarra
643a97c4-3026-4de6-a8a9-d9118d47130c,Baker
13faa985-4251-4c6d-82ee-7b4f65a6df46,Schumaker
316a3a00-cd45-4337-9969-3a4d45505b12,Criner
e231114b-63dd-404a-8af6-442445757b11,Hafley
3102bc26-a524-4127-9d6a-c1fd4e995d04,Glover
f595f4e6-b207-42e2-8fef-05aa88c778b9,Merideth
26c87ace-6bb1-4887-8158-1f4e3cab6188,English
c658b1e1-c6ee-44ec-a70b-789c2c3463b0,Patel
6db7873f-94ca-48b9-aca8-53d2cb104121,Smith
501ed816-99cb-42f6-843b-0f06c18866eb,Sapp
d3429341-8c9a-4761-8dbd-7d12e7aa85c1,Price
1279c9d5-c0f2-461f-a853-e84b3b396b42,Roach
01d94009-edd9-47a6-84da-f1529f2ddf58,Echols
36a2187e-be6a-49c1-bad6-894217b4d432,Wood
5f99f7d0-c714-471e-af0e-8754aca8dacf,Riley
a8d1102a-93ea-4f36-866b-28b19a64272a,Burrows
43918fd5-c618-41e9-8ada-5167105c0313,Watson
9cf1ce9d-5458-4726-86af-8a19ec267ae9,Owens
76c5bae0-22ac-4186-a657-8d7d93c06777,Pitzer
d12f86c9-7bf9-42d3-b225-7d2ba886ebeb,Horton
62557797-6bae-4fab-96cd-fee82abdabba,Cox
5165e394-a2ab-424d-9a9e-84e5d72259a9,Jackson
712932ea-b114-4da5-899a-22c5b5a69677,Mosley
be5c17f4-994b-4091-8f42-47752cebbb51,Moon
00bdfba5-b593-4590-94a3-0897cc16ec37,Darden
82e1ccf4-7cac-4550-9eb5-9b570d0263ac,Johnson
fdece65f-acf1-445d-9160-6fc200745c58,Goodman
ec5b475e-e79e-422b-8cb8-f871ecfbb2d2,Bonar
41c44a4a-aa69-4d06-b833-7d8e2c6d44ce,Fowler
d65f478b-0d3b-480b-9199-54de73c5ae8e,Martin
0142f88f-a53d-4af6-8b88-c98825a05c30,Vann
9da94a9a-0a69-49ec-8675-b24361c21e8b,Harlow
12ab2579-cf92-463f-b4f1-d1f0087a1131,Wildman
a57be48b-a556-4cf3-ac32-7f4f27e5c0d9,Cleary
3959079c-e067-41c9-b264-62184eef3971,Louis
dc9d39ef-091b-4a17-aa5a-120d637b6835,Batts
5b86ca87-edfc-46f9-bde6-fbf5fa5b94d7,Baker
4db9ae3d-57f7-467d-bdf1-063323b515a6,Battaglia
6d9e4840-5114-4cf5-affd-2ca0282752a1,Smith
60f55d29-9192-4db3-849e-77c673ad3c16,Brooks
5a003e29-760d-46ab-81dd-86893161e4d4,Hardnett
a5ccd36e-e259-4c24-a018-594aeb6f9f5d,Hartman
341cdf00-a96d-4518-a52e-2933c1ee5e69,Mercer
8accbe05-c70e-483a-9f64-56e1e8570243,Nelson
97f0928d-7bb2-4c7d-8668-5cedb742c68f,Lyon
6535494d-ca1a-4727-ade2-cbd5d0da8730,Eaton
5a65e18f-b273-43e7-9330-e158b39faabd,Oquendo
4aa3fc31-3cb1-4347-80b2-34b4c0855393,Fleetwood
8a0a912e-12e2-46c0-b73f-8ffdd5cadaa8,Johnson
57a5960f-f733-4b0e-8cc9-88f7d307bc5b,Digregorio
3b65c8e5-6397-4c84-8259-166024d2b680,Cambell
9bb06820-3d79-4ba3-bb43-1134be603433,Douglas
882acba7-f519-4b13-a177-83e4812d65bc,Willard
ca8e144d-4768-4023-b153-f6cd52cb5b6e,Dye
ae4947e5-a4fb-4750-a628-1f30b70b1949,Bowers
20e46b42-935b-48a2-a273-94bd69e34c58,Ellison
fdf45d9f-3ba8-4337-a7be-2a3833ae1a83,Rank
a1566a9b-9523-486a-8ed0-4af680a46288,Miller
189fdfc8-3fdd-4c3d-b4d7-6eba0d002efd,Radcliff
7db95827-22d4-481e-aa82-1a9f1278aac9,Farnum
ee78596d-b313-4aee-8c99-d412d8877163,Hopper
df098bba-c7b1-4977-bacd-6db5f89a283c,Ayala
0bbdebb4-820c-4d50-aea4-14d93a37011b,Holland
331e7da6-40e3-4142-9377-226a41c3f6ce,Mason
57dfebfb-952a-4f7d-b231-f47690d48a22,Hauge
07ce732f-1b9a-470c-b771-3ae3a264a76a,Perez
a9fc7bba-6dbb-4807-8516-8afc9fa2b68f,Williams
ccee94ed-a6cf-4ab7-9cc1-f272afe30db0,Brooks
0b506e5b-85b3-4560-8f57-5b8a654cedf0,Tyler
0083bdf8-6245-4f33-a543-3bb229b158f2,Webb
4e88c12d-f493-494a-99f3-515850590533,Rodriguez
ab203706-d6ad-479b-ad4b-d0b755a21cfa,McMann
1c80dc02-ed05-4919-b8f9-8f85a2a8ba98,Nold
484b0d82-a7c5-441a-8f7c-2bb2c69f2daf,Lindsay
18967563-9dd5-469c-8beb-0bbc03efec2d,Laclair
f800a1f5-7180-441e-b749-133ec232d20b,Reich
ad0f37fe-80d0-4089-ab21-8c8a6332c5a8,Allen
8c48d57d-5ebd-4fd4-b04b-259d81d8ff78,Mitchell
7b1488c4-10a1-41d1-840e-3951760020d4,Davidson
95b58ad0-6786-48c1-baee-8ded511c9cb8,Bruce
d29667d3-b664-46cb-80d3-da3f3cf1c5bb,Goodman
cf9f1f60-49fd-4219-bb49-4d2be2a8dd01,Ahart
02062283-cd7a-4d65-9df1-5b7dbfb30c62,Smith
a45faf66-2a79-4c1e-b3e4-962448d6dcb3,Montoya
ad2240ba-5b90-42a1-89b9-5a6ed77b2303,Stone
140dafc8-2f8c-47f1-94af-8f415422996d,Romero
37a5bea9-c870-4dd7-bca9-5b6154e47e2a,Smith
148f75c5-d3c0-4b54-87a9-efe43594bf77,Chase
aca2f936-e009-4102-9731-bd7271106075,Rose
42dfa7e9-3887-41a7-82ba-aff8cfe6d15e,Ybarra
b9596bf7-ae0d-4bf1-a2c1-727c720ad221,Andrade
3124279d-8711-48a0-b8a5-b32634a88878,Walker
ad0cc07d-f9dd-482c-89c2-3cfc59356253,Price
9ff4a40b-8f23-44f6-8181-29ed1ae49515,Tanner
db65a614-205c-48cf-892a-d8ce992b1abd,Stewart
e2688e29-2b94-4b2c-b6a7-53b3867556a1,Gray
e66286a5-7ec3-4a7e-b468-60d8167ea542,Franson
47a5a42a-4aa9-4d89-a7dd-fdc67cbfbf28,Williams
93b869f9-0768-4b9d-934d-2d13f7448047,Klem
28f69eda-bf3f-4b79-8584-94bfcc120250,Burns
6691a7c9-cf25-4eb4-b9eb-83c11d8602c7,Lyons
367ead60-8dea-42a2-917b-99d64777ba04,Martino
71a2c547-46c7-4779-8312-0fef8ccb0806,Horton
99a2f2b3-5486-4871-baca-77e318af09fa,Crews
bd15dc8c-127d-46c4-ae23-11ddb6838470,Davis
9a3ae55d-56d2-4c9d-b554-c19f7010da61,Anderson
f9ee3ae8-4c94-41ec-bf8c-e0ea13180f36,Miller
34167673-61a2-4547-a9d5-71f5580e4d14,Rivera
db36ff41-dc90-4542-81e3-a6ae4ca7916b,Langton
5dbddb78-109e-4fbd-b46c-7f62bfb95b62,Biermann
42d20a15-daaf-4be9-a3aa-f428105d2687,Nelson
8799ad54-b046-4523-9420-25a82925e262,Farris
655e1e3f-1cfc-458f-9693-85a34e68229f,Watts
699213e5-8a1a-4689-a626-496e14663e15,Fleming
b004791b-60d6-4085-ab6c-dd48b6225872,Acosta
94d2bf60-c340-4c39-b3a6-110750b5fae0,Bartlett
f426f936-86af-43aa-89de-7cc8b60cb580,Lacy
3f547cd3-7833-4f76-88b6-6644eed93ff6,Mozingo
735068b5-b923-471c-8a87-bb0e6d96a963,Galbraith
d1dd1d8f-fd03-4cb6-929d-66694fe14d0f,Carstensen
c34a53ce-f39b-46eb-8ca5-46bf967604cd,Jackson
94990502-a405-4be7-a489-0c362ba6f550,Kessler
8d348988-a9b1-4f41-9359-056a4cdbc60a,Olvera
e5b8eb11-9e38-4684-8f83-20949bc2d006,Patterson
86e51db5-2721-4101-a907-3088ecffbf40,Spencer
9d984941-d908-4a88-9550-6fc177d3f892,Harbison
b17a8357-1660-4247-b209-b98fcb4ce5f2,Caudle
5d75199b-6ad4-4574-bdc6-eeb7bf5e51eb,Thomas
4d0ee128-f2a4-4126-a86e-bc2cf52ef874,Hill
29495185-d79d-490e-b86a-d186f230a4d4,Allen
82a6e5af-f092-4e24-ac70-547e8a7e9d1d,Leong
b94e6953-ffc9-4778-88b8-e2f78f7f8597,Wilson
1a84c830-61e8-42f8-a5af-db24e410473e,Gonzalez
0a25b319-3d21-418e-b7eb-b3f00df6a641,Tussey
6467f5cc-0dd3-41ab-b8a9-495559b8d6dd,Alexander
036b90c6-9936-4f16-a63e-e8d4f8014ec2,Rosas
80d56c57-6427-463d-910a-ec408283a091,Morrison
fd946b6a-c5bd-4b3b-bacd-4de350400dae,Hood
ae7c4b0e-7b46-45df-9225-e66873e369de,Toms
1fa9db49-aab1-4509-aade-9e1704d32965,Taylor
3433f74b-8d6d-40f2-8838-55974c8c8ab0,Reed
769e2eb8-f124-4301-83e9-1ef0d8737ea3,Sanchez
0237d8aa-e8f2-4320-a15d-267f5f6cf63e,Manley
d96dbaaa-23f6-474f-acc6-831800af8945,Jones
18fbd850-8659-4711-aef3-0de44d15bd3e,Jackson
5447ad7b-5407-4997-92c6-88d1e7659e15,Wagner
ec638432-13f9-4465-be20-bf0b4f5dbef7,Robinson
de113748-2357-4a4e-bd96-a3e352f19659,Galloway
f2c7aa2b-3ff3-4837-a655-dcdf8b53902a,Hearne
8917950f-af62-4ae4-8b74-f436fb9dceae,Willmon
e393ad2f-03d7-4d2c-89bc-7c0b722666f1,Hahn
1b854953-97eb-438d-8a2a-beabd776fad0,Felt
5b4b2a39-7889-4ec5-bac8-a41fd4ab70ce,Hoover
75513f26-40bc-4463-a108-1e8cc73a0afb,Welborn
021fcd3b-2173-4ce1-a61b-92f2468079e5,Sanchez
aea3b66f-9019-4209-80b0-45beb07e6165,Yates
e52dbef9-c7e9-4063-9e23-446e8036676c,Stine
53930c09-5c59-482b-b0f3-e7e0027f3623,Martin
8f519903-f724-4871-9218-7750049d0340,Smith
9d4fd01f-fafb-4936-b078-60786fe53ac7,Norwood
40e382ca-da13-4300-8fec-1e297dedc128,Griffin
e2dfd45d-6b89-4ae0-bc5b-fd803db2d7a6,Dalton
39c585e0-a7a9-4df7-86b5-b13d22e9b9ff,Nevels
dcfde7d1-eeb5-44e1-ac13-f57f195d5bd9,Staggs
d8869fca-2e89-49ae-92b5-1505bf3cd597,Benavides
b9fd4e89-cd25-4551-a121-7cbcd894aee4,Slater
de1989e1-eb5d-474d-a505-af6be7f764a3,Knight
9b87f957-8fd6-466b-9d96-c28b81f2206b,Thomas
2ff89a22-979b-41d7-a7e3-d368693c280a,Fetzer
dcafc859-c865-4b51-b338-fefce0956455,Booker
9c9e2684-f309-49f8-82e2-87ce8191f0be,Bannister
a6d6ec79-4995-4d16-8eff-4144993ba4d7,Burkholder
f428de26-93e6-440e-8813-f60ff4eaac34,Ruiz
0de75e09-6eff-4416-9e6c-9ab959d93138,Bowman
07c63482-36fa-46e1-8db2-8edecef05c4a,Crow
00accc21-590a-4c34-83a0-e1c545e6fd3d,Marks
9ad9d806-6cd5-4943-b1b5-2338fe784151,Harrison
f09a259a-63b9-4ee4-95e2-dd0f9256ddd6,Thompson
d1139499-3a28-47ba-9722-13c6d7344c23,Dailey
eba047bb-2853-4d05-83e7-f74554f55ca4,Dansby
cca2193c-83cc-447e-8801-055a95a543cc,Emanuel
13704cfd-8ba3-4fe8-a24b-53174bac53d6,Minor
2602e00e-93d7-483b-890e-1dbaa242290b,Alvarez
4f19d4a4-936b-400e-8a53-506f68d92260,Lee
56053ef7-bd8b-48ee-b059-82baa132e06a,Torres
571cc260-1e07-4cb0-9fae-d3c54d4a0bf6,Miller
dc551f67-d5ed-4e93-92fc-6d23a9643e02,Coronado
5c6f0b05-d4c9-4787-8f59-f321927dbd86,Naquin
b4c07db1-7ac3-4d1d-ad7d-468c64dfc022,Wolfe
44a20db5-0dc5-47f2-97c3-08301ac682e3,Burch
4525f7db-bae1-40b0-9d7a-24908b683c73,Vedder
c57b51db-eddc-4dc4-aa05-ffa4f9f942bf,Lawton
494d1cf2-156b-4b65-a33d-b02da749915b,Mack
302737b8-d175-42bb-8b27-2010203627cf,Giardina
a067923d-9a4a-4bb6-97ef-35b5a36f632f,Aldaco
e9291485-d1f8-4b5f-b521-fc733092efcc,Grow
4680c80c-4391-4939-8ccc-3450f3d52cbc,Watts
439da047-c0f2-4bf0-85a4-80c9d08cdd4c,Turpin
74f4067b-349f-44ef-9aa9-b4aa3a83c81a,Cole
0964616a-8ad7-4f5c-b644-756e4924a52c,Maynard
6744de5e-7014-4ec7-8c40-ad5f37adc049,Henricks
c3b4530d-f67c-483d-86bd-27233b33e267,Olson
14d96470-754c-47e4-84fb-1998b900d286,Curry
9194797b-2e25-44c2-8441-24fc69491d33,Howard
66d72901-7775-4d87-8d5d-d597728bbd1f,Davis
1c087b01-02a1-43c3-8aac-02c8180fd8f0,Williams
b72d2213-d849-4a67-8dff-5d2bf455c334,Capps
5b2a3a28-3ce7-4d12-b2eb-591672dddc6a,Weston
8a8ff355-f0ec-46da-949e-887788425696,Capozzi
f021f09b-cbfe-44ff-9065-0225d8900efe,Beatty
dec7865d-5815-43a8-bd13-33282b58922e,Hubbard
a52eb843-2c1c-41d8-b9c6-8ab30a2f2c38,Allen
e7245794-3e37-4c9e-adda-827d3f7f5c26,Kauffman
872f08f5-10da-48fe-8c9f-b8fdb1dea10d,McCurdy
61c46f26-f968-4fb3-bc2c-54ddb1d6f3a5,Duncan
946c0334-a3f8-44bf-b4dd-cc940c40a539,Pena
a3c3fe13-a498-4e9b-a125-9591eaebe8a1,Miner
d9519d06-dcad-4702-91d6-26de70e6748c,Lavalley
cc75019a-b6c6-493c-a8c6-0b3b9ee0b6c7,Soucy
a909a033-7659-4ff5-af20-f247f0932a05,Brown
61efb104-015d-458f-9c11-3364c55593df,Brown
b11664bf-f7cf-4435-9b12-32ef95bb63e6,Cline
9e906e07-1d7f-45f4-99ac-e3064bf3519e,Blank
eb9c2d50-7f7b-415e-95d7-6174d99129fe,Madison
33bbdaef-adcb-42ec-a26c-9e6cd1658de5,Anderson
50ff7280-f2f8-4138-beed-a27ef943657a,Condie
7ee7cee4-9877-46c0-b8eb-d65e4feef416,Loya
b694f131-1f05-480d-8ec8-5197566a43d1,Lafontaine
9fddee90-2d9b-473a-a6f2-6ddd00459e70,Slagle
8b6a7e86-f563-42a4-8566-45b881732b5f,Romero
15b54b14-180f-409e-9abe-fb9195301fd1,Beamon
e8f0126a-26b9-4cf7-81a0-e88ff18352b5,Ridgeway
3feb432a-92c0-4452-8898-1d87d973f19b,Spitler
3032d91b-28d2-4130-889d-8a6b12e41dd0,Reed
001164c0-5466-4822-86f2-dcd2393a7ef7,Brown
e64c1d23-85ba-45d9-b7b8-eeba2dc417d3,Lucia
21a02883-8f42-4270-9874-c1da86b42e81,Bagby
25364cd7-6884-427c-a7ef-db68759e2289,Vanzant
824105d5-5df9-4439-9b8e-031d95c99c59,Coplin
7867519d-69cb-475d-8fe8-8a418669e506,Goins
e4cc4ccf-b37c-4503-bb0d-813a4829757f,Kinney
cd45b8c7-910a-4edd-8fe7-9442cda2cb1e,Lin
29188b8e-eeba-4614-b08b-91320ad76249,Harris
a4509012-95eb-43a8-8afa-c9e77ad9b917,Barkley
708a50e2-e852-454f-b42c-dc52d2778819,Chandler
ae875c35-7213-4794-b41b-a09d43351ca8,Usher
7cda2c45-7b6c-4be6-8de3-7b6cb0cd19dd,Hill
67988c2c-6eb5-41e2-81ce-173a0b217cfc,Owens
e7ee2bf1-fa0e-4ed4-9882-855e729c181f,Alvarez
dc6be041-f201-4cbd-80c6-a50fce9e2df9,Chavez
92bf2643-ff59-4f01-8987-fef125a16399,Gonzalez
440468df-0547-471d-8267-85588526c325,Vallone
9b3f1bcb-26e0-4fa6-a84c-cb304071413c,Sandoval
bfc02a6f-f264-4254-821f-c16229fa4212,Flores
a57b99b5-daa7-47f8-8ddd-fcb0014fcde5,Wolford
61934320-d552-4445-a8b5-0d9481d573ff,Reed
56e7261b-8773-42fa-a95a-70ca8d004181,Kelly
4e7fd951-a5fc-4b19-9f22-8eeba99d587f,Sanchez
2c3fba8e-450f-4a13-b77a-25f7999bf215,Jackson
7b196a73-7638-4ab0-ae92-37efa0bcdb67,Ready
83e354a7-7bb9-4d6f-9ef2-ae8e281c0432,Gustafson
c45835f6-4ca8-4fa7-abf3-17b04888be5e,Echeverria
47c1269c-8f83-4bce-a8f5-4cbe2aab9bbd,Harris
b6dd121e-d8c7-4e99-96f7-d8dfb467d957,Brake
78fb6ea8-84fc-4099-9722-ab744e7b6e76,Jackson
ef59ed9c-cc2c-440b-a341-f103f4df6cc1,Suzuki
5e946e72-6baf-49c4-8528-5e8d7171258c,King
e1f384e6-0140-4830-9f3c-1826a5a37c65,Henderson
3882d9d6-dfab-48c5-ad11-00725e0813f2,Griffith
f90981c5-2e4a-46a6-b1f0-8e55fe5493ad,Frost
3f03c27a-3d02-4cc0-af0f-64bdafcc0b26,Fishburn
654b5031-63b1-4861-9fb7-601ada714eec,Vento
4a4cadf7-e748-44e7-b06e-eb3b0f580091,Madison
b3424a9d-e7bc-4e9d-a4e9-18532bd08d44,Blanco
dc3a6e4e-b40a-42cc-98b8-88144e03c1d9,Coleman
cee951bf-c36e-4403-9824-78618e669013,Smith
5fe3b7ac-7043-4ad8-809f-53a6061453ed,Evans
19c8dd84-3803-4e56-9a0c-293054d8fa12,Williams
ecf3b7c0-c4e0-4511-89fc-be55c1171509,Gillett
392740d0-7bf1-42f4-a4f2-5e42cd7263d1,Chapman
9b5a234f-2d1b-4dbe-9955-86d1cbb9573e,Thompson
2805848a-bea3-4a7c-a067-b96bec25146f,Cox
09031d60-a03e-4940-a6fe-77c3e6a41dd0,Mack
9c12a747-d27a-4a28-b336-de57a3e67e64,Carmen
d4036b11-4cb6-4d84-8fcd-8fd8660668f0,Whitesel
68be5cf0-3f38-4a1a-92d6-cacf0aba8e5c,Smith
f65ccb25-9fec-4bfb-b2c5-4ef560147963,Nguyen
39b4fd49-d31e-4e0a-afd2-b28dd23842f8,Noel
cb5fa220-1807-49a7-b9ab-072ea8ceafd3,Phillips
f30d80bf-665a-4405-bda9-549c8d97ab71,Price
516979e4-2f0d-436e-89ec-c914eca5a249,May
23a45b49-f345-4a02-80fa-3abbe29e52a3,Harriman
e4d99d74-11dc-43a3-b2e3-97644900310e,Goodwin
4d804b2a-0479-4515-bdd3-991a06358a2b,Jefferson
aa1198f3-9353-4cbd-8670-94a743a83071,Labarre
2b8c3d15-a372-46fd-b218-ee80555841df,Lewis
a11796c1-8775-4b47-bb95-0f7b022d92ee,Chiodo
e788e36c-285c-42ec-a717-cd6322e23c4f,Jones
2e6cc634-1cb8-44ee-b52a-74cc4b097fde,Dodson
1b6ca15e-cda3-48e4-96c7-2813e6aa7ccd,Siu
5295b513-c57e-4a8a-a141-bc6b92184c47,Ford
369d635b-aa4d-4588-a117-63c069c4be9e,Hansen
bc81f74f-d906-441a-a7db-b3d6dc1babec,Soltys
0b37539f-9480-4b04-8364-7f8ccae49723,Morris
0558bfac-2cd1-4194-94a1-3b01f71825c8,Reinhardt
a17ae2b3-4bd3-4d57-ac1f-be1d5be9b4ff,Hughes
a2bf4cad-05bc-4d16-b3e4-4580574be626,Blaylock
dcf55853-a41b-42f7-8fb0-52e15e44cf00,Tatum
8a8ddd52-fba8-4a41-a1ee-491778ff8eed,Deleon
e0816d4f-5a76-4ceb-8bd2-45ed0749efa1,Maxwell
855f075d-3041-45c9-8218-0877a2934c46,Rosalez
e0d9389a-4acc-486b-8925-7048c02414ef,Vega
5ffb3787-2e8e-45ee-9734-9c5f2e44cb90,Rumph
de2e63af-fdb6-4a72-abe5-1b9623262c31,Martin
ed9ca751-cc79-490a-9730-661cab211965,Smith
efb82c04-0183-43e2-b2b2-8ed9685aeefa,Schmidt
46203fab-da51-48f6-a862-58a4cf096efb,Perrone
ce192f1c-53ba-4f05-b3a0-4a80baa3e613,Ball
067c7c9f-9319-4cd4-894e-e2fa594a7ebb,Robb
6f622a82-264e-4936-bea2-6939b5d4d567,Graham
139c3bec-e5f0-4d02-963d-48f8c3730382,Washington
127e248b-76f8-44e8-a642-e2903b2add85,Peters
e8f4f292-3305-46c7-85e4-b76e4318b6b5,Heitman
7079743b-2cb4-4858-9d02-4f165570c7b1,Fish
d836e6f9-90b8-4c6c-b5ab-38fd3274352f,Rein
3a152f95-cc12-4580-8a5c-c98f867e1b19,Greer
e04d1833-bf03-4701-8060-27b8d5eb43fb,Dyer
fc2dd291-3ccf-4ff9-8392-aeb7fece9a43,Williams
2389c74b-9da9-4303-89c4-be5a4495547f,Gonzalez
83bf2b0a-7109-4a72-8f70-d4990338397f,Enriquez
7b8f0e03-ebb6-44c9-afa1-4a1782edf936,Holman
11c823a1-2ed8-42a8-ae8f-d5c8fa476120,Webb
97ca181f-50a4-4f40-912c-086d4c0c9e5e,Kelly
a0dadb38-0dcf-450f-a31b-38e395847b25,Swain
959a5968-9c0e-4d87-a2eb-3b3d2fc5a57e,Stockman
9662f865-ad86-4fbe-84cd-4bdba1bf1f9e,Lampley
7ba502e0-0671-45d7-b351-7c0273c117bb,Waddell
5cce5199-9313-4e4f-9475-548fbd0c3342,Dunn
31bf2be0-99a9-48fa-ad76-9eb8deb1607f,Boulanger
7c00e274-1815-4642-ae89-15a48861f359,Murray
656d425c-cc1e-468f-b847-c7510cb8faff,Levron
776665e5-5705-40b4-b8d6-4a5634342620,Jernigan
0d00e010-4c94-4fee-8e51-984575f7b249,Guthrie
ea01dbe8-e541-4686-99c4-fefe7f6b1f93,Hale
548eac1f-ad61-45d1-acfa-c3563ea7f9ad,White
0c9448b4-2f22-4529-9739-01cf8454d265,White
946528e8-532e-45f6-8bf7-c892704c4d05,Sattler
aabe1c53-1f5f-4c75-a615-9ba3d5d72b5a,Ricketts
4da5b500-b84e-4e66-b409-acd6d1ad28fe,Silva
b28b0e26-f225-4d8e-91fa-ce7e1cb537c9,Clark
3243d41c-7ef3-4e97-92d1-bf26303948f2,Nunez
9904c8fc-9344-48bb-a24a-9160922882a4,Feathers
1eae3ea8-15b7-4d19-8e9b-10e37054faac,Lopez
d69b48e3-04ab-4822-aa5a-7b0e0d6e9e64,Gilbert
b7df7474-33c7-4316-96b5-66c33a6e4857,Liang
2eb1d068-e536-452a-9721-3c02b3460d14,Findlay
8db0c91f-7dd2-4547-b335-599b5aec9c90,Tiedeman
85f6e628-a749-4aa7-bede-39d3abf0e365,Dashner
0afa424f-340f-4937-b95e-6525e6b0c142,Strunk
a2a25161-e99f-433f-be37-2d08168ab589,Willis
49db7031-b29d-44af-91da-8c04a7f9e226,Turner
b7aa56b9-6a04-4db2-b5ee-fe3255780359,Zerbe
f82c49cc-5a15-4ad7-a4c6-cd920b8eccde,Rolston
6e5c12da-2572-4c26-85b3-37e716c146c8,Harris
1de07dac-981f-41b1-95ad-96dd1158174e,Meza
0bc4bd85-c7cc-4e55-9a82-8c6c19681a30,Branson
42f85e4b-fff5-45a1-87f7-f0c7fbbd88bb,Herrera
968a30be-57b0-47a1-8a7b-b66b28b8df5c,Foster
2c1fdc9e-364b-4ede-8b5e-49d8e37869d6,Moline
91bdba59-8084-4697-90dc-34d6e1b83afe,Ramos
0cd8102c-da1b-4a74-ae8b-f0f7dbd66061,Lindsey
197fca1a-2a95-4933-a9a2-24d826d1c27c,Younce
9b1d6c6f-19aa-4652-8472-bf3b7b4c19fc,Rudolph
ab5bbfed-cbad-4431-9c4d-27ca77efef4b,Williams
c0840a27-9022-49c4-81b4-9f794e06dceb,Aguila
6c9b7e67-685d-4fb2-9e2a-2accc84d64ca,Flanagan
de6c9cf3-95df-4caa-b840-1c60e86e7021,Abbott
5bef2c4a-9ee1-4faa-b1f1-f0e0cfe35879,Maurice
2880f624-1321-4c13-9ffd-8a02bd4522c6,Milano
42e79f94-973d-45bf-b885-8530e05ff2e8,Knepp
1700ff2e-1e1a-469b-960c-09a5ec26cba1,Stec
103327b5-a551-477e-ad87-3d20bc39afd5,Mason
d93dd809-54fa-4bb7-9367-9818458603cb,Jefferies
973a3b10-870a-4f59-984c-ea1b27cbbe26,Blankenship
e285843c-8d69-4d61-b675-66583687b299,Sanders
a906e053-6c97-4887-b0ab-deefe27ce5aa,Hazel
c6bdf3fa-3d44-4604-9e38-9bdb6b5609a0,Lanier
e8217cec-b921-4569-8f0e-d1e96cca2216,Rosborough
7cd167a3-25a0-4f8d-b2a4-70d482b3ae1c,Moss
eab7e9e2-d11b-46a0-9826-2bc48215f608,Henry
4901d324-bced-49d0-8941-7a96ac548f95,Shankle
083ff5b7-d8c6-47d9-bf84-cb0b119fa824,Whatley
a80584b1-88f8-4ac3-bd0b-72127b7e6a2c,Green
ceacedc8-4ea3-4fb8-a490-0398194b8ffb,Zwilling
dcfb4a42-e9da-428b-873a-d4deeae310bf,Gonzales
642da871-82b9-4832-9c54-df21e08f590f,Stolz
d790b87e-a756-4efc-9616-df4cfa51eb23,Arnold
65640b57-71cd-44f5-920a-d30b8073b1bd,Lamm
dceec82c-91f7-4de3-a618-acfe9928b968,Alcantar
b214394d-9c63-4957-94cf-995e98b3c6c7,McCormack
d8de8f91-0d10-4da9-a13b-177d6674933d,Coffield
0631bdd0-0f90-4be6-bbd7-cbf3d8662e05,Smith
fd72c9a4-d974-4476-8906-7267bd91ba7d,Willems
4b4787d5-a897-4dfb-b38c-b1410fabd41f,Sutter
c69ce2a1-cc49-45b6-aace-388c309fd65a,Thomas
82577bc1-41af-44ab-9d6d-515b6ed3db40,Johnson
f6a6d95a-207c-4412-b797-1434fc65468c,O'Connor
2d2c871d-8279-4cd5-8c18-7dac8d12dcee,Henderson
fb8dc297-0830-4933-a8dc-3366eca8c48a,Neal
91c9fe79-1ff1-425d-8cf8-b391ea40c774,Workman
3ac38c69-8caf-4881-ac51-a1d77cb6aaa0,Marker
a7b19fa0-cb1c-403c-975b-224441f497c6,Newton
a47c25d9-f97a-46c7-86e7-fb048a7a4af5,Holt
cf0e5629-5cf0-49de-a5c0-9064a9e30617,Brunelle
17914199-7a8d-4468-bb6c-2bf8d97c20fa,Oubre
03e82b86-e568-4f98-b046-0104e4820e61,Peterson
6a827fb0-f98a-4b5f-84ee-33877ab4d645,Lambert
308ba73a-c617-4f29-acdd-3bebe234ea4c,Hollister
26449657-33f7-4aa6-a989-2fc121a12c46,Rodriguez
f29ae84b-6f8f-4135-bca2-450c80746635,Delgado
89a96a1c-3281-4957-be57-4c8e0c685b62,Matsuda
29969a14-323f-4e02-8411-a6ec9194a0ba,Stokes
04c67710-173c-45f0-b1d7-3b5d3cf30ad9,Tabor
85d238fc-1242-4074-9cb1-662a643db42c,Ornelas
2b8b935f-afbc-4c90-93bf-e6e93892ca04,Heath
82c21bdd-ab42-4aef-bb32-98931457cf3e,Gaffney
ff820bbc-375f-4ec9-ad66-79a32f8a74fb,Brooks
ffc56e7e-0d77-4f8c-95d9-b0aaab238310,Metzger
25fe408e-ec3b-4f21-b778-423ad888f871,Henson
c97c0602-9261-4cee-8da6-5e0999808576,Roose
2623ffda-a047-4aa1-ae7a-c75eafd52113,Grey
f0403a91-28d7-4ed7-89c3-715951fbb302,Murphy
9988ef09-9cd0-4b9a-87dd-c48a63930815,Sykes
d503ecae-b2c7-4ef8-8fc5-4f684f3acbd0,Vela
eec8593a-8ee1-4ad3-a54d-4ed3f1b6c2ca,Tully
844f2a1b-c24a-4786-8ee7-28ce8d429202,Kidney
66157c6d-08dd-4af6-bfd8-497a51ed8d03,Park
3168a6e5-0ad8-4ea1-9add-1910dc27b308,Duncan
b44dc088-f995-4b16-b582-d9450d7ce518,Redding
9ef28bdb-c1d8-441e-bd16-7afb5a3e780d,Fahey
2bb6eb68-9ba7-4b71-b951-f194268cf95a,Howard
3fcc01ba-c53e-4951-8dd5-e6a8aedbc18e,Braswell
593b9c94-8698-40ef-b487-be92643b9135,Fong
5080be23-b752-41b6-b375-87113bb84251,Hoefer
d09fb0bc-74b4-4e61-b0e4-76e618333e6a,Roberts
76683b57-e5b5-4ede-aa69-9890729a48e8,Hagen
ab2210ea-a8d0-4fc5-98a2-79b8c50698cc,Evans
a9e6e7e7-6642-4108-b77a-a42fbeda57c7,Green
2db09548-6386-4e2a-bc58-f3cb37915fe5,Lindstrom
b3a8f38f-723d-4589-b4a2-1606a321b02e,Guerrero
bc231124-ee9b-4ff3-a1ef-8ea79e5ec58b,Smith
eba0d407-ba25-4634-abb1-c7acc8f3a4cc,Farmer
39d66295-5887-4a62-85ed-e32e90bef05e,Camacho
9fa6cbf9-a907-491b-843e-57e1ddef1c19,Tucker
e49628ca-b76c-45d5-a55c-7a328b2bd008,Everhart
69d64305-cee9-44f8-a6e0-8024f9d7d3a8,Marquis
916bedc5-f60b-4cc0-afd2-4c2d5877bde5,Moller
38e4ef79-1d0f-49d8-a069-f4a3bf3f24b7,Cook
a8ed0c46-2631-453e-bb9e-9c075383ca7d,Morrison
5a95ac58-8caa-466f-a7a6-65ed0416be74,Pridgen
fea2556a-1e59-4c98-9991-7a896ff8ce34,Stark
05f3a4cd-2d15-40f9-8d1a-5c897b9da046,Scott
d2b4f429-87a1-4380-9e8e-1b3c9d04e377,Lombardo
9ecf8558-fbb8-4679-ba87-af0c6c6b5b7f,Dodds
af4af85f-6fad-41cc-a5a7-22a3085e3035,Cavalier
feecea0e-3308-4847-990a-5ce341cfcb3b,Fabrizio
954d7f67-895e-4cf4-afeb-3ad03efe3f45,Thomas
bc4a713c-3e5a-46c3-9d81-19ea136d86d8,Farnsworth
7ef6b684-fd1f-42dc-a528-a60e1b4a8cac,Dorsey
8fdb8c1c-1e5e-4e18-8409-fae844e7c5ad,Carpenter
c61496c1-d20a-4c0f-aa33-36757825bcd0,Keene
a6c97c36-0d82-43e3-87da-fa7b9b40cdf0,Olive
755b732e-c7f6-4b19-b67f-7753e4258804,Rhodes
e9bbac1e-3a49-42f5-a3f5-3d24841da0e8,Chen
0c8c6d3a-5ed6-4d07-9969-0d78c806bb95,Henderson
cf5bfc31-10d2-4ce4-a04a-bd5cb675ab43,Hicks
5562326b-3b08-4f99-a6fd-5dbfc43e95ef,Teal
a34d13c0-9faf-478a-b9b0-6246c8659f6b,Salgado
deb231ee-f192-4304-aa11-daf49b974d0e,Chastain
9b5857be-37e1-4f31-a3af-0cb5a4994e92,Purvis
ca4b782b-41eb-477a-8c14-f75ad91e7813,Perales
d6f97e16-f4cb-4029-ba55-48ba94df25ff,Hoff
4fa45914-c010-4645-b24d-29ea34c5ed81,Rios
d2709264-74df-45f2-bafb-a9f88a80e055,Daigle
2448ff29-bab2-46cf-a71a-54401d87ae49,Smiley
1288414e-5323-4770-b62b-c859214cd279,Ivy
3bbe97a8-b904-439c-956c-e1c094091258,Wade
32620242-84fe-43de-96b9-c19cb3a0bf88,Silva
7cf07e62-c059-44c9-9ba1-84138f599be9,Norris
e5b9ead8-9cb5-4a13-99a3-979558400d1d,Magee
86b3d5dd-55b6-4bac-af23-d909bf9bc955,Thornton
9d039629-8a32-41fe-809c-6b6f47089883,Horner
0bb58367-8e33-4d30-b9b8-17e6d13099d3,Green
d19b2c1b-6313-4947-9094-f836b46d413d,Hansen
bacade35-7898-4a24-98bf-03debb85fab4,Broxton
747c1f49-1405-4c6e-ac08-2fd7416d6786,Cage
7733b10c-912e-41ce-aa3b-972e8274d2ce,Zamora
d11ca0cc-580d-4002-b991-772cd64da387,Hamlin
9e7c0592-df27-49f3-b2b4-9137864c3f83,Warfield
718c4692-fd5b-48c1-8086-38dfac4f0ec1,Martinez
ada89454-14f3-4f46-a941-f11b1a102acf,Newberry
ea0ab865-5355-4c10-b310-aec04e52d8c5,Lowery
4e99b851-2301-4ab6-9a1b-6956623757c2,Sosa
9ba56362-5376-4e77-ace3-7d386402b96a,Dewitt
9e010638-6d8c-4b9f-86d5-be8fe0360c41,Carter
55758a28-c121-4034-ba37-3ad9d9f1b80a,Markham
97cecb2b-1148-4477-b061-aff21fc88fc9,Pyle
a1d80137-39af-4cd3-905b-839391257a46,Goldstein
e7b05ace-d2d5-47ca-b6be-27beb83cab26,Scott
8fe0fc8f-0824-40cd-ad04-944936be62c7,Jent
6813daed-fa35-477a-802e-fa58d3010d71,Dow
50ab7110-4bc9-4ef3-8c99-8748a69b7128,Soares
dd2a59eb-b56f-454b-bf2d-922dabaecb28,Patton
728a949e-fcee-423f-b22d-2e583ae023c2,Griffin
264862a2-b39b-457d-a4ec-06b1fda2e53a,Arnone
c3af1937-5ea9-41df-a71e-f259499482a1,Crawford
78d39f49-e029-4c80-8932-b527bd71dc05,Husman
71552a05-7b33-4551-b62e-314ee29b3ca3,Shanks
5903ba71-ff17-44ae-a89b-d8f24f5fe90f,Birdsall
02425f60-963f-49d0-b8ea-318c26565c36,White
8d6e26af-4c7b-4047-a73a-fd45ebb5dd70,Scott
36b569e0-bd07-4e6b-a1dd-bf1aeebcd662,Cotton
d03afdff-905e-424f-a333-8076c75dda3d,Bonds
2c61248a-d659-42ee-b9aa-cbbd51028586,Teneyck
6238e28b-a379-4275-b22b-16904fd1f33b,Eller
a67c664e-d607-410e-9ea2-f4648f4f2f06,Roney
6d215dda-b6d8-4f54-8b04-e4381554ed19,Beck
23d93388-0b7d-4452-8c47-7162730bbfff,Burton
57256a6d-1bfe-4fa3-aa25-ba685974bf84,Krueger
93e94aaa-ab4e-49a1-b8ac-733e4f0cebce,Freeman
73f3c9ee-2093-4cba-b0af-24f7e50800a3,Leathers
e97ea2c1-8ad3-4cef-a258-0f727d13a8cc,Fair
31946ad5-88e7-448a-a1e1-5bfaa2e8ecc0,Martin
4b3c93cf-219a-4947-a91a-5af5ca5b4374,Chaney
b42a1040-4cba-4ffa-804c-0cdc59258fae,Parker
93231951-d175-485e-a1d7-36106ff3207f,Bottorff
b378d42e-08af-488f-b77b-ef4db0bc6de8,Gorman
bce2b41e-5ed9-4903-af7a-1e4173c8aa06,Rice
92a79254-f4c7-4fd9-954e-a8d447d22cb7,Patton
d47829cf-6eef-40af-8dec-1cd0a9eb9c52,Hagerman
20811c83-dbec-44e8-9142-e10e70015275,Hallmark
ff088f93-a131-421f-b160-461f40fd35f8,Williams
e581845f-4ca3-4203-b14b-4d98e0fd1774,Jones
a9e011fd-732d-48ba-a42f-55e0b4b3cac1,Smith
35bd6a01-0b7d-4a22-844a-1c27775a954f,Eilerman
d53ae785-4411-4045-94d3-21f1c428f199,Spence
b054ffd9-130f-42bf-977e-6982091e797b,Vasquez
640b295d-8081-4b9b-85bb-6380079e6a68,Coronado
616c05bc-df10-4739-9810-47d87a277c54,Diedrich
390d5bc8-fcab-469b-8158-d447f97ca813,Smith
a570856c-a2ad-4490-9499-26f58319bd4f,Cameron
ecdfc99a-1f97-4973-bdf0-39eb91a28642,Romo
9cb1b5b3-cc9b-4a56-a03f-401447e5e62d,Jones
6503bfe9-e063-4584-8e5b-576fb85e47de,Vanover
09f7ac66-2aa7-4c1f-8a74-18be42fc3557,Chappelle
ecf5b4ed-6396-4d89-af35-e8e78e5e1644,Stewart
62a233cc-6200-40ca-a281-48729931f406,Medrano
e4793069-7e69-45c8-9801-e28c8359a673,Rose
a109bc7f-cb5b-45a9-84c8-695efce7c0c0,West
6087d7c5-259b-4d34-8c07-a55b6f009951,Rafferty
5568eebd-b986-4714-8e0b-e7f51310e523,Powell
17e604ec-bf83-4a0a-bcc0-de4517eaf6c5,Martin
27644b24-6fe9-4544-bf6a-d751a601a880,Thompson
e22b8fa3-5446-49b7-b8a7-0f9813875489,Wells
c60e5f91-1ddd-4242-bc7b-dbdde39044d5,Owens
bbc85541-90bc-4909-8caa-b508a4fda7f0,Roman
e45b43b3-f03d-49f6-9b2d-95adf9a66c15,Lacour
c256e9a2-ecef-4751-8bf2-d5dc93dd9d7c,Adams
d9fb7a7e-8dc3-4655-b052-7067b0a1c499,Smith
92d55227-04a0-4aea-a3d1-cca177cbf8f6,Cummins
285ed065-a30e-4ae3-9d42-1def3f600c03,Honda
b63cd631-5212-42b2-aa35-faed8c1720ce,McClain
db3aa925-9501-40dd-a279-1ce3f4702021,Paschal
341b1a22-2ce8-42a5-b6b4-b13a29829c19,Whiting
58e6d498-77af-45c0-9b83-b6be9be434c1,Ching
71eee00b-afa4-428f-9b55-9a5b9e084130,Murphy
627c1d44-307d-4ec9-9e55-2d73ed2a7444,Redding
34630345-39e6-45c1-9632-0979fc1ef9d4,Gentry
1e14b437-103d-4e2a-9c27-dd5b9a2e4984,Sullivan
78836921-7284-4aa7-965f-7344e4a142ed,Powell
1374472a-74ee-4267-842b-1c71fbc9b930,Watkins
e10b46a2-e167-41f8-8f3b-d2d2bb5df979,Taylor
bc0bb985-7e9a-4f1c-9204-fb4f589423b9,Getchell
c4c506bd-6dd7-4da1-8995-5ab986be18d8,Brown
c8ffe5d1-4722-4f65-b9a4-10c73831625e,Wilsey
ed3c27e0-dfd1-45dc-a984-bbfacd0cb15f,Hamilton
36fb241f-1e5a-404c-9b0d-30484bf30993,Cave
bf19372d-da88-4964-a5c2-59f27f462859,Stoll
3920bff7-f324-447d-bde7-2210944b962b,Sneller
50e21af2-2c5a-4f2c-b779-787379a877df,Booker
14cb5809-54a2-47a8-8ca1-5ee36955250c,Powers
976f5659-e3f0-4211-ab36-afb4ca43ed81,Cupp
ecd95bb5-7164-44b4-a8cc-1c68292e215b,Geist
8b2b25b4-2d59-4ce0-8a30-8e4f6a21098f,Larson
7d64624b-b33d-486e-9297-4b7df8d1f300,Neves
ba3e6c98-04a5-47f5-a390-137c778b9588,Padilla
eaee70b2-8c00-4df3-b4cc-ad751053e77d,Carter
c076560b-147a-421f-8275-a348f50b01d7,Angel
f2404552-c985-4cd1-9b57-730cd8777104,Gaines
eabe1676-5c6c-46d4-9482-c78b2fcedcc3,Stone
4ee84178-bd2d-4a66-bce9-961b7241b4d9,Buss
82f011ca-efe7-49b1-89d4-1982cebc38d8,Archer
4402d996-6a8f-415f-8d4a-bf774429c803,Small
5699e16d-c601-4bf4-9ef9-154cf5ab173b,Smith
480b3c5f-31e1-4768-add0-6835a3352fd1,Wright
092eb396-a4b4-4ac2-8b22-4faec2ddd74f,Black
ea9b5e3b-38f4-4c19-9249-4f07aaefce8a,Griffith
82d2c754-c2ec-46a6-821b-52a015254a49,Thorpe
b9862b34-3a04-4bc1-b015-d7bdc143d41d,Davis
77ff9e98-59da-4ef1-91c1-eef33bf923d0,Anderson
b0bd78eb-a02b-413a-838e-881822492353,Garcia
ea88df76-ad67-4b49-a8d2-5f68657732fe,Boyce
70d91522-afb4-423b-be8a-40a925635882,Lizotte
e9feb51c-0add-44a1-b992-71ab3a4c2fd1,Hanson
c0602190-4a2d-4a9b-abb5-bbf8eecef9a0,Benites
b9853197-9249-4765-9f6b-c0895f58b670,Thomas
006ae4fe-c596-4f3d-9aa1-2bfd4e5f6a58,Rauch
d7fa0c1b-6ffb-43a2-840c-3e2d2f21c914,Duley
aefc698c-48eb-43a5-8c56-76b89e682130,McNeill
1776ed7d-8f16-4180-b3c5-1bd71bdd6e0c,Robison
90df6cca-0eb9-41fc-bd87-4e45b9a07ca6,Worrell
b1bdb95f-5c39-49bd-b41f-43de2b567d30,Martinez
89a498d5-f67a-4486-a1b1-f8462d6b2a53,Howard
630a4ca3-85e6-48a1-b3fc-73c4c406c1c8,Cantor
93ed4b5e-0308-4ee0-9d77-daa038dda504,Thompson
d4ccee62-6a30-478c-86ef-8078739f5d32,Singh
8d2b6619-899a-40c2-bf2b-82e3ee73ff90,Richards
9d944675-ab72-412d-a90e-515cd4e1004d,Mark
01dff5f4-02bc-4e59-9296-55161c1285c2,Medlin
d8380d83-b20e-4aac-9e5b-a33e409f7e87,Aaron
14963cd1-e26d-4bed-958d-df96e381e634,Johnson
204ca243-ec80-41c4-81e2-c67e160af062,Diaz
950137bf-66c9-4c78-b961-8cf5c47f6692,Schwing
11f3d3cf-c3f6-40c6-bdb7-6862150ba507,Tapia
7f8cd429-6c39-40c7-8954-0c97246f1e6a,Wetzel
ed2e51b9-0d94-4795-a4e6-7bd1d820fbd3,Hardy
79280da1-008c-426a-ba06-e97bb7805b0a,Padilla
7bfe41e5-b23f-458f-bee9-1b6827bac001,Kelley
79e003f8-7546-427f-80c2-f714ebbf26c4,Whitley
25c0b7cd-a7dc-4b69-810a-bbcfe08f6f7a,Belli
afbb4d9e-a761-4270-af1d-01c13ad9fb36,Williams
82bf15cc-5bd7-43d2-9da3-b8b2a688635e,Arevalo
138e20e7-0914-41d1-b10f-ec55284c975f,Ramirez
4e6b2745-ef91-49ee-b41e-b3e5d944e3b5,Roberts
221d33c8-91e2-4d2a-b198-b3628f9f0734,Musgrove
5912dd7c-0867-4e1b-b793-3b6bca1d7fe4,Crow
f4a9fefb-ddbf-4bd3-bb79-60993f161f89,Austin
ba292bbd-f86e-4699-bb48-b62f8991a26a,Adcock
fdcb60c9-4cb5-4d5b-9daa-db4e6045a674,Giles
3ea57eba-e021-4f98-91d0-615106387895,Anderton
2ed3ea4f-5ef4-4910-b636-f09fb524c6ef,John
25507ced-7915-450e-8ea5-8af96c7beac4,Meeks
e52925f6-f053-4acf-bcc7-379d19cab91c,Smith
d5f0f89c-b885-4365-8b3f-9813967ce89b,Huffine
b066178a-af70-41b2-b9c5-5e96fcd077be,Riddle
c87aab52-d307-4977-a7b0-3dc965926ef1,Moore
ef3b1eb3-17bd-43b4-920c-df0a7b8360c6,Eddington
94989b0b-0d1a-4d2d-95f9-dd61915c0990,Pierson
9dc6b403-2d42-4cad-845f-b97205fb2260,Rivera
433c9733-4f38-4372-a851-a0bd81c31c80,Garcia
d9c7117c-bbc5-4157-8e0e-400c3826b6df,Brown
7de5e004-ab7a-4a9d-847b-3b68a703334c,Vogan
ff54b4fd-bd39-4b97-9982-6809b94da501,Cooper
5d7836d2-fb05-402f-99d2-648d8eb2b8ac,Minton
8cef8f65-ad14-4093-aa71-7ff8ea14b2b0,Ross
e1f441fa-fed0-42dc-b90c-f5f858b9f48b,Owens
f3823abd-f1be-4045-a2b0-413dbfba4d41,Martinez
bcaaed3f-1d29-44db-985e-aea4f2b46bd8,Lawson
a5989a17-8b35-4ed4-8ef6-f125e79f6b73,Ulibarri
e72ec6d0-a3de-48ee-9bf9-02696805c119,Mills
74937e97-365a-4733-a87e-9fa94b82fbc3,Rojas
28922c76-a9f5-484f-bdfb-a1ad0b172274,Woodall
44cf9d11-a472-4757-b6c2-b66f8b7a362f,Herbert
c5ec86a2-a3e6-4bfc-9a92-516c18a40e2e,Lopez
e3b11ff4-8274-46ad-9f55-977d39e829fb,Labarge
819f4afd-a5ea-4abc-88f3-60c3cb7965b4,Coleman
292171b2-c4c5-4470-836a-c5bd3ca8bd9c,Burgess
dab3992a-7fbe-4551-af76-f99c9c4e43ee,Flores
06834a05-3012-4ca5-8554-ed7406ebebad,Quirk
5db15223-ea4a-41f7-a6cb-80f81c314788,Chavez
449eed92-6c9b-4c1d-a725-18b0676ff578,Love
5ae92a6c-4f50-4b65-87eb-048829b6d85f,Auger
927d7869-dc09-4ea5-aeaf-9fe6d19987f8,Flannery
64d87f47-78b9-48d4-bb20-4541bc5d15ab,Dunn
40b74c2e-f510-4f56-a5a0-4bf7b61714db,Neal
c5d22333-46d0-4849-90bb-3c8881e82b80,Love
4af47e1f-7eb0-4fad-8ad1-b9b971de25d4,Serrano
daac1a15-ead5-4021-b15d-2212fa4c853f,Cutting
db6c6509-096f-4153-a8b4-2f705b9ef2a0,Hilario
d81d1235-923b-4bd7-931f-c9802d401340,Hill
47d712f7-c304-45fa-9a1f-711ba4dae36f,Johnston
e8f72986-79f4-4bd9-8052-e91f5fdeae11,Carman
c7533824-7895-49b3-8d47-843df30e795f,Basil
4f6a5a06-b003-453a-b24e-ba2cc3928b0f,Cartwright
efbd33a3-7555-4975-9a2e-8c4b3e8ea31e,Jenkins
f1502959-1722-4b8b-aa5b-099b22fb356e,Johnson
bb2fd2e7-fc79-4a01-937a-a9b50f8d5c1c,Collins
96321ce3-3625-4eb4-9f0b-f6f82af5f22f,Dang
aaffe57b-3e8a-400c-92cb-599521a88186,Rogers
ba4e6d6a-ffe2-4d23-a64f-9b7a4481a586,Shaw
c6a1d2f1-1003-41d3-8fc5-c365f5dd2faa,Ward
28fcc5b5-3adc-4c9a-b2df-39ca499ea9cb,Aragon
05e21654-39c3-4e5f-89c7-78e8a8a3cf1f,Gibson
95862dd8-c1aa-4253-8cec-dff7c8b56d7a,Parker
69a61b63-c1e9-4845-b875-7c49855fd56a,Cross
41bd657c-441c-4c4a-84a5-41f90b8a5722,Klink
4b6e1923-11fb-492a-a3fc-f31619d48d21,Douglas
8382719f-a095-4901-a3db-2a7567bb3727,Mutchler
48d0068c-ac21-4eb7-b922-e567c8ddb665,Green
ee99ea62-2fde-45c6-bc4c-4e0b1bb7703c,Brown
fd385469-937e-4530-a865-f383be8ca831,Hassan
dcaf1952-8153-4fef-84eb-45db29a94760,Potter
d4df3c44-b20d-4c2e-897b-f7e727727027,Pinto
9219aaaf-259d-43fc-800a-f140639986ee,Carrasquillo
1e6f2332-d5a4-4af9-9239-79f065ec6e74,Rankin
69dd0b8f-5feb-4ef7-8dd4-def473d427a8,Nardone
bc5126dc-3bb9-4ff6-afac-2c60ca261d18,Riley
8fb7cb9d-65a5-483b-8a60-4e930d80e1b8,Freeman
eba5612d-3aec-4caf-85fd-8e77e91a180c,Lopez
8e15a26a-48df-46a7-806b-f3b06898fb25,White
80a4aefe-188e-44d2-acdb-34e7fdc60599,Niemi
c0fa41c5-d54c-4a5b-8a3f-cb1c38717f81,Lonergan
0ecee8dc-42d3-4404-aa7f-ed8e59b68cb5,Galarza
5a0af565-455e-447b-9188-421c30df4a62,Snyder
42d38461-014a-4efc-abbe-82665581d0a9,Asencio
f7ba0469-9a15-4418-bdb1-c725af0e0b6a,Soule
94ebf36f-14b6-418c-853e-0f4f8e16f41a,Eisenhart
434cb913-7876-4f5b-8423-e6a700d9e616,Baker
35f070f9-dc83-4e2d-9aac-350e8d100688,Porter
2e55dd2e-95dd-4572-a625-ccf51934ac1e,Wesson
29f200d3-05d3-4ae4-805d-e965e13dfe6a,Aguirre
0e978f2a-6878-46b2-8dc1-6690a248c241,Harris
7cca7de2-c280-4f50-85af-1ec3ad3a3415,Griffin
004feb92-e2fe-4a08-ae63-23cf37c93cd9,Latimer
55ba67c9-2a72-4e11-861a-b5364b51f511,Seabolt
cc60584a-7b4a-4219-84ff-0d09893b901c,Blackburn
bab3a900-58f9-48a5-a6c7-f81642312cc1,Nelson
d80a1b72-edf1-407a-8b93-6c626eba48ad,Rusin
ad6e5bb3-70f9-401e-8523-c7a69edddbab,Blomquist
7e24a797-ac32-4772-afd0-397fa909b58f,Sawin
6913fc8b-bb5a-4209-8312-e807c58db583,Abel
3b66b235-2fa4-435f-b9f9-2d5c76924bd5,Osorio
ea14cbbe-822d-4cc8-920c-7510a5ff5ffe,Swallow
e6b3e0b7-2c36-4d82-9e65-3934569fc13f,McCaskill
de956bb3-310d-4149-af2f-5e13b27c4ebf,Brackett
b00e0329-df6c-4185-a66b-61540812c3d1,Reece
8b2fb62c-6033-4c3e-8393-87adecc45131,Ott
ad635e65-2209-454f-9036-14932131d0d6,Gurley
6d2126c9-4965-4d69-b7fd-2560bdc78a8e,Taylor
3474ed26-a7af-47b5-bb8b-2f12cb25efcb,McDuffy
70d92c61-cd2a-4e3e-9095-2e73ec920c01,Ames
4cf36596-5ac3-4cc9-800e-76dc3d908920,Little
20cb223d-b350-4cbc-b2ea-a064ccd9871e,Addison
f9aba347-0176-4613-8c46-3047c4057527,Flores
1e552961-f2e4-4015-9709-a337ca57be82,Chevalier
3664548f-5c12-43b5-8920-c52053bb8d6b,Garcia
771d9b5b-52c8-416d-9e5e-bfd22420a9c5,Dennis
8a91115b-00c4-45c8-bce9-e448b0ca4271,Stein
e5f9f09e-391c-4cf8-a114-9844581d031f,Montgomery
ca58329d-90db-48d9-b849-fd1b6a25c79a,Yelverton
2115dce6-3131-4b5b-ad88-dc1955899d1d,Wilson
cb4152ea-5220-480c-9b73-b473e042819a,Alexander
6125ec98-cb49-42df-8382-44534ff609f2,Moore
94928dba-4b95-4b53-b2d9-3f39b3162a97,Thompson
64c5c64e-49c5-407e-b2c9-f70d5e32ece2,Butts
aa18f3bb-d8ad-4ae1-b549-013947de619a,Tyler
4775732f-c56c-4a9d-8f43-84266a5cfacf,Love
ec82fc67-d1a1-428b-897a-d8dffbe146c2,Lafferty
9e3b7de1-1347-41a0-b9e4-045c7d0c151b,Callaghan
f593f4ca-4839-46e5-a5fb-5ae51f169125,Compton
d284a658-3094-4ea2-849a-5f5eef4714c5,Unruh
d9c05d47-6cd0-435a-8c4e-1934f67c4ce6,Grant
1c418eea-63d6-4e24-80b5-b79ff5bafca0,Woody
7051a823-05b2-4b30-9fc4-b97c442b36a4,Allen
8a2e0dca-31e6-4cbe-8b73-4fbb162ba607,Edmonson
1b4d0a41-157c-45cf-aece-a8722e1c0a8e,James
3c681910-b3be-4e1f-a02a-ddd67a8103ac,Elliott
9c188f97-8656-494f-893c-2e3df6498e5b,Tooley
8913dba2-e122-4cb2-9178-f4b3f8b655af,Harrell
7bb41d2e-71d8-4b43-99cf-c21a1f26b535,Keiser
93038d05-9de0-418d-bf5f-6ca7133b43b4,Dove
f40ec2f7-85e0-4ef2-acdd-9d9ce3dbc78b,Lett
710942f3-f41a-4d1d-83b7-eea54a0a273a,Michels
874be1a4-44b7-4aec-9565-0cb6c1baaee4,Hargrove
d9d1f127-7d2e-4726-82c6-e0a9b925e753,Solis
5607cbdb-aba9-4be9-8fda-3e2af4729b09,Wheeler
0eb8d2af-2a9a-49de-9f7e-e44616716fea,Oakes
020a5e44-d057-4a4f-9c78-462a3a398cb9,Volk
08aa584e-6a1a-4fda-85a8-71db3c34cac4,Bleau
b53ca53c-54b7-4523-a8ad-899f80669737,Graham
1487ea66-0b78-47fa-b784-e798a1612792,Wheeler
abc8c7d2-9cd2-48fb-8047-a2bd29b62518,Johnson
c94871b4-901d-4e0e-9041-39f0d0f1800e,Salazar
16bb3fc0-fbd7-4e08-ae0b-a52768929a73,Landis
e5a99797-a281-467b-8c1e-577b0e44327a,Aldridge
48fdbc02-d274-4d74-966b-66df7bbb260e,Guzman
ada799aa-3ca0-484b-ad23-9598832b5065,Moak
80c16628-9964-4045-b7ef-1bae74b2e5e6,Gehlert
fead64ad-4028-4eae-ab74-86666535834d,Pogue
f7ebabca-f3ad-4040-940c-83aa82d32ba5,Franco
5370f8b7-d4bc-4eca-8a3f-f1b689c11a3d,Jones
9ab1863b-52a7-4847-b381-8334227c23b4,Fulton
006f74a8-ef76-480d-a1e7-00113cd47c58,Spier
f9326e2e-6e6d-4f44-a535-50a0cccc7cd6,Casey
e19d9274-0215-4028-8729-4d4e3082a3a1,Nguyen
57bdf912-8910-4221-a84f-4ec131463d6a,Bloch
ab5d84ca-fd0d-4d9d-9faf-e1f1759becf1,Neal
69a15333-37a4-4169-8f2f-581bb1ea6b62,Jhonson
050b8107-09ca-459e-9569-968d7d6730f7,Phillips
e090ef93-74ce-41c2-8d1c-526af3d96a73,Davis
2619d602-7f02-4780-a3b4-b2b5d16dae9a,Davis
09d44219-d470-4775-bf25-c74073fa268e,Stclair
84ce0b37-d97d-4b51-935e-688409f349c2,McLaughlin
a3050b19-3617-4cfc-846e-493244e1142e,Forand
cae68187-e6a9-433a-8867-29b09f9cb3de,Wilson
8d3c36b2-ac26-4dfc-b2b2-b1f622c704e5,Allen
e6b05bb5-ea0d-4db1-9d02-eaa83050e756,Thompson
21affebb-5cce-4b68-8708-bd4e09a25f09,Hopkins
db0fd604-eb8d-4bf7-b9da-69739838d40e,Germann
f79cf3f0-0ae8-445b-9c90-77467e895a2e,Taylor
ba8f9507-fb50-4610-92ec-6013659fa473,Miller
9399750c-bafd-46c9-aff7-023b628764c0,Nelson
3d17976e-eaaf-4cfc-a35b-34846e87bc79,Nash
be142c3d-f4b9-4e08-8986-c2d63b317c93,Garcia
41d1b7cd-f33d-493b-be2c-b68c68f754a1,Breuer
c9afb986-634b-4ad1-9f4e-6634d5581244,Person
f736199e-a496-426e-bd1a-aed3dfcdcbfc,James
67a2288c-b085-444e-8b49-cd6354fa2323,Whatley
014f7c4a-4bd3-4499-89a5-9f900918d99c,Ramos
ad859c21-aace-4e02-a4ac-11a8c329b394,Fruge
6682a772-88ff-475c-9a3c-a57db640b92d,Dias
e9b202b8-0e6e-4d83-ad92-ee48b29c7834,Davis
bfaa1612-31c2-4629-b038-4e5713c93801,Unger
f683aab4-49c4-4869-b9cf-d0e071b7a855,Collins
606adab6-31b6-47cc-b582-936f7fa269f6,Driscoll
d20cf85e-4a45-459b-9984-d69b3a5513ed,Wendt
535bf455-9594-4e9a-85e4-e3ec3edf8f3e,Oakman
60c4f22e-8c3b-4b6d-b3dc-88501744e76b,Hamilton
f82aa864-1c37-4fd8-b409-444b0d27be09,Ramirez
e3c214bc-9661-4740-88bd-39975f16f86c,Stiltner
84333196-60b3-467b-88d6-579978e67449,Holliman
4167052b-3780-453a-8106-30a57e05dd6e,Clark
cde268ef-345e-4d2a-871a-713fe9924937,Hill
edd1c51f-680f-473f-8e91-a0640522e41f,Holley
074c5ad2-e7c0-455e-aef2-cefa284265c1,Gonzales
6143dcf7-442c-4c7e-b80c-bd847c90b737,Phillips
ff83e54e-645d-4449-bbaf-213219759f64,Emerson
8deed280-d080-41e5-b98e-81f02802862a,Elmore
450d3bdb-ce18-4163-a46b-d99bb69d7916,Vo
697f494d-9e8b-456a-9104-99867fb4f23f,Kennedy
194867bc-7ea4-4246-8a6d-ea87837ab3fe,Boden
050852b5-dbf2-4441-9d77-5a8ac51db2b0,Woodruff
520cf423-51d7-493a-ad99-5e99f8feb80c,Collier
86ba1da3-b763-4d38-b8e7-056f2b10a54f,Jack
840bee31-289f-44a2-8e6e-c1b88b0e398a,Black
194e74f0-fd64-4a9a-9b7f-31e97f5e1048,Grenier
302d24df-1a6f-429e-916d-ebcb4ee56a30,Lee
75a14970-69a3-4fbe-b3ad-a5f7e96d6f25,Pugh
23211626-0e71-44d3-ab7c-a47a70041202,Nealy
5ecfd7db-38fb-4396-84e5-bbbabbabe0db,Morrison
b829b41a-de70-4c48-92d4-18da44c3aa34,Lamy
bce0fd43-5275-4173-b9e4-b61769bcbb66,Horsley
18f70673-da7d-4d68-8600-b34c8d5879bc,Kennedy
0051d41f-33df-45de-988d-7f1acdaacd6e,Massey